eta [a.u.]     R [a.u.]       T [MeV]        R''/R eta^2 [] chi_T  [GeV^4] hlogchiH2 []

9.12062756E+26 7.83166120E-18 1.00000000E+07 0.00000000E+00 2.31599977E-44 -1.19652825E+01
9.18386142E+26 7.88615025E-18 9.93090553E+06 0.00000000E+00 2.45080914E-44 -1.19469747E+01
9.24753368E+26 7.94101707E-18 9.86229013E+06 0.00000000E+00 2.59346191E-44 -1.19286673E+01
9.31164739E+26 7.99626429E-18 9.79415044E+06 0.00000000E+00 2.74441424E-44 -1.19103604E+01
9.37620561E+26 8.05189454E-18 9.72648315E+06 0.00000000E+00 2.90414883E-44 -1.18920539E+01
9.44121140E+26 8.10791048E-18 9.65928496E+06 0.00000000E+00 3.07317640E-44 -1.18737479E+01
9.50666789E+26 8.16431478E-18 9.59255260E+06 0.00000000E+00 3.25203739E-44 -1.18554423E+01
9.57257819E+26 8.22111014E-18 9.52628281E+06 0.00000000E+00 3.44130365E-44 -1.18371371E+01
9.63894545E+26 8.27829926E-18 9.46047237E+06 0.00000000E+00 3.64158029E-44 -1.18188324E+01
9.70577284E+26 8.33588488E-18 9.39511807E+06 0.00000000E+00 3.85350757E-44 -1.18005280E+01
9.77306355E+26 8.39386975E-18 9.33021673E+06 0.00000000E+00 4.07776299E-44 -1.17822241E+01
9.84082079E+26 8.45225662E-18 9.26576519E+06 0.00000000E+00 4.31506342E-44 -1.17639206E+01
9.90904779E+26 8.51104830E-18 9.20176032E+06 0.00000000E+00 4.56616742E-44 -1.17456175E+01
9.97774782E+26 8.57024758E-18 9.13819899E+06 0.00000000E+00 4.83187763E-44 -1.17273149E+01
1.00469241E+27 8.62985730E-18 9.07507812E+06 0.00000000E+00 5.11304336E-44 -1.17090126E+01
1.01165801E+27 8.68988030E-18 9.01239463E+06 0.00000000E+00 5.41056326E-44 -1.16907107E+01
1.01867189E+27 8.75031944E-18 8.95014548E+06 0.00000000E+00 5.72538825E-44 -1.16724093E+01
1.02573441E+27 8.81117760E-18 8.88832762E+06 0.00000000E+00 6.05852451E-44 -1.16541082E+01
1.03284589E+27 8.87245771E-18 8.82693807E+06 0.00000000E+00 6.41103669E-44 -1.16358076E+01
1.04000667E+27 8.93416267E-18 8.76597383E+06 0.00000000E+00 6.78405135E-44 -1.16175073E+01
1.04721710E+27 8.99629543E-18 8.70543194E+06 0.00000000E+00 7.17876050E-44 -1.15992074E+01
1.05447752E+27 9.05885897E-18 8.64530945E+06 0.00000000E+00 7.59642546E-44 -1.15809080E+01
1.06178827E+27 9.12185626E-18 8.58560345E+06 0.00000000E+00 8.03838083E-44 -1.15626089E+01
1.06914971E+27 9.18529032E-18 8.52631102E+06 0.00000000E+00 8.50603881E-44 -1.15443101E+01
1.07656219E+27 9.24916417E-18 8.46742929E+06 0.00000000E+00 9.00089366E-44 -1.15260118E+01
1.08402606E+27 9.31348086E-18 8.40895540E+06 0.00000000E+00 9.52452648E-44 -1.15077139E+01
1.09154168E+27 9.37824347E-18 8.35088650E+06 0.00000000E+00 1.00786103E-43 -1.14894163E+01
1.09910941E+27 9.44345508E-18 8.29321977E+06 0.00000000E+00 1.06649153E-43 -1.14711191E+01
1.10672960E+27 9.50911880E-18 8.23595242E+06 0.00000000E+00 1.12853146E-43 -1.14528222E+01
1.11440262E+27 9.57523778E-18 8.17908165E+06 0.00000000E+00 1.19417901E-43 -1.14345258E+01
1.12212884E+27 9.64181516E-18 8.12260472E+06 0.00000000E+00 1.26364391E-43 -1.14162297E+01
1.12990863E+27 9.70885413E-18 8.06651886E+06 0.00000000E+00 1.33714806E-43 -1.13979339E+01
1.13774235E+27 9.77635789E-18 8.01082138E+06 0.00000000E+00 1.41492624E-43 -1.13796386E+01
1.14563039E+27 9.84432965E-18 7.95550954E+06 0.00000000E+00 1.49722691E-43 -1.13613435E+01
1.15357311E+27 9.91277266E-18 7.90058068E+06 0.00000000E+00 1.58431294E-43 -1.13430489E+01
1.16157091E+27 9.98169020E-18 7.84603213E+06 0.00000000E+00 1.67646250E-43 -1.13247546E+01
1.16962415E+27 1.00510855E-17 7.79186123E+06 0.00000000E+00 1.77396989E-43 -1.13064606E+01
1.17773322E+27 1.01209620E-17 7.73806537E+06 0.00000000E+00 1.87714654E-43 -1.12881670E+01
1.18589852E+27 1.01913229E-17 7.68464192E+06 0.00000000E+00 1.98632197E-43 -1.12698737E+01
1.19412042E+27 1.02621717E-17 7.63158830E+06 0.00000000E+00 2.10184485E-43 -1.12515808E+01
1.20239933E+27 1.03335116E-17 7.57890194E+06 0.00000000E+00 2.22408410E-43 -1.12332882E+01
1.21073564E+27 1.04053462E-17 7.52658027E+06 0.00000000E+00 2.35343008E-43 -1.12149960E+01
1.21912974E+27 1.04776788E-17 7.47462076E+06 0.00000000E+00 2.49029585E-43 -1.11967041E+01
1.22758204E+27 1.05505128E-17 7.42302089E+06 0.00000000E+00 2.63511844E-43 -1.11784125E+01
1.23609294E+27 1.06238519E-17 7.37177816E+06 0.00000000E+00 2.78836030E-43 -1.11601212E+01
1.24466285E+27 1.06976994E-17 7.32089009E+06 0.00000000E+00 2.95051073E-43 -1.11418303E+01
1.25329217E+27 1.07720589E-17 7.27035420E+06 0.00000000E+00 3.12208748E-43 -1.11235397E+01
1.26198132E+27 1.08469339E-17 7.22016804E+06 0.00000000E+00 3.30363836E-43 -1.11052495E+01
1.27073072E+27 1.09223281E-17 7.17032919E+06 0.00000000E+00 3.49574302E-43 -1.10869595E+01
1.27954077E+27 1.09982449E-17 7.12083523E+06 0.00000000E+00 3.69901479E-43 -1.10686699E+01
1.28841190E+27 1.10746881E-17 7.07168376E+06 0.00000000E+00 3.91410263E-43 -1.10503806E+01
1.29734454E+27 1.11516613E-17 7.02287240E+06 0.00000000E+00 4.14169321E-43 -1.10320916E+01
1.30633911E+27 1.12291681E-17 6.97439878E+06 0.00000000E+00 4.38251309E-43 -1.10138030E+01
1.31539603E+27 1.13072123E-17 6.92626056E+06 0.00000000E+00 4.63733103E-43 -1.09955146E+01
1.32451575E+27 1.13857976E-17 6.87845540E+06 0.00000000E+00 4.90696047E-43 -1.09772266E+01
1.33369870E+27 1.14649278E-17 6.83098099E+06 0.00000000E+00 5.19226210E-43 -1.09589388E+01
1.34294531E+27 1.15446065E-17 6.78383503E+06 0.00000000E+00 5.49414662E-43 -1.09406514E+01
1.35225604E+27 1.16248377E-17 6.73701523E+06 0.00000000E+00 5.81357762E-43 -1.09223642E+01
1.36163131E+27 1.17056251E-17 6.69051933E+06 0.00000000E+00 6.15157469E-43 -1.09040774E+01
1.37107158E+27 1.17869726E-17 6.64434508E+06 0.00000000E+00 6.50921663E-43 -1.08857909E+01
1.38057730E+27 1.18688841E-17 6.59849024E+06 0.00000000E+00 6.88764493E-43 -1.08675046E+01
1.39014893E+27 1.19513635E-17 6.55295259E+06 0.00000000E+00 7.28806739E-43 -1.08492187E+01
1.39978691E+27 1.20344147E-17 6.50772994E+06 0.00000000E+00 7.71176194E-43 -1.08309331E+01
1.40949172E+27 1.21180418E-17 6.46282008E+06 0.00000000E+00 8.16008080E-43 -1.08126477E+01
1.41926381E+27 1.22022486E-17 6.41822084E+06 0.00000000E+00 8.63445470E-43 -1.07943626E+01
1.42910365E+27 1.22870392E-17 6.37393008E+06 0.00000000E+00 9.13639749E-43 -1.07760779E+01
1.43901172E+27 1.23724178E-17 6.32994564E+06 0.00000000E+00 9.66751098E-43 -1.07577934E+01
1.44898847E+27 1.24583882E-17 6.28626539E+06 0.00000000E+00 1.02294900E-42 -1.07395091E+01
1.45903439E+27 1.25449547E-17 6.24288724E+06 0.00000000E+00 1.08241278E-42 -1.07212252E+01
1.46914997E+27 1.26321213E-17 6.19980906E+06 0.00000000E+00 1.14533219E-42 -1.07029416E+01
1.47933567E+27 1.27198923E-17 6.15702879E+06 0.00000000E+00 1.21190799E-42 -1.06846582E+01
1.48959200E+27 1.28082718E-17 6.11454435E+06 0.00000000E+00 1.28235261E-42 -1.06663751E+01
1.49991943E+27 1.28972641E-17 6.07235369E+06 0.00000000E+00 1.35689082E-42 -1.06480923E+01
1.51031846E+27 1.29868733E-17 6.03045477E+06 0.00000000E+00 1.43576045E-42 -1.06298097E+01
1.52078959E+27 1.30771038E-17 5.98884556E+06 0.00000000E+00 1.51921312E-42 -1.06115274E+01
1.53133331E+27 1.31679599E-17 5.94752406E+06 0.00000000E+00 1.60751510E-42 -1.05932454E+01
1.54195014E+27 1.32594459E-17 5.90648825E+06 0.00000000E+00 1.70094809E-42 -1.05749636E+01
1.55264057E+27 1.33515662E-17 5.86573617E+06 0.00000000E+00 1.79981019E-42 -1.05566822E+01
1.56340512E+27 1.34443251E-17 5.82526584E+06 0.00000000E+00 1.90441677E-42 -1.05384009E+01
1.57424431E+27 1.35377272E-17 5.78507530E+06 0.00000000E+00 2.01510157E-42 -1.05201200E+01
1.58515864E+27 1.36317768E-17 5.74516261E+06 0.00000000E+00 2.13221765E-42 -1.05018393E+01
1.59614864E+27 1.37264785E-17 5.70552585E+06 0.00000000E+00 2.25613864E-42 -1.04835588E+01
1.60721483E+27 1.38218368E-17 5.66616310E+06 0.00000000E+00 2.38725983E-42 -1.04652786E+01
1.61835775E+27 1.39178561E-17 5.62707245E+06 0.00000000E+00 2.52599947E-42 -1.04469987E+01
1.62957792E+27 1.40145412E-17 5.58825203E+06 0.00000000E+00 2.67280012E-42 -1.04287190E+01
1.64087588E+27 1.41118966E-17 5.54969994E+06 0.00000000E+00 2.82813002E-42 -1.04104396E+01
1.65225217E+27 1.42099270E-17 5.51141434E+06 0.00000000E+00 2.99248463E-42 -1.03921604E+01
1.66370734E+27 1.43086371E-17 5.47339337E+06 0.00000000E+00 3.16638817E-42 -1.03738814E+01
1.67524192E+27 1.44080315E-17 5.43563519E+06 0.00000000E+00 3.35039529E-42 -1.03556027E+01
1.68685647E+27 1.45081150E-17 5.39813799E+06 0.00000000E+00 3.54509288E-42 -1.03373243E+01
1.69855155E+27 1.46088924E-17 5.36089995E+06 0.00000000E+00 3.75110189E-42 -1.03190461E+01
1.71032771E+27 1.47103685E-17 5.32391928E+06 0.00000000E+00 3.96907935E-42 -1.03007681E+01
1.72218552E+27 1.48125481E-17 5.28719418E+06 0.00000000E+00 4.19972044E-42 -1.02824903E+01
1.73412553E+27 1.49154362E-17 5.25072290E+06 0.00000000E+00 4.44376069E-42 -1.02642128E+01
1.74614833E+27 1.50190376E-17 5.21450365E+06 0.00000000E+00 4.70197839E-42 -1.02459356E+01
1.75825448E+27 1.51233573E-17 5.17853471E+06 0.00000000E+00 4.97519698E-42 -1.02276586E+01
1.77044457E+27 1.52284002E-17 5.14281432E+06 0.00000000E+00 5.26428774E-42 -1.02093818E+01
1.78271916E+27 1.53341714E-17 5.10734078E+06 0.00000000E+00 5.57017255E-42 -1.01911052E+01
1.79507886E+27 1.54406759E-17 5.07211236E+06 0.00000000E+00 5.89382682E-42 -1.01728289E+01
1.80752425E+27 1.55479189E-17 5.03712736E+06 0.00000000E+00 6.23628259E-42 -1.01545527E+01
1.82005593E+27 1.56559053E-17 5.00238411E+06 0.00000000E+00 6.59863185E-42 -1.01362769E+01
1.83267449E+27 1.57646405E-17 4.96788091E+06 0.00000000E+00 6.98202999E-42 -1.01180012E+01
1.84538053E+27 1.58741295E-17 4.93361612E+06 0.00000000E+00 7.38769950E-42 -1.00997258E+01
1.85817466E+27 1.59843776E-17 4.89958807E+06 0.00000000E+00 7.81693383E-42 -1.00814505E+01
1.87105750E+27 1.60953900E-17 4.86579512E+06 0.00000000E+00 8.27110157E-42 -1.00631755E+01
1.88402965E+27 1.62071721E-17 4.83223565E+06 0.00000000E+00 8.75165077E-42 -1.00449008E+01
1.89709175E+27 1.63197293E-17 4.79890803E+06 0.00000000E+00 9.26011356E-42 -1.00266262E+01
1.91024440E+27 1.64330667E-17 4.76581065E+06 0.00000000E+00 9.79811103E-42 -1.00083519E+01
1.92348824E+27 1.65471900E-17 4.73294193E+06 0.00000000E+00 1.03673584E-41 -9.99007772E+00
1.93682390E+27 1.66621045E-17 4.70030028E+06 0.00000000E+00 1.09696705E-41 -9.97180380E+00
1.95025201E+27 1.67778157E-17 4.66788412E+06 0.00000000E+00 1.16069676E-41 -9.95353009E+00
1.96377323E+27 1.68943291E-17 4.63569189E+06 0.00000000E+00 1.22812812E-41 -9.93525658E+00
1.97738819E+27 1.70116504E-17 4.60372204E+06 0.00000000E+00 1.29947612E-41 -9.91698329E+00
1.99109754E+27 1.71297850E-17 4.57197303E+06 0.00000000E+00 1.37496818E-41 -9.89871020E+00
2.00490194E+27 1.72487387E-17 4.54044332E+06 0.00000000E+00 1.45484498E-41 -9.88043732E+00
2.01880204E+27 1.73685171E-17 4.50913140E+06 0.00000000E+00 1.53936113E-41 -9.86216464E+00
2.03279852E+27 1.74891259E-17 4.47803576E+06 0.00000000E+00 1.62878605E-41 -9.84389217E+00
2.04689203E+27 1.76105709E-17 4.44715490E+06 0.00000000E+00 1.72340479E-41 -9.82561989E+00
2.06108326E+27 1.77328580E-17 4.41648733E+06 0.00000000E+00 1.82351895E-41 -9.80734782E+00
2.07537287E+27 1.78559928E-17 4.38603158E+06 0.00000000E+00 1.92944764E-41 -9.78907594E+00
2.08976156E+27 1.79799813E-17 4.35578617E+06 0.00000000E+00 2.04152851E-41 -9.77080426E+00
2.10425000E+27 1.81048295E-17 4.32574965E+06 0.00000000E+00 2.16011881E-41 -9.75253278E+00
2.11883889E+27 1.82305433E-17 4.29592058E+06 0.00000000E+00 2.28559652E-41 -9.73426149E+00
2.13352893E+27 1.83571286E-17 4.26629751E+06 0.00000000E+00 2.41836157E-41 -9.71599039E+00
2.14832082E+27 1.84845916E-17 4.23687901E+06 0.00000000E+00 2.55883712E-41 -9.69771949E+00
2.16321525E+27 1.86129383E-17 4.20766368E+06 0.00000000E+00 2.70747088E-41 -9.67944878E+00
2.17821296E+27 1.87421748E-17 4.17865011E+06 0.00000000E+00 2.86473656E-41 -9.66117825E+00
2.19331464E+27 1.88723073E-17 4.14983689E+06 0.00000000E+00 3.03113539E-41 -9.64290791E+00
2.20852102E+27 1.90033421E-17 4.12122264E+06 0.00000000E+00 3.20719766E-41 -9.62463776E+00
2.22383283E+27 1.91352853E-17 4.09280598E+06 0.00000000E+00 3.39348450E-41 -9.60636780E+00
2.23925080E+27 1.92681433E-17 4.06458554E+06 0.00000000E+00 3.59058956E-41 -9.58809802E+00
2.25477566E+27 1.94019224E-17 4.03655997E+06 0.00000000E+00 3.79914099E-41 -9.56982842E+00
2.27040815E+27 1.95366291E-17 4.00872792E+06 0.00000000E+00 4.01980340E-41 -9.55155900E+00
2.28614903E+27 1.96722696E-17 3.98108804E+06 0.00000000E+00 4.25327999E-41 -9.53328977E+00
2.30199904E+27 1.98088506E-17 3.95363900E+06 0.00000000E+00 4.50031476E-41 -9.51502071E+00
2.31795894E+27 1.99463785E-17 3.92637949E+06 0.00000000E+00 4.76169493E-41 -9.49675183E+00
2.33402948E+27 2.00848599E-17 3.89930819E+06 0.00000000E+00 5.03825340E-41 -9.47848313E+00
2.35021145E+27 2.02243014E-17 3.87242380E+06 0.00000000E+00 5.33087144E-41 -9.46021461E+00
2.36650561E+27 2.03647097E-17 3.84572502E+06 0.00000000E+00 5.64048145E-41 -9.44194626E+00
2.38291274E+27 2.05060914E-17 3.81921057E+06 0.00000000E+00 5.96807000E-41 -9.42367808E+00
2.39943361E+27 2.06484534E-17 3.79287917E+06 0.00000000E+00 6.31468089E-41 -9.40541007E+00
2.41606903E+27 2.07918023E-17 3.76672956E+06 0.00000000E+00 6.68141854E-41 -9.38714224E+00
2.43281978E+27 2.09361452E-17 3.74076048E+06 0.00000000E+00 7.06945148E-41 -9.36887458E+00
2.44968667E+27 2.10814887E-17 3.71497068E+06 0.00000000E+00 7.48001607E-41 -9.35060708E+00
2.46667049E+27 2.12278400E-17 3.68935891E+06 0.00000000E+00 7.91442043E-41 -9.33233975E+00
2.48377207E+27 2.13752059E-17 3.66392395E+06 0.00000000E+00 8.37404863E-41 -9.31407259E+00
2.50099221E+27 2.15235935E-17 3.63866457E+06 0.00000000E+00 8.86036508E-41 -9.29580560E+00
2.51833174E+27 2.16730099E-17 3.61357955E+06 0.00000000E+00 9.37491919E-41 -9.27753876E+00
2.53579149E+27 2.18234622E-17 3.58866770E+06 0.00000000E+00 9.91935033E-41 -9.25927210E+00
2.55337228E+27 2.19749577E-17 3.56392781E+06 0.00000000E+00 1.04953930E-40 -9.24100559E+00
2.57107497E+27 2.21275034E-17 3.53935868E+06 0.00000000E+00 1.11048824E-40 -9.22273925E+00
2.58890038E+27 2.22811068E-17 3.51495915E+06 0.00000000E+00 1.17497603E-40 -9.20447306E+00
2.60684939E+27 2.24357752E-17 3.49072804E+06 0.00000000E+00 1.24320811E-40 -9.18620704E+00
2.62492283E+27 2.25915158E-17 3.46666417E+06 0.00000000E+00 1.31540186E-40 -9.16794117E+00
2.64312158E+27 2.27483363E-17 3.44276640E+06 0.00000000E+00 1.39178725E-40 -9.14967546E+00
2.66144650E+27 2.29062440E-17 3.41903358E+06 0.00000000E+00 1.47260763E-40 -9.13140990E+00
2.67989847E+27 2.30652465E-17 3.39546456E+06 0.00000000E+00 1.55812045E-40 -9.11314450E+00
2.69847837E+27 2.32253513E-17 3.37205821E+06 0.00000000E+00 1.64859813E-40 -9.09487926E+00
2.71718708E+27 2.33865662E-17 3.34881340E+06 0.00000000E+00 1.74432887E-40 -9.07661416E+00
2.73602550E+27 2.35488989E-17 3.32572902E+06 0.00000000E+00 1.84561764E-40 -9.05834922E+00
2.75499453E+27 2.37123569E-17 3.30280396E+06 0.00000000E+00 1.95278707E-40 -9.04008443E+00
2.77409507E+27 2.38769483E-17 3.28003712E+06 0.00000000E+00 2.06617854E-40 -9.02181979E+00
2.79332804E+27 2.40426808E-17 3.25742739E+06 0.00000000E+00 2.18615324E-40 -9.00355530E+00
2.81269435E+27 2.42095624E-17 3.23497370E+06 0.00000000E+00 2.31309332E-40 -8.98529096E+00
2.83219493E+27 2.43776009E-17 3.21267497E+06 0.00000000E+00 2.44740312E-40 -8.96702676E+00
2.85183071E+27 2.45468045E-17 3.19053012E+06 0.00000000E+00 2.58951044E-40 -8.94876271E+00
2.87160262E+27 2.47171812E-17 3.16853809E+06 0.00000000E+00 2.73986792E-40 -8.93049881E+00
2.89151162E+27 2.48887392E-17 3.14669782E+06 0.00000000E+00 2.89895446E-40 -8.91223504E+00
2.91155864E+27 2.50614865E-17 3.12500826E+06 0.00000000E+00 3.06727676E-40 -8.89397143E+00
2.93174465E+27 2.52354316E-17 3.10346838E+06 0.00000000E+00 3.24537094E-40 -8.87570795E+00
2.95207062E+27 2.54105826E-17 3.08207713E+06 0.00000000E+00 3.43380422E-40 -8.85744462E+00
2.97253750E+27 2.55869480E-17 3.06083349E+06 0.00000000E+00 3.63317676E-40 -8.83918142E+00
2.99314628E+27 2.57645362E-17 3.03973643E+06 0.00000000E+00 3.84412353E-40 -8.82091837E+00
3.01389795E+27 2.59433556E-17 3.01878495E+06 0.00000000E+00 4.06731638E-40 -8.80265545E+00
3.03479348E+27 2.61234147E-17 2.99797803E+06 0.00000000E+00 4.30346613E-40 -8.78439268E+00
3.05583389E+27 2.63047223E-17 2.97731469E+06 0.00000000E+00 4.55332486E-40 -8.76613004E+00
3.07702017E+27 2.64872869E-17 2.95679391E+06 0.00000000E+00 4.81768832E-40 -8.74786753E+00
3.09835333E+27 2.66711172E-17 2.93641473E+06 0.00000000E+00 5.09739841E-40 -8.72960516E+00
3.11983440E+27 2.68562221E-17 2.91617615E+06 0.00000000E+00 5.39334593E-40 -8.71134293E+00
3.14146440E+27 2.70426103E-17 2.89607722E+06 0.00000000E+00 5.70647335E-40 -8.69308082E+00
3.16324437E+27 2.72302907E-17 2.87611695E+06 0.00000000E+00 6.03777785E-40 -8.67481885E+00
3.18517533E+27 2.74192724E-17 2.85629440E+06 0.00000000E+00 6.38831448E-40 -8.65655702E+00
3.20725834E+27 2.76095644E-17 2.83660861E+06 0.00000000E+00 6.75919953E-40 -8.63829531E+00
3.22949446E+27 2.78011756E-17 2.81705864E+06 0.00000000E+00 7.15161407E-40 -8.62003373E+00
3.25188474E+27 2.79941153E-17 2.79764355E+06 0.00000000E+00 7.56680770E-40 -8.60177229E+00
3.27443025E+27 2.81883927E-17 2.77836240E+06 0.00000000E+00 8.00610257E-40 -8.58351097E+00
3.29713207E+27 2.83840171E-17 2.75921427E+06 0.00000000E+00 8.47089755E-40 -8.56524978E+00
3.31999129E+27 2.85809977E-17 2.74019824E+06 0.00000000E+00 8.96267267E-40 -8.54698871E+00
3.34300899E+27 2.87793440E-17 2.72131339E+06 0.00000000E+00 9.48299389E-40 -8.52872777E+00
3.36618627E+27 2.89790655E-17 2.70255883E+06 0.00000000E+00 1.00335180E-39 -8.51046696E+00
3.38952424E+27 2.91801717E-17 2.68393365E+06 0.00000000E+00 1.06159981E-39 -8.49220627E+00
3.41302402E+27 2.93826723E-17 2.66543695E+06 0.00000000E+00 1.12322887E-39 -8.47394571E+00
3.43668672E+27 2.95865767E-17 2.64706785E+06 0.00000000E+00 1.18843523E-39 -8.45568527E+00
3.46051348E+27 2.97918949E-17 2.62882546E+06 0.00000000E+00 1.25742650E-39 -8.43742495E+00
3.48450542E+27 2.99986366E-17 2.61070892E+06 0.00000000E+00 1.33042236E-39 -8.41916475E+00
3.50866371E+27 3.02068117E-17 2.59271735E+06 0.00000000E+00 1.40765523E-39 -8.40090467E+00
3.53298949E+27 3.04164300E-17 2.57484988E+06 0.00000000E+00 1.48937102E-39 -8.38264471E+00
3.55748392E+27 3.06275017E-17 2.55710566E+06 0.00000000E+00 1.57582989E-39 -8.36438488E+00
3.58214817E+27 3.08400368E-17 2.53948384E+06 0.00000000E+00 1.66730714E-39 -8.34612516E+00
3.60698342E+27 3.10540454E-17 2.52198357E+06 0.00000000E+00 1.76409400E-39 -8.32786556E+00
3.63199085E+27 3.12695378E-17 2.50460402E+06 0.00000000E+00 1.86649864E-39 -8.30960607E+00
3.65717166E+27 3.14865242E-17 2.48734434E+06 0.00000000E+00 1.97484708E-39 -8.29134670E+00
3.68252705E+27 3.17050151E-17 2.47020371E+06 0.00000000E+00 2.08948429E-39 -8.27308745E+00
3.70805823E+27 3.19250207E-17 2.45318131E+06 0.00000000E+00 2.21077523E-39 -8.25482831E+00
3.73376643E+27 3.21465518E-17 2.43627632E+06 0.00000000E+00 2.33910606E-39 -8.23656929E+00
3.75965285E+27 3.23696187E-17 2.41948793E+06 0.00000000E+00 2.47488533E-39 -8.21831038E+00
3.78571875E+27 3.25942322E-17 2.40281533E+06 0.00000000E+00 2.61854532E-39 -8.20005158E+00
3.81196537E+27 3.28204029E-17 2.38625773E+06 0.00000000E+00 2.77054339E-39 -8.18179290E+00
3.83839395E+27 3.30481418E-17 2.36981432E+06 0.00000000E+00 2.93136341E-39 -8.16353433E+00
3.86500577E+27 3.32774596E-17 2.35348433E+06 0.00000000E+00 3.10151738E-39 -8.14527586E+00
3.89180209E+27 3.35083673E-17 2.33726696E+06 0.00000000E+00 3.28154696E-39 -8.12701751E+00
3.91878419E+27 3.37408760E-17 2.32116144E+06 0.00000000E+00 3.47202527E-39 -8.10875927E+00
3.94595335E+27 3.39749967E-17 2.30516700E+06 0.00000000E+00 3.67355868E-39 -8.09050114E+00
3.97331089E+27 3.42107405E-17 2.28928287E+06 0.00000000E+00 3.88678876E-39 -8.07224311E+00
4.00085809E+27 3.44481189E-17 2.27350828E+06 0.00000000E+00 4.11239427E-39 -8.05398520E+00
4.02859628E+27 3.46871430E-17 2.25784248E+06 0.00000000E+00 4.35109341E-39 -8.03572739E+00
4.05652678E+27 3.49278243E-17 2.24228473E+06 0.00000000E+00 4.60364601E-39 -8.01746968E+00
4.08465093E+27 3.51701744E-17 2.22683426E+06 0.00000000E+00 4.87085601E-39 -7.99921209E+00
4.11297006E+27 3.54142046E-17 2.21149035E+06 0.00000000E+00 5.15357399E-39 -7.98095459E+00
4.14148553E+27 3.56599268E-17 2.19625225E+06 0.00000000E+00 5.45269990E-39 -7.96269721E+00
4.17019870E+27 3.59073527E-17 2.18111924E+06 0.00000000E+00 5.76918590E-39 -7.94443992E+00
4.19911093E+27 3.61564940E-17 2.16609059E+06 0.00000000E+00 6.10403939E-39 -7.92618274E+00
4.22822362E+27 3.64073626E-17 2.15116558E+06 0.00000000E+00 6.45832626E-39 -7.90792567E+00
4.25753815E+27 3.66599706E-17 2.13634349E+06 0.00000000E+00 6.83317420E-39 -7.88966869E+00
4.28705592E+27 3.69143300E-17 2.12162361E+06 0.00000000E+00 7.22977636E-39 -7.87141182E+00
4.31677834E+27 3.71704529E-17 2.10700524E+06 0.00000000E+00 7.64939513E-39 -7.85315505E+00
4.34670682E+27 3.74283515E-17 2.09248767E+06 0.00000000E+00 8.09336614E-39 -7.83489838E+00
4.37684280E+27 3.76880382E-17 2.07807021E+06 0.00000000E+00 8.56310249E-39 -7.81664181E+00
4.40718772E+27 3.79495254E-17 2.06375217E+06 0.00000000E+00 9.06009933E-39 -7.79838533E+00
4.43774302E+27 3.82128255E-17 2.04953286E+06 0.00000000E+00 9.58593851E-39 -7.78012896E+00
4.46851016E+27 3.84779512E-17 2.03541161E+06 0.00000000E+00 1.01422937E-38 -7.76187269E+00
4.49949061E+27 3.87449150E-17 2.02138772E+06 0.00000000E+00 1.07309356E-38 -7.74361651E+00
4.53068585E+27 3.90137297E-17 2.00746053E+06 0.00000000E+00 1.13537379E-38 -7.72536044E+00
4.56209736E+27 3.92844082E-17 1.99362938E+06 0.00000000E+00 1.20126826E-38 -7.70710445E+00
4.59372666E+27 3.95569634E-17 1.97989360E+06 0.00000000E+00 1.27098670E-38 -7.68884857E+00
4.62557524E+27 3.98314083E-17 1.96625253E+06 0.00000000E+00 1.34475100E-38 -7.67059278E+00
4.65764463E+27 4.01077560E-17 1.95270551E+06 0.00000000E+00 1.42279594E-38 -7.65233709E+00
4.68993637E+27 4.03860196E-17 1.93925190E+06 0.00000000E+00 1.50536988E-38 -7.63408149E+00
4.72245198E+27 4.06662126E-17 1.92589106E+06 0.00000000E+00 1.59273564E-38 -7.61582599E+00
4.75519302E+27 4.09483481E-17 1.91262234E+06 0.00000000E+00 1.68517126E-38 -7.59757058E+00
4.78816106E+27 4.12324398E-17 1.89944511E+06 0.00000000E+00 1.78297092E-38 -7.57931526E+00
4.82135767E+27 4.15185012E-17 1.88635873E+06 0.00000000E+00 1.88644585E-38 -7.56106004E+00
4.85478443E+27 4.18065459E-17 1.87336257E+06 0.00000000E+00 1.99592538E-38 -7.54280490E+00
4.88844295E+27 4.20965877E-17 1.86045603E+06 0.00000000E+00 2.11175790E-38 -7.52454987E+00
4.92233482E+27 4.23886405E-17 1.84763847E+06 0.00000000E+00 2.23431205E-38 -7.50629492E+00
4.95646166E+27 4.26827181E-17 1.83490928E+06 0.00000000E+00 2.36397783E-38 -7.48804006E+00
4.99082511E+27 4.29788346E-17 1.82226785E+06 0.00000000E+00 2.50116790E-38 -7.46978530E+00
5.02542680E+27 4.32770042E-17 1.80971359E+06 0.00000000E+00 2.64631881E-38 -7.45153062E+00
5.06026839E+27 4.35772411E-17 1.79724587E+06 0.00000000E+00 2.79989250E-38 -7.43327604E+00
5.09535153E+27 4.38795597E-17 1.78486411E+06 0.00000000E+00 2.96237767E-38 -7.41502154E+00
5.13067791E+27 4.41839742E-17 1.77256772E+06 0.00000000E+00 3.13429138E-38 -7.39676713E+00
5.16624921E+27 4.44904994E-17 1.76035610E+06 0.00000000E+00 3.31618070E-38 -7.37851282E+00
5.20206713E+27 4.47991498E-17 1.74822867E+06 0.00000000E+00 3.50862442E-38 -7.36025859E+00
5.23813337E+27 4.51099402E-17 1.73618485E+06 0.00000000E+00 3.71223493E-38 -7.34200444E+00
5.27444967E+27 4.54228854E-17 1.72422407E+06 0.00000000E+00 3.92766013E-38 -7.32375039E+00
5.31101774E+27 4.57380003E-17 1.71234574E+06 0.00000000E+00 4.15558554E-38 -7.30549642E+00
5.34783935E+27 4.60553000E-17 1.70054930E+06 0.00000000E+00 4.39673640E-38 -7.28724254E+00
5.38491624E+27 4.63747996E-17 1.68883418E+06 0.00000000E+00 4.65188008E-38 -7.26898875E+00
5.42225019E+27 4.66965144E-17 1.67719983E+06 0.00000000E+00 4.92182844E-38 -7.25073504E+00
5.45984298E+27 4.70204598E-17 1.66564568E+06 0.00000000E+00 5.20744043E-38 -7.23248141E+00
5.49769640E+27 4.73466512E-17 1.65417119E+06 0.00000000E+00 5.50962485E-38 -7.21422788E+00
5.53581226E+27 4.76751042E-17 1.64277579E+06 0.00000000E+00 5.82934324E-38 -7.19597442E+00
5.57419238E+27 4.80058344E-17 1.63145896E+06 0.00000000E+00 6.16761288E-38 -7.17772105E+00
5.61283859E+27 4.83388577E-17 1.62022014E+06 0.00000000E+00 6.52551010E-38 -7.15946777E+00
5.65175274E+27 4.86741900E-17 1.60905879E+06 0.00000000E+00 6.90417367E-38 -7.14121457E+00
5.69093668E+27 4.90118473E-17 1.59797439E+06 0.00000000E+00 7.30480840E-38 -7.12296145E+00
5.73039229E+27 4.93518456E-17 1.58696640E+06 0.00000000E+00 7.72868902E-38 -7.10470842E+00
5.77012144E+27 4.96942013E-17 1.57603429E+06 0.00000000E+00 8.17716420E-38 -7.08645546E+00
5.81012604E+27 5.00389306E-17 1.56517754E+06 0.00000000E+00 8.65166085E-38 -7.06820260E+00
5.85040800E+27 5.03860501E-17 1.55439563E+06 0.00000000E+00 9.15368867E-38 -7.04994981E+00
5.89096923E+27 5.07355762E-17 1.54368804E+06 0.00000000E+00 9.68484492E-38 -7.03169710E+00
5.93181167E+27 5.10875258E-17 1.53305426E+06 0.00000000E+00 1.02468196E-37 -7.01344448E+00
5.97293728E+27 5.14419156E-17 1.52249379E+06 0.00000000E+00 1.08414005E-37 -6.99519194E+00
6.01434801E+27 5.17987624E-17 1.51200611E+06 0.00000000E+00 1.14704795E-37 -6.97693948E+00
6.05604585E+27 5.21580834E-17 1.50159073E+06 0.00000000E+00 1.21360580E-37 -6.95868710E+00
6.09803278E+27 5.25198958E-17 1.49124713E+06 0.00000000E+00 1.28402534E-37 -6.94043480E+00
6.14031081E+27 5.28842167E-17 1.48097484E+06 0.00000000E+00 1.35853063E-37 -6.92218257E+00
6.18288196E+27 5.32510636E-17 1.47077336E+06 0.00000000E+00 1.43735868E-37 -6.90393043E+00
6.22574825E+27 5.36204540E-17 1.46064219E+06 0.00000000E+00 1.52076029E-37 -6.88567837E+00
6.26891174E+27 5.39924055E-17 1.45058086E+06 0.00000000E+00 1.60900079E-37 -6.86742639E+00
6.31237448E+27 5.43669359E-17 1.44058888E+06 0.00000000E+00 1.70236091E-37 -6.84917449E+00
6.35613855E+27 5.47440631E-17 1.43066577E+06 0.00000000E+00 1.80113764E-37 -6.83092267E+00
6.40020604E+27 5.51238050E-17 1.42081107E+06 0.00000000E+00 1.90564524E-37 -6.81267092E+00
6.44457906E+27 5.55061799E-17 1.41102428E+06 0.00000000E+00 2.01621616E-37 -6.79441926E+00
6.48925971E+27 5.58912059E-17 1.40130496E+06 0.00000000E+00 2.13320216E-37 -6.77616767E+00
6.53425014E+27 5.62789015E-17 1.39165263E+06 0.00000000E+00 2.25697540E-37 -6.75791616E+00
6.57955249E+27 5.66692851E-17 1.38206683E+06 0.00000000E+00 2.38792962E-37 -6.73966472E+00
6.62516892E+27 5.70623755E-17 1.37254710E+06 0.00000000E+00 2.52648141E-37 -6.72141337E+00
6.67110162E+27 5.74581913E-17 1.36309298E+06 0.00000000E+00 2.67307151E-37 -6.70316209E+00
6.71735277E+27 5.78567514E-17 1.35370403E+06 0.00000000E+00 2.82816625E-37 -6.68491089E+00
6.76392458E+27 5.82580750E-17 1.34437980E+06 0.00000000E+00 2.99225899E-37 -6.66665977E+00
6.81081928E+27 5.86621811E-17 1.33511983E+06 0.00000000E+00 3.16587172E-37 -6.64840872E+00
6.85803910E+27 5.90690891E-17 1.32592368E+06 0.00000000E+00 3.34955670E-37 -6.63015775E+00
6.90558630E+27 5.94788184E-17 1.31679092E+06 0.00000000E+00 3.54389823E-37 -6.61190686E+00
6.95346314E+27 5.98913885E-17 1.30772110E+06 0.00000000E+00 3.74951449E-37 -6.59365604E+00
7.00167192E+27 6.03068192E-17 1.29871380E+06 0.00000000E+00 3.96705955E-37 -6.57540530E+00
7.05021493E+27 6.07251302E-17 1.28976858E+06 0.00000000E+00 4.19722538E-37 -6.55715463E+00
7.09909450E+27 6.11463416E-17 1.28088501E+06 0.00000000E+00 4.44074412E-37 -6.53890404E+00
7.14831295E+27 6.15704735E-17 1.27206267E+06 0.00000000E+00 4.69839035E-37 -6.52065353E+00
7.19787263E+27 6.19975460E-17 1.26330113E+06 0.00000000E+00 4.97098360E-37 -6.50240309E+00
7.24777592E+27 6.24275797E-17 1.25459998E+06 0.00000000E+00 5.25939092E-37 -6.48415273E+00
7.29802519E+27 6.28605951E-17 1.24595880E+06 0.00000000E+00 5.56452967E-37 -6.46590244E+00
7.34862283E+27 6.32966127E-17 1.23737718E+06 0.00000000E+00 5.88737040E-37 -6.44765223E+00
7.39957128E+27 6.37356535E-17 1.22885470E+06 0.00000000E+00 6.22893998E-37 -6.42940209E+00
7.45087295E+27 6.41777384E-17 1.22039096E+06 0.00000000E+00 6.59032481E-37 -6.41115203E+00
7.50253030E+27 6.46228886E-17 1.21198555E+06 0.00000000E+00 6.97267433E-37 -6.39290204E+00
7.55454580E+27 6.50711251E-17 1.20363807E+06 0.00000000E+00 7.37720464E-37 -6.37465213E+00
7.60692192E+27 6.55224696E-17 1.19534813E+06 0.00000000E+00 7.80520237E-37 -6.35640230E+00
7.65966117E+27 6.59769435E-17 1.18711531E+06 0.00000000E+00 8.25802878E-37 -6.33815253E+00
7.71276606E+27 6.64345685E-17 1.17893924E+06 0.00000000E+00 8.73712410E-37 -6.31990284E+00
7.76623913E+27 6.68953665E-17 1.17081951E+06 0.00000000E+00 9.24401207E-37 -6.30165323E+00
7.82008294E+27 6.73593595E-17 1.16275575E+06 0.00000000E+00 9.78030483E-37 -6.28340369E+00
7.87430004E+27 6.78265696E-17 1.15474756E+06 -4.41352692E-16 1.03477080E-36 -6.26515423E+00
7.92889304E+27 6.82970192E-17 1.14679456E+06 0.00000000E+00 1.09480262E-36 -6.24690484E+00
7.98386453E+27 6.87707306E-17 1.13889637E+06 -4.41348394E-16 1.15831685E-36 -6.22865552E+00
8.03921715E+27 6.92477266E-17 1.13105261E+06 -4.41346277E-16 1.22551551E-36 -6.21040628E+00
8.09495352E+27 6.97280300E-17 1.12326291E+06 -4.41344182E-16 1.29661229E-36 -6.19215711E+00
8.15107632E+27 7.02116635E-17 1.11552690E+06 -4.41342107E-16 1.37183330E-36 -6.17390802E+00
8.20758823E+27 7.06986504E-17 1.10784419E+06 -4.41340055E-16 1.45141777E-36 -6.15565900E+00
8.26449193E+27 7.11890139E-17 1.10021444E+06 -8.82676046E-16 1.53561879E-36 -6.13741006E+00
8.32179015E+27 7.16827774E-17 1.09263727E+06 -1.76534405E-15 1.62470412E-36 -6.11916119E+00
8.37948562E+27 7.21799645E-17 1.08511231E+06 -2.20667012E-15 1.71895709E-36 -6.10091240E+00
8.43758110E+27 7.26805989E-17 1.07763922E+06 -3.08932439E-15 1.81867741E-36 -6.08266367E+00
8.49607936E+27 7.31847046E-17 1.07021762E+06 -4.85463119E-15 1.92418221E-36 -6.06441503E+00
8.55498319E+27 7.36923056E-17 1.06284717E+06 -7.50257910E-15 2.03580700E-36 -6.04616646E+00
8.61429541E+27 7.42034261E-17 1.05552752E+06 -1.05918307E-14 2.15390674E-36 -6.02791796E+00
8.67401883E+27 7.47180906E-17 1.04825831E+06 -1.54463538E-14 2.27885699E-36 -6.00966954E+00
8.73415633E+27 7.52363236E-17 1.04103919E+06 -2.25074490E-14 2.41105509E-36 -5.99142119E+00
8.79471076E+27 7.57581499E-17 1.03386983E+06 -3.26577309E-14 2.55092140E-36 -5.97317292E+00
8.85568502E+27 7.62835944E-17 1.02674987E+06 -4.72211187E-14 2.69890069E-36 -5.95492472E+00
8.91708202E+27 7.68126822E-17 1.01967898E+06 -6.79628281E-14 2.85546352E-36 -5.93667659E+00
8.97890469E+27 7.73454386E-17 1.01265682E+06 -9.62067324E-14 3.02110771E-36 -5.91842855E+00
9.04115597E+27 7.78818890E-17 1.00568305E+06 -1.37248507E-13 3.19635998E-36 -5.90018057E+00
9.10383885E+27 7.84220589E-17 9.98757340E+05 -1.93735875E-13 3.38177759E-36 -5.88193267E+00
9.16695632E+27 7.89659744E-17 9.91879357E+05 -2.72729624E-13 3.57795011E-36 -5.86368485E+00
9.23051138E+27 7.95136612E-17 9.85048773E+05 -3.81290436E-13 3.78550130E-36 -5.84543710E+00
9.29450707E+27 8.00651455E-17 9.78265260E+05 -5.31333265E-13 4.00509111E-36 -5.82718943E+00
9.35894645E+27 8.06204538E-17 9.71528495E+05 -7.36096813E-13 4.23741774E-36 -5.80894184E+00
9.42383259E+27 8.11796124E-17 9.64838155E+05 -1.01588045E-12 4.48321990E-36 -5.79069432E+00
9.48916858E+27 8.17426482E-17 9.58193920E+05 -1.39583758E-12 4.74327911E-36 -5.77244687E+00
9.55495756E+27 8.23095880E-17 9.51595472E+05 -1.90906467E-12 5.01842223E-36 -5.75419951E+00
9.62120266E+27 8.28804588E-17 9.45042496E+05 -2.59969022E-12 5.30952408E-36 -5.73595222E+00
9.68790704E+27 8.34552880E-17 9.38534678E+05 -3.52463976E-12 5.61751019E-36 -5.71770500E+00
9.75507388E+27 8.40341030E-17 9.32071707E+05 -4.75893117E-12 5.94335977E-36 -5.69945786E+00
9.82270639E+27 8.46169315E-17 9.25653273E+05 -6.39788092E-12 6.28810881E-36 -5.68121080E+00
9.89080781E+27 8.52038012E-17 9.19279071E+05 -8.56548830E-12 6.65285337E-36 -5.66296382E+00
9.95938138E+27 8.57947402E-17 9.12948794E+05 -1.14210543E-11 7.03875309E-36 -5.64471691E+00
1.00284304E+28 8.63897767E-17 9.06662141E+05 -1.51662419E-11 7.44703482E-36 -5.62647009E+00
1.00979581E+28 8.69889392E-17 9.00418810E+05 -2.00591964E-11 7.87899657E-36 -5.60822334E+00
1.01679678E+28 8.75922562E-17 8.94218503E+05 -2.64277834E-11 8.33601164E-36 -5.58997666E+00
1.02384630E+28 8.81997567E-17 8.88060923E+05 -3.46815027E-11 8.81953293E-36 -5.57173007E+00
1.03094468E+28 8.88114695E-17 8.81945777E+05 -4.53392875E-11 9.33109760E-36 -5.55348356E+00
1.03809229E+28 8.94274239E-17 8.75872770E+05 -5.90489201E-11 9.87233196E-36 -5.53523712E+00
1.04528944E+28 9.00476494E-17 8.69841613E+05 -7.66165955E-11 1.04449566E-35 -5.51699077E+00
1.05253650E+28 9.06721755E-17 8.63852018E+05 -9.90453110E-11 1.10507918E-35 -5.49874449E+00
1.05983380E+28 9.13010320E-17 8.57903698E+05 -1.27575461E-10 1.16917636E-35 -5.48049829E+00
1.06718169E+28 9.19342491E-17 8.51996368E+05 -1.63735141E-10 1.23699096E-35 -5.46225217E+00
1.07458052E+28 9.25718570E-17 8.46129747E+05 -2.09401480E-10 1.30873854E-35 -5.44400614E+00
1.08203065E+28 9.32138861E-17 8.40303552E+05 -2.66871681E-10 1.38464718E-35 -5.42576018E+00
1.08953244E+28 9.38603670E-17 8.34517507E+05 -3.38944655E-10 1.46495817E-35 -5.40751431E+00
1.09708623E+28 9.45113307E-17 8.28771334E+05 -4.29022064E-10 1.54992680E-35 -5.38926851E+00
1.10469240E+28 9.51668083E-17 8.23064758E+05 -5.41219515E-10 1.63982317E-35 -5.37102280E+00
1.11235130E+28 9.58268310E-17 8.17397507E+05 -6.80505113E-10 1.73493301E-35 -5.35277717E+00
1.12006329E+28 9.64914304E-17 8.11769310E+05 -8.52847278E-10 1.83555865E-35 -5.33453163E+00
1.12782876E+28 9.71606383E-17 8.06179898E+05 -1.06539874E-09 1.94201993E-35 -5.31628617E+00
1.13564807E+28 9.78344865E-17 8.00629002E+05 -1.32670128E-09 2.05465523E-35 -5.29804079E+00
1.14352158E+28 9.85130073E-17 7.95116359E+05 -1.64691913E-09 2.17382256E-35 -5.27979549E+00
1.15144969E+28 9.91962332E-17 7.89641704E+05 -2.03811039E-09 2.29990069E-35 -5.26155029E+00
1.15943276E+28 9.98841966E-17 7.84204776E+05 -2.51453184E-09 2.43329034E-35 -5.24330517E+00
1.16747117E+28 1.00576931E-16 7.78805315E+05 -3.09298802E-09 2.57441546E-35 -5.22506013E+00
1.17556532E+28 1.01274468E-16 7.73443062E+05 -3.79322262E-09 2.72372459E-35 -5.20681518E+00
1.18371559E+28 1.01976843E-16 7.68117762E+05 -4.63835967E-09 2.88169226E-35 -5.18857032E+00
1.19192236E+28 1.02684088E-16 7.62829160E+05 -5.65540082E-09 3.04882052E-35 -5.17032555E+00
1.20018603E+28 1.03396237E-16 7.57577003E+05 -6.87577739E-09 3.22564052E-35 -5.15208087E+00
1.20850699E+28 1.04113324E-16 7.52361040E+05 -8.33596715E-09 3.41271422E-35 -5.13383628E+00
1.21688564E+28 1.04835384E-16 7.47181021E+05 -1.00781791E-08 3.61063612E-35 -5.11559178E+00
1.22532238E+28 1.05562451E-16 7.42036700E+05 -1.21511082E-08 3.82003523E-35 -5.09734737E+00
1.23381762E+28 1.06294560E-16 7.36927830E+05 -1.46107706E-08 4.04157698E-35 -5.07910306E+00
1.24237175E+28 1.07031746E-16 7.31854167E+05 -1.75214140E-08 4.27596542E-35 -5.06085883E+00
1.25098519E+28 1.07774043E-16 7.26815469E+05 -2.09565216E-08 4.52394535E-35 -5.04261471E+00
1.25965834E+28 1.08521488E-16 7.21811497E+05 -2.49998957E-08 4.78630474E-35 -5.02437068E+00
1.26839163E+28 1.09274116E-16 7.16842010E+05 -2.97468443E-08 5.06387727E-35 -5.00612675E+00
1.27718547E+28 1.10031963E-16 7.11906771E+05 -3.53054580E-08 5.35754497E-35 -4.98788293E+00
1.28604027E+28 1.10795066E-16 7.07005545E+05 -4.17979866E-08 5.66824096E-35 -4.96963920E+00
1.29495646E+28 1.11563460E-16 7.02138096E+05 -4.93623186E-08 5.99695248E-35 -4.95139558E+00
1.30393448E+28 1.12337182E-16 6.97304193E+05 -5.81535602E-08 6.34472397E-35 -4.93315206E+00
1.31297473E+28 1.13116270E-16 6.92503606E+05 -6.83457206E-08 6.71266038E-35 -4.91490864E+00
1.32207766E+28 1.13900761E-16 6.87736103E+05 -8.01334970E-08 7.10193073E-35 -4.89666533E+00
1.33124371E+28 1.14690692E-16 6.83001459E+05 -9.37341614E-08 7.51377176E-35 -4.87842214E+00
1.34047330E+28 1.15486101E-16 6.78299448E+05 -1.09389545E-07 7.94949190E-35 -4.86017905E+00
1.34976688E+28 1.16287025E-16 6.73629844E+05 -1.27368120E-07 8.41047537E-35 -4.84193607E+00
1.35912490E+28 1.17093504E-16 6.68992427E+05 -1.47967165E-07 8.89818663E-35 -4.82369322E+00
1.36854779E+28 1.17905575E-16 6.64386974E+05 -1.71515022E-07 9.41417496E-35 -4.80545048E+00
1.37803602E+28 1.18723278E-16 6.59813266E+05 -1.98373415E-07 9.96007943E-35 -4.78720787E+00
1.38759002E+28 1.19546652E-16 6.55271086E+05 -2.28939849E-07 1.05376341E-34 -4.76896539E+00
1.39721027E+28 1.20375735E-16 6.50760217E+05 -2.63650055E-07 1.11486733E-34 -4.75072304E+00
1.40689721E+28 1.21210568E-16 6.46280445E+05 -3.02980468E-07 1.17951380E-34 -4.73248083E+00
1.41665132E+28 1.22051191E-16 6.41831557E+05 -3.47450754E-07 1.24790812E-34 -4.71423876E+00
1.42647304E+28 1.22897643E-16 6.37413341E+05 -3.97626320E-07 1.32026752E-34 -4.69599683E+00
1.43636287E+28 1.23749965E-16 6.33025587E+05 -4.54120842E-07 1.39682177E-34 -4.67775506E+00
1.44632126E+28 1.24608198E-16 6.28668086E+05 -5.17598746E-07 1.47781399E-34 -4.65951345E+00
1.45634869E+28 1.25472383E-16 6.24340631E+05 -5.88777652E-07 1.56350136E-34 -4.64127200E+00
1.46644564E+28 1.26342561E-16 6.20043018E+05 -6.68430745E-07 1.65415595E-34 -4.62303072E+00
1.47661260E+28 1.27218774E-16 6.15775041E+05 -7.57389045E-07 1.75006559E-34 -4.60478962E+00
1.48685004E+28 1.28101064E-16 6.11536498E+05 -8.56543564E-07 1.85153479E-34 -4.58654870E+00
1.49715847E+28 1.28989472E-16 6.07327188E+05 -9.66847310E-07 1.95888567E-34 -4.56830797E+00
1.50753836E+28 1.29884042E-16 6.03146911E+05 -1.08931711E-06 2.07245903E-34 -4.55006744E+00
1.51799021E+28 1.30784816E-16 5.98995468E+05 -1.22503525E-06 2.19261536E-34 -4.53182711E+00
1.52851453E+28 1.31691836E-16 5.94872664E+05 -1.37515082E-06 2.31973606E-34 -4.51358700E+00
1.53911181E+28 1.32605148E-16 5.90778301E+05 -1.54088090E-06 2.45422458E-34 -4.49534710E+00
1.54978257E+28 1.33524794E-16 5.86712187E+05 -1.72351132E-06 2.59650775E-34 -4.47710743E+00
1.56052730E+28 1.34450817E-16 5.82674127E+05 -1.92439718E-06 2.74703707E-34 -4.45886800E+00
1.57134653E+28 1.35383264E-16 5.78663932E+05 -2.14496300E-06 2.90629021E-34 -4.44062881E+00
1.58224077E+28 1.36322177E-16 5.74681408E+05 -2.38670251E-06 3.07477254E-34 -4.42238987E+00
1.59321054E+28 1.37267602E-16 5.70726367E+05 -2.65117781E-06 3.25301859E-34 -4.40415118E+00
1.60425637E+28 1.38219585E-16 5.66798625E+05 -2.94001830E-06 3.44159376E-34 -4.38591276E+00
1.61537877E+28 1.39178170E-16 5.62897994E+05 -3.25491906E-06 3.64109618E-34 -4.36767463E+00
1.62657829E+28 1.40143404E-16 5.59024292E+05 -3.59763877E-06 3.85215860E-34 -4.34943680E+00
1.63785546E+28 1.41115332E-16 5.55177336E+05 -3.96999701E-06 4.07545034E-34 -4.33119928E+00
1.64921081E+28 1.42094002E-16 5.51356944E+05 -4.37387108E-06 4.31167944E-34 -4.31296209E+00
1.66064488E+28 1.43079460E-16 5.47562936E+05 -4.81119218E-06 4.56159493E-34 -4.29472524E+00
1.67215824E+28 1.44071754E-16 5.43795132E+05 -5.28394104E-06 4.82598911E-34 -4.27648874E+00
1.68375141E+28 1.45070930E-16 5.40053354E+05 -5.79414286E-06 5.10570015E-34 -4.25825260E+00
1.69542496E+28 1.46077036E-16 5.36337424E+05 -6.34386170E-06 5.40161467E-34 -4.24001684E+00
1.70717944E+28 1.47090122E-16 5.32647167E+05 -6.93519418E-06 5.71467056E-34 -4.22178147E+00
1.71901542E+28 1.48110235E-16 5.28982408E+05 -7.57026255E-06 6.04585993E-34 -4.20354649E+00
1.73093346E+28 1.49137424E-16 5.25342972E+05 -8.25120706E-06 6.39623230E-34 -4.18531193E+00
1.74293412E+28 1.50171739E-16 5.21728688E+05 -8.98017772E-06 6.76689782E-34 -4.16707778E+00
1.75501799E+28 1.51213228E-16 5.18139382E+05 -9.75932541E-06 7.15903085E-34 -4.14884406E+00
1.76718564E+28 1.52261942E-16 5.14574885E+05 -1.05907923E-05 7.57387364E-34 -4.13061078E+00
1.77943764E+28 1.53317931E-16 5.11035026E+05 -1.14767015E-05 8.01274023E-34 -4.11237795E+00
1.79177459E+28 1.54381246E-16 5.07519638E+05 -1.24191467E-05 8.47702066E-34 -4.09414558E+00
1.80419707E+28 1.55451937E-16 5.04028553E+05 -1.34201800E-05 8.96818527E-34 -4.07591367E+00
1.81670568E+28 1.56530056E-16 5.00561604E+05 -1.44818006E-05 9.48778940E-34 -4.05768224E+00
1.82930101E+28 1.57615654E-16 4.97118626E+05 -1.56059418E-05 1.00374783E-33 -4.03945129E+00
1.84198366E+28 1.58708784E-16 4.93699455E+05 -1.67944578E-05 1.06189923E-33 -4.02122083E+00
1.85475425E+28 1.59809497E-16 4.90303928E+05 -1.80491106E-05 1.12341722E-33 -4.00299088E+00
1.86761337E+28 1.60917848E-16 4.86931881E+05 -1.93715554E-05 1.18849653E-33 -3.98476143E+00
1.88056165E+28 1.62033888E-16 4.83583155E+05 -2.07633260E-05 1.25734313E-33 -3.96653250E+00
1.89359969E+28 1.63157671E-16 4.80257588E+05 -2.22258207E-05 1.33017492E-33 -3.94830410E+00
1.90672813E+28 1.64289251E-16 4.76955022E+05 -2.37602861E-05 1.40722234E-33 -3.93007622E+00
1.91994759E+28 1.65428682E-16 4.73675298E+05 -2.53678022E-05 1.48872918E-33 -3.91184889E+00
1.93325871E+28 1.66576019E-16 4.70418259E+05 -2.70492666E-05 1.57495331E-33 -3.89362210E+00
1.94666211E+28 1.67731318E-16 4.67183750E+05 -2.88053783E-05 1.66616747E-33 -3.87539587E+00
1.96015843E+28 1.68894632E-16 4.63971614E+05 -3.06366218E-05 1.76266019E-33 -3.85717020E+00
1.97374833E+28 1.70066019E-16 4.60781699E+05 -3.25432511E-05 1.86473665E-33 -3.83894511E+00
1.98743244E+28 1.71245534E-16 4.57613848E+05 -3.45252739E-05 1.97271968E-33 -3.82072058E+00
2.00121143E+28 1.72433234E-16 4.54467909E+05 -3.65824356E-05 2.08695084E-33 -3.80249661E+00
2.01508595E+28 1.73629175E-16 4.51343728E+05 -3.87142027E-05 2.20779139E-33 -3.78427321E+00
2.02905666E+28 1.74833416E-16 4.48241152E+05 -4.09197470E-05 2.33562347E-33 -3.76605036E+00
2.04312424E+28 1.76046014E-16 4.45160031E+05 -4.31979308E-05 2.47085132E-33 -3.74782806E+00
2.05728934E+28 1.77267027E-16 4.42100215E+05 -4.55472908E-05 2.61390254E-33 -3.72960631E+00
2.07155265E+28 1.78496514E-16 4.39061553E+05 -4.79660237E-05 2.76522945E-33 -3.71138510E+00
2.08591485E+28 1.79734533E-16 4.36043898E+05 -5.04519718E-05 2.92531053E-33 -3.69316442E+00
2.10037662E+28 1.80981145E-16 4.33047101E+05 -5.30026085E-05 3.09465191E-33 -3.67494426E+00
2.11493866E+28 1.82236408E-16 4.30071016E+05 -5.56150256E-05 3.27378901E-33 -3.65672462E+00
2.12960166E+28 1.83500383E-16 4.27115497E+05 -5.82859197E-05 3.46328817E-33 -3.63850548E+00
2.14436632E+28 1.84773131E-16 4.24180398E+05 -6.10115808E-05 3.66374852E-33 -3.62028683E+00
2.15923334E+28 1.86054713E-16 4.21265576E+05 -6.37878799E-05 3.87580381E-33 -3.60206866E+00
2.17420343E+28 1.87345190E-16 4.18370886E+05 -6.66102591E-05 4.10012447E-33 -3.58385096E+00
2.18927731E+28 1.88644624E-16 4.15496187E+05 -6.94737212E-05 4.33741968E-33 -3.56563372E+00
2.20445571E+28 1.89953077E-16 4.12641336E+05 -7.23728208E-05 4.58843967E-33 -3.54741692E+00
2.21973933E+28 1.91270613E-16 4.09806194E+05 -7.53016561E-05 4.85397805E-33 -3.52920054E+00
2.23512892E+28 1.92597294E-16 4.06990619E+05 -7.82538616E-05 5.13487435E-33 -3.51098457E+00
2.25062520E+28 1.93933184E-16 4.04194472E+05 -8.12226018E-05 5.43201669E-33 -3.49276899E+00
2.26622892E+28 1.95278347E-16 4.01417616E+05 -8.42005662E-05 5.74634458E-33 -3.47455379E+00
2.28194082E+28 1.96632847E-16 3.98659913E+05 -8.71799646E-05 6.07885188E-33 -3.45633893E+00
2.29776166E+28 1.97996750E-16 3.95921226E+05 -9.01525242E-05 6.43059001E-33 -3.43812442E+00
2.31369218E+28 1.99370121E-16 3.93201420E+05 -9.31094876E-05 6.80267123E-33 -3.41991021E+00
2.32973314E+28 2.00753027E-16 3.90500359E+05 -9.60416114E-05 7.19627221E-33 -3.40169630E+00
2.34588532E+28 2.02145532E-16 3.87817910E+05 -9.89391665E-05 7.61263774E-33 -3.38348265E+00
2.36214949E+28 2.03547704E-16 3.85153939E+05 -1.01791939E-04 8.05308471E-33 -3.36526925E+00
2.37852641E+28 2.04959611E-16 3.82508314E+05 -1.04589235E-04 8.51900627E-33 -3.34705607E+00
2.39501688E+28 2.06381319E-16 3.79880904E+05 -1.07319877E-04 9.01187627E-33 -3.32884308E+00
2.41162168E+28 2.07812898E-16 3.77271577E+05 -1.09972219E-04 9.53325396E-33 -3.31063025E+00
2.42834159E+28 2.09254415E-16 3.74680204E+05 -1.12534143E-04 1.00847889E-32 -3.29241757E+00
2.44517743E+28 2.10705941E-16 3.72106655E+05 -1.14993071E-04 1.06682264E-32 -3.27420499E+00
2.46212999E+28 2.12167544E-16 3.69550803E+05 -1.17335969E-04 1.12854127E-32 -3.25599249E+00
2.47920009E+28 2.13639295E-16 3.67012520E+05 -1.19549361E-04 1.19383013E-32 -3.23778003E+00
2.49638853E+28 2.15121264E-16 3.64491681E+05 -1.21619336E-04 1.26289583E-32 -3.21956760E+00
2.51369615E+28 2.16613523E-16 3.61988164E+05 -1.23531561E-04 1.33595690E-32 -3.20135518E+00
2.53112375E+28 2.18116143E-16 3.59501846E+05 -1.25271292E-04 1.41324460E-32 -3.18314276E+00
2.54867219E+28 2.19629195E-16 3.57032602E+05 -1.26823384E-04 1.49500366E-32 -3.16493030E+00
2.56634228E+28 2.21152753E-16 3.54580309E+05 -1.28172312E-04 1.58149294E-32 -3.14671776E+00
2.58413489E+28 2.22686889E-16 3.52144847E+05 -1.29302179E-04 1.67298633E-32 -3.12850512E+00
2.60205085E+28 2.24231677E-16 3.49726096E+05 -1.30196737E-04 1.76977360E-32 -3.11029234E+00
2.62009103E+28 2.25787191E-16 3.47323935E+05 -1.30839404E-04 1.87216129E-32 -3.09207941E+00
2.63825628E+28 2.27353505E-16 3.44938247E+05 -1.31213277E-04 1.98047372E-32 -3.07386629E+00
2.65654747E+28 2.28930695E-16 3.42568915E+05 -1.31301157E-04 2.09505401E-32 -3.05565296E+00
2.67496547E+28 2.30518836E-16 3.40215824E+05 -1.31085562E-04 2.21626517E-32 -3.03743941E+00
2.69351117E+28 2.32118004E-16 3.37878858E+05 -1.30548754E-04 2.34449123E-32 -3.01922560E+00
2.71218544E+28 2.33728276E-16 3.35557904E+05 -1.29672750E-04 2.48013850E-32 -3.00101151E+00
2.73098919E+28 2.35349729E-16 3.33252849E+05 -1.28439355E-04 2.62363685E-32 -2.98279714E+00
2.74992330E+28 2.36982441E-16 3.30963583E+05 -1.26830173E-04 2.77544103E-32 -2.96458246E+00
2.76898868E+28 2.38626490E-16 3.28689994E+05 -1.24826635E-04 2.93603219E-32 -2.94636745E+00
2.78818625E+28 2.40281955E-16 3.26431972E+05 -1.22410021E-04 3.10591934E-32 -2.92815211E+00
2.80751691E+28 2.41948914E-16 3.24189410E+05 -1.19561481E-04 3.28564101E-32 -2.90993641E+00
2.82698160E+28 2.43627449E-16 3.21962199E+05 -1.16262061E-04 3.47576693E-32 -2.89172035E+00
2.84658123E+28 2.45317640E-16 3.19750234E+05 -1.12492724E-04 3.67689988E-32 -2.87350392E+00
2.86631675E+28 2.47019567E-16 3.17553408E+05 -1.08234375E-04 3.88967755E-32 -2.85528709E+00
2.88618910E+28 2.48733312E-16 3.15371618E+05 -1.03467886E-04 4.11477460E-32 -2.83706988E+00
2.90619922E+28 2.50458958E-16 3.13204758E+05 -9.81741177E-05 4.35290479E-32 -2.81885226E+00
2.92634807E+28 2.52196587E-16 3.11052727E+05 -9.23339446E-05 4.60482327E-32 -2.80063424E+00
2.94663662E+28 2.53946282E-16 3.08915422E+05 -8.59282799E-05 4.87132892E-32 -2.78241580E+00
2.96706583E+28 2.55708128E-16 3.06792743E+05 -7.89380983E-05 5.15326694E-32 -2.76419694E+00
2.98763668E+28 2.57482208E-16 3.04684589E+05 -7.13444607E-05 5.45153151E-32 -2.74597767E+00
3.00835014E+28 2.59268609E-16 3.02590862E+05 -6.31285374E-05 5.76706861E-32 -2.72775797E+00
3.02920721E+28 2.61067415E-16 3.00511462E+05 -5.42716319E-05 6.10087906E-32 -2.70953784E+00
3.05020889E+28 2.62878714E-16 2.98446293E+05 -4.47552040E-05 6.45402164E-32 -2.69131730E+00
3.07135617E+28 2.64702591E-16 2.96395257E+05 -3.45608930E-05 6.82761650E-32 -2.67309633E+00
3.09265007E+28 2.66539134E-16 2.94358259E+05 -2.36705400E-05 7.22284867E-32 -2.65487494E+00
3.11409160E+28 2.68388432E-16 2.92335203E+05 -1.20662103E-05 7.64097184E-32 -2.63665313E+00
3.13568178E+28 2.70250574E-16 2.90325997E+05 2.69784698E-07 8.08331231E-32 -2.61843091E+00
3.15742166E+28 2.72125648E-16 2.88330546E+05 1.33548627E-05 8.55127306E-32 -2.60020828E+00
3.17931225E+28 2.74013745E-16 2.86348759E+05 2.72061486E-05 9.04633815E-32 -2.58198528E+00
3.20135461E+28 2.75914955E-16 2.84380547E+05 4.18404578E-05 9.57007751E-32 -2.56376190E+00
3.22354980E+28 2.77829370E-16 2.82425817E+05 5.72742767E-05 1.01241519E-31 -2.54553818E+00
3.24589886E+28 2.79757081E-16 2.80484483E+05 7.35237440E-05 1.07103182E-31 -2.52731413E+00
3.26840288E+28 2.81698183E-16 2.78556455E+05 9.06046320E-05 1.13304350E-31 -2.50908978E+00
3.29106291E+28 2.83652767E-16 2.76641645E+05 1.08532329E-04 1.19864681E-31 -2.49086515E+00
3.31388005E+28 2.85620928E-16 2.74739967E+05 1.27321822E-04 1.26804973E-31 -2.47264026E+00
3.33685538E+28 2.87602760E-16 2.72851334E+05 1.46987682E-04 1.34147224E-31 -2.45441514E+00
3.35999000E+28 2.89598359E-16 2.70975660E+05 1.67544047E-04 1.41914707E-31 -2.43618981E+00
3.38328501E+28 2.91607822E-16 2.69112861E+05 1.89004605E-04 1.50132036E-31 -2.41796430E+00
3.40674153E+28 2.93631244E-16 2.67262852E+05 2.11382586E-04 1.58825251E-31 -2.39973865E+00
3.43036067E+28 2.95668723E-16 2.65425549E+05 2.34690744E-04 1.68021894E-31 -2.38151287E+00
3.45414357E+28 2.97720358E-16 2.63600871E+05 2.58941347E-04 1.77751100E-31 -2.36328701E+00
3.47809136E+28 2.99786247E-16 2.61788733E+05 2.84146162E-04 1.88043684E-31 -2.34506109E+00
3.50220517E+28 3.01866490E-16 2.59989055E+05 3.10316451E-04 1.98932243E-31 -2.32683514E+00
3.52648617E+28 3.03961187E-16 2.58201756E+05 3.37462952E-04 2.10451253E-31 -2.30860920E+00
3.55093551E+28 3.06070440E-16 2.56426754E+05 3.65595880E-04 2.22637183E-31 -2.29038331E+00
3.57555436E+28 3.08194349E-16 2.54663971E+05 3.94724911E-04 2.35528604E-31 -2.27215750E+00
3.60034390E+28 3.10333019E-16 2.52913327E+05 4.24859177E-04 2.49166311E-31 -2.25393181E+00
3.62530530E+28 3.12486551E-16 2.51174743E+05 4.56007262E-04 2.63593454E-31 -2.23570628E+00
3.65043976E+28 3.14655050E-16 2.49448142E+05 4.88177193E-04 2.78855670E-31 -2.21748094E+00
3.67574848E+28 3.16838621E-16 2.47733446E+05 5.21376437E-04 2.95001225E-31 -2.19925585E+00
3.70123266E+28 3.19037370E-16 2.46030578E+05 5.55611896E-04 3.12081168E-31 -2.18103104E+00
3.72689353E+28 3.21251402E-16 2.44339462E+05 5.90889905E-04 3.30149488E-31 -2.16280655E+00
3.75273231E+28 3.23480825E-16 2.42660022E+05 6.27216229E-04 3.49263284E-31 -2.14458244E+00
3.77875023E+28 3.25725747E-16 2.40992183E+05 6.64596060E-04 3.69482939E-31 -2.12635875E+00
3.80494853E+28 3.27986277E-16 2.39335871E+05 7.03034019E-04 3.90872315E-31 -2.10813553E+00
3.83132847E+28 3.30262523E-16 2.37691011E+05 7.42534155E-04 4.13498946E-31 -2.08991282E+00
3.85789130E+28 3.32554596E-16 2.36057530E+05 7.83099943E-04 4.37434250E-31 -2.07169069E+00
3.88463829E+28 3.34862608E-16 2.34435355E+05 8.24734292E-04 4.62753752E-31 -2.05346917E+00
3.91157072E+28 3.37186670E-16 2.32824414E+05 8.67439538E-04 4.89537318E-31 -2.03524833E+00
3.93868988E+28 3.39526895E-16 2.31224634E+05 9.11217456E-04 5.17869399E-31 -2.01702822E+00
3.96599705E+28 3.41883397E-16 2.29635943E+05 9.56069280E-04 5.47839338E-31 -1.99880887E+00
3.99349355E+28 3.44256290E-16 2.28058267E+05 1.00199569E-03 5.79541612E-31 -1.98059033E+00
4.02118068E+28 3.46645690E-16 2.26491536E+05 1.04899679E-03 6.13076091E-31 -1.96237264E+00
4.04905977E+28 3.49051712E-16 2.24935680E+05 1.09707215E-03 6.48548385E-31 -1.94415586E+00
4.07713214E+28 3.51474475E-16 2.23390628E+05 1.14622078E-03 6.86070165E-31 -1.92594005E+00
4.10539915E+28 3.53914095E-16 2.21856310E+05 1.19644119E-03 7.25759512E-31 -1.90772526E+00
4.13386213E+28 3.56370692E-16 2.20332659E+05 1.24773132E-03 7.67741285E-31 -1.88951154E+00
4.16252244E+28 3.58844385E-16 2.18819603E+05 1.30008864E-03 8.12147505E-31 -1.87129893E+00
4.19138146E+28 3.61335296E-16 2.17317074E+05 1.35351007E-03 8.59117766E-31 -1.85308750E+00
4.22044056E+28 3.63843544E-16 2.15825005E+05 1.40799206E-03 9.08799668E-31 -1.83487730E+00
4.24970113E+28 3.66369254E-16 2.14343326E+05 1.46353054E-03 9.61349270E-31 -1.81666836E+00
4.27916456E+28 3.68912548E-16 2.12871969E+05 1.52012097E-03 1.01693158E-30 -1.79846075E+00
4.30883227E+28 3.71473550E-16 2.11410868E+05 1.57775834E-03 1.07572104E-30 -1.78025450E+00
4.33870566E+28 3.74052386E-16 2.09959955E+05 1.63643716E-03 1.13790212E-30 -1.76204967E+00
4.36878617E+28 3.76649181E-16 2.08519163E+05 1.69615150E-03 1.20366983E-30 -1.74384629E+00
4.39907523E+28 3.79264062E-16 2.07088425E+05 1.75689496E-03 1.27323034E-30 -1.72564443E+00
4.42957428E+28 3.81897158E-16 2.05667675E+05 1.81866075E-03 1.34680162E-30 -1.70744412E+00
4.46028479E+28 3.84548597E-16 2.04256848E+05 1.88144161E-03 1.42461413E-30 -1.68924540E+00
4.49120821E+28 3.87218510E-16 2.02855877E+05 1.94522990E-03 1.50691150E-30 -1.67104833E+00
4.52234603E+28 3.89907025E-16 2.01464697E+05 2.01001756E-03 1.59395128E-30 -1.65285295E+00
4.55369973E+28 3.92614277E-16 2.00083243E+05 2.07579615E-03 1.68600577E-30 -1.63465929E+00
4.58527080E+28 3.95340397E-16 1.98711450E+05 2.14255684E-03 1.78336280E-30 -1.61646740E+00
4.61706076E+28 3.98085519E-16 1.97349255E+05 2.21029045E-03 1.88632667E-30 -1.59827732E+00
4.64907112E+28 4.00849778E-16 1.95996593E+05 2.27898744E-03 1.99521904E-30 -1.58008910E+00
4.68130341E+28 4.03633309E-16 1.94653399E+05 2.34863791E-03 2.11037996E-30 -1.56190277E+00
4.71375917E+28 4.06436250E-16 1.93319612E+05 2.41923165E-03 2.23216887E-30 -1.54371838E+00
4.74643995E+28 4.09258738E-16 1.91995167E+05 2.49075811E-03 2.36096574E-30 -1.52553596E+00
4.77934730E+28 4.12100912E-16 1.90680003E+05 2.56320646E-03 2.49717220E-30 -1.50735556E+00
4.81248280E+28 4.14962911E-16 1.89374056E+05 2.63656555E-03 2.64121279E-30 -1.48917721E+00
4.84584804E+28 4.17844877E-16 1.88077264E+05 2.71082395E-03 2.79353626E-30 -1.47100095E+00
4.87944459E+28 4.20746952E-16 1.86789566E+05 2.78596997E-03 2.95461694E-30 -1.45282682E+00
4.91327408E+28 4.23669278E-16 1.85510901E+05 2.86199164E-03 3.12495618E-30 -1.43465486E+00
4.94733810E+28 4.26612000E-16 1.84241206E+05 2.93887676E-03 3.30508389E-30 -1.41648511E+00
4.98163829E+28 4.29575262E-16 1.82980421E+05 3.01661289E-03 3.49556020E-30 -1.39831759E+00
5.01617629E+28 4.32559212E-16 1.81728485E+05 3.09518734E-03 3.69697726E-30 -1.38015233E+00
5.05095375E+28 4.35563996E-16 1.80485337E+05 3.17458723E-03 3.90996083E-30 -1.36198936E+00
5.08597231E+28 4.38589762E-16 1.79250917E+05 3.25479945E-03 4.13517231E-30 -1.34382872E+00
5.12123366E+28 4.41636660E-16 1.78025164E+05 3.33581072E-03 4.37331075E-30 -1.32567042E+00
5.15673949E+28 4.44704840E-16 1.76808019E+05 3.41760756E-03 4.62511495E-30 -1.30751449E+00
5.19249147E+28 4.47794455E-16 1.75599423E+05 3.50017633E-03 4.89136577E-30 -1.28936097E+00
5.22849133E+28 4.50905657E-16 1.74399317E+05 3.58350321E-03 5.17288847E-30 -1.27120987E+00
5.26474077E+28 4.54038599E-16 1.73207641E+05 3.66757425E-03 5.47055523E-30 -1.25306122E+00
5.30124154E+28 4.57193437E-16 1.72024338E+05 3.75237533E-03 5.78528783E-30 -1.23491504E+00
5.33799537E+28 4.60370327E-16 1.70849349E+05 3.83789221E-03 6.11806043E-30 -1.21677136E+00
5.37500401E+28 4.63569426E-16 1.69682615E+05 3.92411054E-03 6.46990255E-30 -1.19863019E+00
5.41226924E+28 4.66790893E-16 1.68524081E+05 4.01101584E-03 6.84190222E-30 -1.18049155E+00
5.44979282E+28 4.70034887E-16 1.67373687E+05 4.09859352E-03 7.23520922E-30 -1.16235547E+00
5.48757657E+28 4.73301569E-16 1.66231378E+05 4.18682891E-03 7.65103867E-30 -1.14422195E+00
5.52562227E+28 4.76591102E-16 1.65097096E+05 4.27570723E-03 8.09067467E-30 -1.12609102E+00
5.56393174E+28 4.79903647E-16 1.63970784E+05 4.36521366E-03 8.55547418E-30 -1.10796268E+00
5.60250681E+28 4.83239370E-16 1.62852388E+05 4.45533326E-03 9.04687121E-30 -1.08983696E+00
5.64134933E+28 4.86598436E-16 1.61741850E+05 4.54605107E-03 9.56638111E-30 -1.07171386E+00
5.68046114E+28 4.89981013E-16 1.60639115E+05 4.63735205E-03 1.01156052E-29 -1.05359340E+00
5.71984412E+28 4.93387267E-16 1.59544129E+05 4.72922111E-03 1.06962356E-29 -1.03547559E+00
5.75950015E+28 4.96817368E-16 1.58456836E+05 4.82164314E-03 1.13100605E-29 -1.01736043E+00
5.79943111E+28 5.00271487E-16 1.57377180E+05 4.91460298E-03 1.19589692E-29 -9.99247940E-01
5.83963891E+28 5.03749796E-16 1.56305109E+05 5.00808545E-03 1.26449585E-29 -9.81138120E-01
5.88012548E+28 5.07252467E-16 1.55240568E+05 5.10207534E-03 1.33701379E-29 -9.63030977E-01
5.92089275E+28 5.10779676E-16 1.54183503E+05 5.19655744E-03 1.41367369E-29 -9.44926516E-01
5.96194265E+28 5.14331596E-16 1.53133861E+05 5.29151653E-03 1.49471109E-29 -9.26824742E-01
6.00327716E+28 5.17908406E-16 1.52091588E+05 5.38693738E-03 1.58037491E-29 -9.08725656E-01
6.04489824E+28 5.21510284E-16 1.51056632E+05 5.48280477E-03 1.67092813E-29 -8.90629261E-01
6.08680789E+28 5.25137408E-16 1.50028940E+05 5.57910348E-03 1.76664865E-29 -8.72535555E-01
6.12900809E+28 5.28789960E-16 1.49008459E+05 5.67581831E-03 1.86783010E-29 -8.54444540E-01
6.17150088E+28 5.32468123E-16 1.47995139E+05 5.77293408E-03 1.97478271E-29 -8.36356212E-01
6.21428826E+28 5.36172079E-16 1.46988927E+05 5.87043564E-03 2.08783429E-29 -8.18270569E-01
6.25737230E+28 5.39902013E-16 1.45989771E+05 5.96830786E-03 2.20733120E-29 -8.00187607E-01
6.30075504E+28 5.43658112E-16 1.44997622E+05 6.06653565E-03 2.33363934E-29 -7.82107328E-01
6.34443855E+28 5.47440562E-16 1.44012428E+05 6.16510395E-03 2.46714535E-29 -7.64029727E-01
6.38842493E+28 5.51249553E-16 1.43034139E+05 6.26399775E-03 2.60825772E-29 -7.45954798E-01
6.43271626E+28 5.55085274E-16 1.42062706E+05 6.36320207E-03 2.75740809E-29 -7.27882533E-01
6.47731467E+28 5.58947917E-16 1.41098077E+05 6.46270196E-03 2.91505247E-29 -7.09812923E-01
6.52222228E+28 5.62837674E-16 1.40140204E+05 6.56248257E-03 3.08167265E-29 -6.91745960E-01
6.56744124E+28 5.66754741E-16 1.39189038E+05 6.66252905E-03 3.25777765E-29 -6.73681635E-01
6.61297371E+28 5.70699312E-16 1.38244530E+05 6.76282665E-03 3.44390527E-29 -6.55619937E-01
6.65882185E+28 5.74671585E-16 1.37306631E+05 6.86336066E-03 3.64062370E-29 -6.37560857E-01
6.70498787E+28 5.78671758E-16 1.36375293E+05 6.96411644E-03 3.84853319E-29 -6.19504382E-01
6.75147395E+28 5.82700031E-16 1.35450468E+05 7.06507941E-03 4.06826794E-29 -6.01450501E-01
6.79828233E+28 5.86756605E-16 1.34532109E+05 7.16623507E-03 4.30049796E-29 -5.83399202E-01
6.84541523E+28 5.90841684E-16 1.33620169E+05 7.26756898E-03 4.54593109E-29 -5.65350472E-01
6.89287491E+28 5.94955471E-16 1.32714601E+05 7.36906679E-03 4.80531513E-29 -5.47304297E-01
6.94066362E+28 5.99098173E-16 1.31815358E+05 7.47071419E-03 5.07944012E-29 -5.29260664E-01
6.98878366E+28 6.03269996E-16 1.30922394E+05 7.57249697E-03 5.36914068E-29 -5.11219557E-01
7.03723732E+28 6.07471150E-16 1.30035663E+05 7.67440101E-03 5.67529856E-29 -4.93180961E-01
7.08602691E+28 6.11701844E-16 1.29155119E+05 7.77641223E-03 5.99884526E-29 -4.75144860E-01
7.13515476E+28 6.15962291E-16 1.28280718E+05 7.87851667E-03 6.34076484E-29 -4.57111238E-01
7.18462322E+28 6.20252703E-16 1.27412413E+05 7.98070043E-03 6.70209691E-29 -4.39080077E-01
7.23443465E+28 6.24573296E-16 1.26550161E+05 8.08294968E-03 7.08393973E-29 -4.21051360E-01
7.28459142E+28 6.28924285E-16 1.25693917E+05 8.18525071E-03 7.48745350E-29 -4.03025067E-01
7.33509593E+28 6.33305890E-16 1.24843637E+05 8.28758985E-03 7.91386388E-29 -3.85001180E-01
7.38595059E+28 6.37718329E-16 1.23999278E+05 8.38995354E-03 8.36446568E-29 -3.66979678E-01
7.43715783E+28 6.42161824E-16 1.23160795E+05 8.49232829E-03 8.84062671E-29 -3.48960541E-01
7.48872009E+28 6.46636596E-16 1.22328145E+05 8.59470071E-03 9.34379194E-29 -3.30943748E-01
7.54063984E+28 6.51142872E-16 1.21501287E+05 8.69705749E-03 9.87548781E-29 -3.12929278E-01
7.59291955E+28 6.55680875E-16 1.20680176E+05 8.79938538E-03 1.04373269E-28 -2.94917106E-01
7.64556172E+28 6.60250835E-16 1.19864771E+05 8.90167123E-03 1.10310125E-28 -2.76907211E-01
7.69856886E+28 6.64852980E-16 1.19055030E+05 9.00390200E-03 1.16583442E-28 -2.58899568E-01
7.75194350E+28 6.69487542E-16 1.18250911E+05 9.10606468E-03 1.23212230E-28 -2.40894152E-01
7.80568819E+28 6.74154751E-16 1.17452373E+05 9.20814639E-03 1.30216569E-28 -2.22890939E-01
7.85980550E+28 6.78854844E-16 1.16659375E+05 9.31013431E-03 1.37617672E-28 -2.04889901E-01
7.91429801E+28 6.83588055E-16 1.15871876E+05 9.41201575E-03 1.45437946E-28 -1.86891020E-01
7.96916831E+28 6.88354621E-16 1.15089835E+05 9.51377811E-03 1.53701057E-28 -1.68894275E-01
8.02441904E+28 6.93154783E-16 1.14313213E+05 9.61540884E-03 1.62432010E-28 -1.50899639E-01
8.08005282E+28 6.97988780E-16 1.13541970E+05 9.71689548E-03 1.71657218E-28 -1.32907087E-01
8.13607231E+28 7.02856854E-16 1.12776067E+05 9.81822563E-03 1.81404581E-28 -1.14916593E-01
8.19248019E+28 7.07759251E-16 1.12015463E+05 9.91938700E-03 1.91703571E-28 -9.69281304E-02
8.24927915E+28 7.12696215E-16 1.11260121E+05 1.00203674E-02 2.02585321E-28 -7.89416735E-02
8.30647190E+28 7.17667995E-16 1.10510001E+05 1.01211546E-02 2.14082717E-28 -6.09571956E-02
8.36406117E+28 7.22674840E-16 1.09765065E+05 1.02217367E-02 2.26230496E-28 -4.29746703E-02
8.42204971E+28 7.27717001E-16 1.09025275E+05 1.03221016E-02 2.39065353E-28 -2.49940709E-02
8.48044029E+28 7.32794732E-16 1.08290593E+05 1.04222375E-02 2.52626049E-28 -7.01537089E-03
8.53923569E+28 7.37908286E-16 1.07560983E+05 1.05221326E-02 2.66953528E-28 1.09614567E-02
8.59843872E+28 7.43057921E-16 1.06836405E+05 1.06217751E-02 2.82091039E-28 2.89364388E-02
8.65805222E+28 7.48243894E-16 1.06116825E+05 1.07211534E-02 2.98084266E-28 4.69096026E-02
8.71807902E+28 7.53466467E-16 1.05402205E+05 1.08202560E-02 3.14981466E-28 6.48809751E-02
8.77852198E+28 7.58725902E-16 1.04692508E+05 1.09190713E-02 3.32833612E-28 8.28505840E-02
8.83938400E+28 7.64022461E-16 1.03987699E+05 1.10175879E-02 3.51694548E-28 1.00818457E-01
8.90066799E+28 7.69356412E-16 1.03287743E+05 1.11157945E-02 3.71621149E-28 1.18784620E-01
8.96237685E+28 7.74728022E-16 1.02592602E+05 1.12136798E-02 3.92673490E-28 1.36749103E-01
9.02451355E+28 7.80137560E-16 1.01902243E+05 1.13112325E-02 4.14915030E-28 1.54711934E-01
9.08708105E+28 7.85585298E-16 1.01216630E+05 1.14084417E-02 4.38412801E-28 1.72673139E-01
9.15008233E+28 7.91071510E-16 1.00535729E+05 1.15052962E-02 4.63237605E-28 1.90632748E-01
9.21352040E+28 7.96596471E-16 9.98595043E+04 1.16017850E-02 4.89464233E-28 2.08590789E-01
9.27739829E+28 8.02160458E-16 9.91879229E+04 1.16978972E-02 5.17171685E-28 2.26547291E-01
9.34171906E+28 8.07763751E-16 9.85209506E+04 1.17936220E-02 5.46443405E-28 2.44502282E-01
9.40648576E+28 8.13406631E-16 9.78585537E+04 1.18889485E-02 5.77367539E-28 2.62455792E-01
9.47170149E+28 8.19089381E-16 9.72006988E+04 1.19838660E-02 6.10037190E-28 2.80407849E-01
9.53736937E+28 8.24812287E-16 9.65473529E+04 1.20783638E-02 6.44550704E-28 2.98358483E-01
9.60349252E+28 8.30575635E-16 9.58984829E+04 1.21724314E-02 6.81011963E-28 3.16307723E-01
9.67007412E+28 8.36379716E-16 9.52540563E+04 1.22660581E-02 7.19530693E-28 3.34255599E-01
9.73711732E+28 8.42224820E-16 9.46140408E+04 1.23592335E-02 7.60222801E-28 3.52202141E-01
9.80462534E+28 8.48111241E-16 9.39784042E+04 1.24519471E-02 8.03210714E-28 3.70147379E-01
9.87260140E+28 8.54039275E-16 9.33471146E+04 1.25441885E-02 8.48623753E-28 3.88091343E-01
9.94104874E+28 8.60009219E-16 9.27201404E+04 1.26359475E-02 8.96598513E-28 4.06034063E-01
1.00099706E+29 8.66021372E-16 9.20974505E+04 1.27272137E-02 9.47279266E-28 4.23975562E-01
1.00793704E+29 8.72076037E-16 9.14790138E+04 1.28179770E-02 1.00081841E-27 4.41915871E-01
1.01492512E+29 8.78173517E-16 9.08647993E+04 1.29082272E-02 1.05737693E-27 4.59855018E-01
1.02196166E+29 8.84314117E-16 9.02547765E+04 1.29979542E-02 1.11712487E-27 4.77793033E-01
1.02904698E+29 8.90498147E-16 8.96489151E+04 1.30871480E-02 1.18024183E-27 4.95729944E-01
1.03618143E+29 8.96725915E-16 8.90471848E+04 1.31757984E-02 1.24691753E-27 5.13665780E-01
1.04336534E+29 9.02997735E-16 8.84495559E+04 1.32638956E-02 1.31735236E-27 5.31600571E-01
1.05059905E+29 9.09313921E-16 8.78559986E+04 1.33514296E-02 1.39175801E-27 5.49534345E-01
1.05788292E+29 9.15674790E-16 8.72664837E+04 1.34383906E-02 1.47035805E-27 5.67467130E-01
1.06521728E+29 9.22080661E-16 8.66809817E+04 1.35247687E-02 1.55338866E-27 5.85398954E-01
1.07260250E+29 9.28531854E-16 8.60994640E+04 1.36105541E-02 1.64109930E-27 6.03329848E-01
1.08003892E+29 9.35028695E-16 8.55219016E+04 1.36957371E-02 1.73375347E-27 6.21259837E-01
1.08752689E+29 9.41571507E-16 8.49482662E+04 1.37803080E-02 1.83162952E-27 6.39188952E-01
1.09506678E+29 9.48160621E-16 8.43785294E+04 1.38642571E-02 1.93502145E-27 6.57117219E-01
1.10265895E+29 9.54796365E-16 8.38126633E+04 1.39475747E-02 2.04423980E-27 6.75044668E-01
1.11030375E+29 9.61479072E-16 8.32506400E+04 1.40302514E-02 2.15961261E-27 6.92971325E-01
1.11800155E+29 9.68209078E-16 8.26924318E+04 1.41122775E-02 2.28148638E-27 7.10897219E-01
1.12575272E+29 9.74986720E-16 8.21380115E+04 1.41936435E-02 2.41022710E-27 7.28822378E-01
1.13355763E+29 9.81812338E-16 8.15873518E+04 1.42743400E-02 2.54622140E-27 7.46746829E-01
1.14141666E+29 9.88686273E-16 8.10404258E+04 1.43543574E-02 2.68987764E-27 7.64670600E-01
1.14933017E+29 9.95608871E-16 8.04972068E+04 1.44336864E-02 2.84162718E-27 7.82593719E-01
1.15729854E+29 1.00258048E-15 7.99576681E+04 1.45123175E-02 3.00192567E-27 8.00516212E-01
1.16532216E+29 1.00960144E-15 7.94217836E+04 1.45902413E-02 3.17125442E-27 8.18438108E-01
1.17340141E+29 1.01667212E-15 7.88895270E+04 1.46674486E-02 3.35012183E-27 8.36359434E-01
1.18153667E+29 1.02379286E-15 7.83608724E+04 1.47439301E-02 3.53906493E-27 8.54280216E-01
1.18972834E+29 1.03096402E-15 7.78357942E+04 1.48196763E-02 3.73865100E-27 8.72200483E-01
1.19797680E+29 1.03818596E-15 7.73142668E+04 1.48946782E-02 3.94947924E-27 8.90120261E-01
1.20628244E+29 1.04545904E-15 7.67962650E+04 1.49689263E-02 4.17218263E-27 9.08039578E-01
1.21464567E+29 1.05278363E-15 7.62817635E+04 1.50424115E-02 4.40742976E-27 9.25958459E-01
1.22306688E+29 1.06016009E-15 7.57707375E+04 1.51151247E-02 4.65592692E-27 9.43876933E-01
1.23154648E+29 1.06758879E-15 7.52631623E+04 1.51870565E-02 4.91842015E-27 9.61795027E-01
1.24008486E+29 1.07507011E-15 7.47590133E+04 1.52581979E-02 5.19569752E-27 9.79712766E-01
1.24868245E+29 1.08260441E-15 7.42582661E+04 1.53285397E-02 5.48859149E-27 9.97630177E-01
1.25733964E+29 1.09019208E-15 7.37608968E+04 1.53980727E-02 5.79798139E-27 1.01554729E+00
1.26605685E+29 1.09783350E-15 7.32668813E+04 1.54667880E-02 6.12479611E-27 1.03346412E+00
1.27483450E+29 1.10552904E-15 7.27761959E+04 1.55346765E-02 6.47001687E-27 1.05138070E+00
1.28367300E+29 1.11327909E-15 7.22888170E+04 1.56017290E-02 6.83468015E-27 1.06929705E+00
1.29257279E+29 1.12108404E-15 7.18047212E+04 1.56679364E-02 7.21988087E-27 1.08721321E+00
1.30153427E+29 1.12894428E-15 7.13238853E+04 1.57332899E-02 7.62677561E-27 1.10512919E+00
1.31055789E+29 1.13686021E-15 7.08462864E+04 1.57977802E-02 8.05658617E-27 1.12304502E+00
1.31964406E+29 1.14483221E-15 7.03719015E+04 1.58613985E-02 8.51060316E-27 1.14096072E+00
1.32879323E+29 1.15286069E-15 6.99007079E+04 1.59241357E-02 8.99018995E-27 1.15887633E+00
1.33800584E+29 1.16094604E-15 6.94326833E+04 1.59859828E-02 9.49678677E-27 1.17679186E+00
1.34728231E+29 1.16908867E-15 6.89678052E+04 1.60469309E-02 1.00319150E-26 1.19470733E+00
1.35662310E+29 1.17728900E-15 6.85060516E+04 1.61069709E-02 1.05971818E-26 1.21262279E+00
1.36602865E+29 1.18554742E-15 6.80474004E+04 1.61660938E-02 1.11942849E-26 1.23053824E+00
1.37549941E+29 1.19386435E-15 6.75918299E+04 1.62242909E-02 1.18250179E-26 1.24845371E+00
1.38503583E+29 1.20224020E-15 6.71393184E+04 1.62815530E-02 1.24912752E-26 1.26636923E+00
1.39463837E+29 1.21067540E-15 6.66898445E+04 1.63378712E-02 1.31950585E-26 1.28428482E+00
1.40430748E+29 1.21917036E-15 6.62433869E+04 1.63932366E-02 1.39384819E-26 1.30220050E+00
1.41404363E+29 1.22772551E-15 6.57999244E+04 1.64476403E-02 1.47237791E-26 1.32011631E+00
1.42384728E+29 1.23634127E-15 6.53594360E+04 1.65010733E-02 1.55533096E-26 1.33803225E+00
1.43371890E+29 1.24501808E-15 6.49219010E+04 1.65535268E-02 1.64295660E-26 1.35594835E+00
1.44365896E+29 1.25375636E-15 6.44872987E+04 1.66049917E-02 1.73551815E-26 1.37386465E+00
1.45366793E+29 1.26255656E-15 6.40556086E+04 1.66554591E-02 1.83329380E-26 1.39178116E+00
1.46374630E+29 1.27141911E-15 6.36268104E+04 1.67049202E-02 1.93657743E-26 1.40969789E+00
1.47389454E+29 1.28034445E-15 6.32008839E+04 1.67533660E-02 2.04567949E-26 1.42761489E+00
1.48411314E+29 1.28933303E-15 6.27778091E+04 1.68007875E-02 2.16092796E-26 1.44553217E+00
1.49440259E+29 1.29838529E-15 6.23575660E+04 1.68471760E-02 2.28266934E-26 1.46344974E+00
1.50476337E+29 1.30750169E-15 6.19401351E+04 1.68925224E-02 2.41126967E-26 1.48136764E+00
1.51519598E+29 1.31668268E-15 6.15254966E+04 1.69368178E-02 2.54711567E-26 1.49928589E+00
1.52570093E+29 1.32592872E-15 6.11136313E+04 1.69800533E-02 2.69061587E-26 1.51720451E+00
1.53627871E+29 1.33524026E-15 6.07045198E+04 1.70222200E-02 2.84220188E-26 1.53512351E+00
1.54692982E+29 1.34461778E-15 6.02981430E+04 1.70633089E-02 3.00232969E-26 1.55304293E+00
1.55765478E+29 1.35406173E-15 5.98944820E+04 1.71033112E-02 3.17148103E-26 1.57096278E+00
1.56845409E+29 1.36357259E-15 5.94935178E+04 1.71422178E-02 3.35016482E-26 1.58888309E+00
1.57932828E+29 1.37315083E-15 5.90952319E+04 1.71800199E-02 3.53891877E-26 1.60680388E+00
1.59027786E+29 1.38279692E-15 5.86996056E+04 1.72167085E-02 3.73831091E-26 1.62472516E+00
1.60130335E+29 1.39251135E-15 5.83066206E+04 1.72522746E-02 3.94894140E-26 1.64264696E+00
1.61240528E+29 1.40229460E-15 5.79162585E+04 1.72867094E-02 4.17144430E-26 1.66056931E+00
1.62358418E+29 1.41214716E-15 5.75285014E+04 1.73200037E-02 4.40648949E-26 1.67849221E+00
1.63484059E+29 1.42206950E-15 5.71433311E+04 1.73521488E-02 4.65478471E-26 1.69641570E+00
1.64617504E+29 1.43206214E-15 5.67607298E+04 1.73831357E-02 4.91707771E-26 1.71433978E+00
1.65758807E+29 1.44212555E-15 5.63806798E+04 1.74129552E-02 5.19415851E-26 1.73226449E+00
1.66908023E+29 1.45226025E-15 5.60031635E+04 1.74415986E-02 5.48686178E-26 1.75018984E+00
1.68065206E+29 1.46246673E-15 5.56281635E+04 1.74690567E-02 5.79606938E-26 1.76811586E+00
1.69230412E+29 1.47274551E-15 5.52556624E+04 1.74953206E-02 6.12271306E-26 1.78604256E+00
1.70403697E+29 1.48309708E-15 5.48856431E+04 1.75203813E-02 6.46777725E-26 1.80396996E+00
1.71585116E+29 1.49352197E-15 5.45180884E+04 1.75442297E-02 6.83230205E-26 1.82189808E+00
1.72774726E+29 1.50402069E-15 5.41529814E+04 1.75668569E-02 7.21738642E-26 1.83982694E+00
1.73972584E+29 1.51459375E-15 5.37903053E+04 1.75882539E-02 7.62419147E-26 1.85775657E+00
1.75178746E+29 1.52524170E-15 5.34300435E+04 1.76084115E-02 8.05394403E-26 1.87568698E+00
1.76393271E+29 1.53596504E-15 5.30721793E+04 1.76273207E-02 8.50794034E-26 1.89361819E+00
1.77616216E+29 1.54676432E-15 5.27166963E+04 1.76449725E-02 8.98755000E-26 1.91155022E+00
1.78847640E+29 1.55764007E-15 5.23635782E+04 1.76613579E-02 9.49422015E-26 1.92948309E+00
1.80087601E+29 1.56859282E-15 5.20128087E+04 1.76764676E-02 1.00294798E-25 1.94741682E+00
1.81336160E+29 1.57962312E-15 5.16643719E+04 1.76902928E-02 1.05949447E-25 1.96535143E+00
1.82593374E+29 1.59073151E-15 5.13182518E+04 1.77028241E-02 1.11923219E-25 1.98328693E+00
1.83859305E+29 1.60191854E-15 5.09744324E+04 1.77140527E-02 1.18234152E-25 2.00122335E+00
1.85134013E+29 1.61318477E-15 5.06328981E+04 1.77239692E-02 1.24901305E-25 2.01916070E+00
1.86417558E+29 1.62453075E-15 5.02936333E+04 1.77325647E-02 1.31944819E-25 2.03709901E+00
1.87710002E+29 1.63595704E-15 4.99566225E+04 1.77398300E-02 1.39385973E-25 2.05503828E+00
1.89011407E+29 1.64746421E-15 4.96218503E+04 1.77457559E-02 1.47247255E-25 2.07297855E+00
1.90321834E+29 1.65905283E-15 4.92893014E+04 1.77503334E-02 1.55552424E-25 2.09091982E+00
1.91641347E+29 1.67072346E-15 4.89589607E+04 1.77535531E-02 1.64326588E-25 2.10886212E+00
1.92970008E+29 1.68247668E-15 4.86308132E+04 1.77554060E-02 1.73596279E-25 2.12680546E+00
1.94307881E+29 1.69431307E-15 4.83048439E+04 1.77558828E-02 1.83389532E-25 2.14474986E+00
1.95655029E+29 1.70623322E-15 4.79810379E+04 1.77549745E-02 1.93735970E-25 2.16269534E+00
1.97011517E+29 1.71823771E-15 4.76593807E+04 1.77526717E-02 2.04666901E-25 2.18064192E+00
1.98377410E+29 1.73032714E-15 4.73398575E+04 1.77489653E-02 2.16215402E-25 2.19858961E+00
1.99752772E+29 1.74250210E-15 4.70224541E+04 1.77438463E-02 2.28416429E-25 2.21653842E+00
2.01137670E+29 1.75476318E-15 4.67071559E+04 1.77373053E-02 2.41306923E-25 2.23448838E+00
2.02532170E+29 1.76711100E-15 4.63939486E+04 1.77293330E-02 2.54925924E-25 2.25243950E+00
2.03936338E+29 1.77954616E-15 4.60828180E+04 1.77199202E-02 2.69314687E-25 2.27039181E+00
2.05350240E+29 1.79206927E-15 4.57737500E+04 1.77090574E-02 2.84516808E-25 2.28834532E+00
2.06773946E+29 1.80468095E-15 4.54667305E+04 1.76967353E-02 3.00578361E-25 2.30630006E+00
2.08207522E+29 1.81738182E-15 4.51617457E+04 1.76829447E-02 3.17548034E-25 2.32425603E+00
2.09651038E+29 1.83017250E-15 4.48587818E+04 1.76676761E-02 3.35477281E-25 2.34221326E+00
2.11104561E+29 1.84305362E-15 4.45578250E+04 1.76509203E-02 3.54420480E-25 2.36017177E+00
2.12568162E+29 1.85602581E-15 4.42588618E+04 1.76326678E-02 3.74435096E-25 2.37813158E+00
2.14041909E+29 1.86908971E-15 4.39618786E+04 1.76129095E-02 3.95581862E-25 2.39609270E+00
2.15525875E+29 1.88224596E-15 4.36668622E+04 1.75916358E-02 4.17924961E-25 2.41405514E+00
2.17020129E+29 1.89549520E-15 4.33737992E+04 1.75688376E-02 4.41532223E-25 2.43201893E+00
2.18524742E+29 1.90883809E-15 4.30826764E+04 1.75445054E-02 4.66475338E-25 2.44998408E+00
2.20039788E+29 1.92227527E-15 4.27934807E+04 1.75186299E-02 4.92830067E-25 2.46795061E+00
2.21565337E+29 1.93580742E-15 4.25061992E+04 1.74912018E-02 5.20676483E-25 2.48591853E+00
2.23101463E+29 1.94943518E-15 4.22208190E+04 1.74622117E-02 5.50099212E-25 2.50388786E+00
2.24648238E+29 1.96315923E-15 4.19373272E+04 1.74316503E-02 5.81187694E-25 2.52185862E+00
2.26205738E+29 1.97698024E-15 4.16557112E+04 1.73995083E-02 6.14036456E-25 2.53983080E+00
2.27774036E+29 1.99089888E-15 4.13759583E+04 1.73657763E-02 6.48745408E-25 2.55780444E+00
2.29353207E+29 2.00491584E-15 4.10980561E+04 1.73304450E-02 6.85420140E-25 2.57577955E+00
2.30943327E+29 2.01903180E-15 4.08219921E+04 1.72935051E-02 7.24172257E-25 2.59375613E+00
2.32544471E+29 2.03324745E-15 4.05477541E+04 1.72549472E-02 7.65119716E-25 2.61173420E+00
2.34156716E+29 2.04756348E-15 4.02753297E+04 1.72147621E-02 8.08387190E-25 2.62971378E+00
2.35780138E+29 2.06198060E-15 4.00047068E+04 1.71729403E-02 8.54106452E-25 2.64769487E+00
2.37414816E+29 2.07649950E-15 3.97358734E+04 1.71294728E-02 9.02416780E-25 2.66567750E+00
2.39060827E+29 2.09112091E-15 3.94688175E+04 1.70843590E-02 9.53465386E-25 2.68366166E+00
2.40718251E+29 2.10584552E-15 3.92035273E+04 1.70376143E-02 1.00740787E-24 2.70164738E+00
2.42387165E+29 2.12067406E-15 3.89399909E+04 1.69892559E-02 1.06440870E-24 2.71963467E+00
2.44067650E+29 2.13560725E-15 3.86781966E+04 1.69393013E-02 1.12464171E-24 2.73762354E+00
2.45759785E+29 2.15064582E-15 3.84181328E+04 1.68877678E-02 1.18829066E-24 2.75561402E+00
2.47463653E+29 2.16579049E-15 3.81597880E+04 1.68346732E-02 1.25554976E-24 2.77360611E+00
2.49179333E+29 2.18104202E-15 3.79031509E+04 1.67800355E-02 1.32662431E-24 2.79159982E+00
2.50906908E+29 2.19640113E-15 3.76482103E+04 1.67238736E-02 1.40173118E-24 2.80959514E+00
2.52646461E+29 2.21186859E-15 3.73949553E+04 1.66662062E-02 1.48109967E-24 2.82759207E+00
2.54398074E+29 2.22744513E-15 3.71433747E+04 1.66070517E-02 1.56497218E-24 2.84559061E+00
2.56161831E+29 2.24313152E-15 3.68934575E+04 1.65464291E-02 1.65360493E-24 2.86359076E+00
2.57937817E+29 2.25892853E-15 3.66451927E+04 1.64843572E-02 1.74726876E-24 2.88159254E+00
2.59726115E+29 2.27483692E-15 3.63985694E+04 1.64208550E-02 1.84624997E-24 2.89959595E+00
2.61526812E+29 2.29085746E-15 3.61535769E+04 1.63559418E-02 1.95085118E-24 2.91760099E+00
2.63339993E+29 2.30699093E-15 3.59102043E+04 1.62896370E-02 2.06139230E-24 2.93560768E+00
2.65165745E+29 2.32323813E-15 3.56684409E+04 1.62219601E-02 2.17821148E-24 2.95361600E+00
2.67004155E+29 2.33959983E-15 3.54282762E+04 1.61529308E-02 2.30166619E-24 2.97162599E+00
2.68855311E+29 2.35607684E-15 3.51896995E+04 1.60825688E-02 2.43213431E-24 2.98963763E+00
2.70719301E+29 2.37266995E-15 3.49527005E+04 1.60108943E-02 2.57001529E-24 3.00765094E+00
2.72596215E+29 2.38937997E-15 3.47172687E+04 1.59379271E-02 2.71573142E-24 3.02566592E+00
2.74486141E+29 2.40620772E-15 3.44833938E+04 1.58636878E-02 2.86972908E-24 3.04368258E+00
2.76389170E+29 2.42315400E-15 3.42510655E+04 1.57881965E-02 3.03248018E-24 3.06170092E+00
2.78305392E+29 2.44021964E-15 3.40202735E+04 1.57114740E-02 3.20448361E-24 3.07972096E+00
2.80234900E+29 2.45740548E-15 3.37910079E+04 1.56335409E-02 3.38626674E-24 3.09774270E+00
2.82177786E+29 2.47471234E-15 3.35632584E+04 1.55544181E-02 3.57838712E-24 3.11576614E+00
2.84134141E+29 2.49214106E-15 3.33370151E+04 1.54741265E-02 3.78143418E-24 3.13379130E+00
2.86104061E+29 2.50969249E-15 3.31122680E+04 1.53926872E-02 3.99603103E-24 3.15181818E+00
2.88087637E+29 2.52736749E-15 3.28890074E+04 1.53101216E-02 4.22283646E-24 3.16984679E+00
2.90084966E+29 2.54516690E-15 3.26672232E+04 1.52264511E-02 4.46254692E-24 3.18787714E+00
2.92096143E+29 2.56309159E-15 3.24469059E+04 1.51416971E-02 4.71589873E-24 3.20590923E+00
2.94121263E+29 2.58114242E-15 3.22280457E+04 1.50558815E-02 4.98367033E-24 3.22394307E+00
2.96160423E+29 2.59932029E-15 3.20106331E+04 1.49690260E-02 5.26668475E-24 3.24197868E+00
2.98213721E+29 2.61762606E-15 3.17946584E+04 1.48811526E-02 5.56581212E-24 3.26001605E+00
3.00281255E+29 2.63606061E-15 3.15801122E+04 1.47922835E-02 5.88197239E-24 3.27805520E+00
3.02363123E+29 2.65462486E-15 3.13669850E+04 1.47024407E-02 6.21613821E-24 3.29609613E+00
3.04459425E+29 2.67331968E-15 3.11552675E+04 1.46116468E-02 6.56933795E-24 3.31413886E+00
3.06570260E+29 2.69214599E-15 3.09449503E+04 1.45199243E-02 6.94265890E-24 3.33218338E+00
3.08695730E+29 2.71110470E-15 3.07360243E+04 1.44272957E-02 7.33725066E-24 3.35022972E+00
3.10835937E+29 2.73019673E-15 3.05284802E+04 1.43337840E-02 7.75432870E-24 3.36827788E+00
3.12990981E+29 2.74942299E-15 3.03223090E+04 1.42394120E-02 8.19517821E-24 3.38632786E+00
3.15160966E+29 2.76878442E-15 3.01175014E+04 1.41442027E-02 8.66115804E-24 3.40437968E+00
3.17345996E+29 2.78828196E-15 2.99140487E+04 1.40481793E-02 9.15370503E-24 3.42243335E+00
3.19546175E+29 2.80791655E-15 2.97119417E+04 1.39513651E-02 9.67433839E-24 3.44048887E+00
3.21761608E+29 2.82768914E-15 2.95111716E+04 1.38537836E-02 1.02246645E-23 3.45854626E+00
3.23992401E+29 2.84760067E-15 2.93117296E+04 1.37554583E-02 1.08063820E-23 3.47660552E+00
3.26238659E+29 2.86765213E-15 2.91136069E+04 1.36564130E-02 1.14212870E-23 3.49466667E+00
3.28500492E+29 2.88784447E-15 2.89167947E+04 1.35566714E-02 1.20712785E-23 3.51272971E+00
3.30778005E+29 2.90817866E-15 2.87212845E+04 1.34562574E-02 1.27583650E-23 3.53079466E+00
3.33071309E+29 2.92865570E-15 2.85270676E+04 1.33551953E-02 1.34846700E-23 3.54886153E+00
3.35380513E+29 2.94927657E-15 2.83341354E+04 1.32535091E-02 1.42524391E-23 3.56693032E+00
3.37705726E+29 2.97004227E-15 2.81424796E+04 1.31512233E-02 1.50640469E-23 3.58500105E+00
3.40047060E+29 2.99095380E-15 2.79520915E+04 1.30483622E-02 1.59220045E-23 3.60307373E+00
3.42404627E+29 3.01201216E-15 2.77629630E+04 1.29449505E-02 1.68289674E-23 3.62114836E+00
3.44778539E+29 3.03321838E-15 2.75750856E+04 1.28410128E-02 1.77877438E-23 3.63922497E+00
3.47168909E+29 3.05457347E-15 2.73884510E+04 1.27365739E-02 1.88013031E-23 3.65730356E+00
3.49575852E+29 3.07607847E-15 2.72030511E+04 1.26316589E-02 1.98727860E-23 3.67538414E+00
3.51999483E+29 3.09773442E-15 2.70188777E+04 1.25262928E-02 2.10055134E-23 3.69346672E+00
3.54439916E+29 3.11954235E-15 2.68359227E+04 1.24205008E-02 2.22029977E-23 3.71155132E+00
3.56897270E+29 3.14150332E-15 2.66541780E+04 1.23143082E-02 2.34689533E-23 3.72963795E+00
3.59371660E+29 3.16361839E-15 2.64736356E+04 1.22077404E-02 2.48073083E-23 3.74772662E+00
3.61863205E+29 3.18588862E-15 2.62942876E+04 1.21008229E-02 2.62222174E-23 3.76581734E+00
3.64372025E+29 3.20831508E-15 2.61161261E+04 1.19935815E-02 2.77180742E-23 3.78391012E+00
3.66898238E+29 3.23089886E-15 2.59391433E+04 1.18860420E-02 2.92995257E-23 3.80200498E+00
3.69441965E+29 3.25364105E-15 2.57633312E+04 1.17782301E-02 3.09714865E-23 3.82010193E+00
3.72003329E+29 3.27654273E-15 2.55886823E+04 1.16701720E-02 3.27391546E-23 3.83820098E+00
3.74582450E+29 3.29960501E-15 2.54151888E+04 1.15618938E-02 3.46080277E-23 3.85630214E+00
3.77179453E+29 3.32282900E-15 2.52428431E+04 1.14534217E-02 3.65839203E-23 3.87440543E+00
3.79794461E+29 3.34621582E-15 2.50716376E+04 1.13447821E-02 3.86729825E-23 3.89251086E+00
3.82427599E+29 3.36976659E-15 2.49015647E+04 1.12360015E-02 4.08817193E-23 3.91061844E+00
3.85078992E+29 3.39348245E-15 2.47326170E+04 1.11271064E-02 4.32170107E-23 3.92872819E+00
3.87748768E+29 3.41736453E-15 2.45647870E+04 1.10181235E-02 4.56861342E-23 3.94684012E+00
3.90437054E+29 3.44141399E-15 2.43980673E+04 1.09090796E-02 4.82967874E-23 3.96495424E+00
3.93143977E+29 3.46563197E-15 2.42324506E+04 1.08000017E-02 5.10571122E-23 3.98307057E+00
3.95869668E+29 3.49001965E-15 2.40679296E+04 1.06909168E-02 5.39757208E-23 4.00118912E+00
3.98614257E+29 3.51457820E-15 2.39044971E+04 1.05818521E-02 5.70617227E-23 4.01930990E+00
4.01377873E+29 3.53930880E-15 2.37421459E+04 1.04728348E-02 6.03247548E-23 4.03743293E+00
4.04160650E+29 3.56421263E-15 2.35808687E+04 1.03638921E-02 6.37750112E-23 4.05555822E+00
4.06962720E+29 3.58929090E-15 2.34206585E+04 1.02550514E-02 6.74232753E-23 4.07368580E+00
4.09784217E+29 3.61454480E-15 2.32615081E+04 1.01463402E-02 7.12809543E-23 4.09181568E+00
4.12625276E+29 3.63997555E-15 2.31034107E+04 1.00377862E-02 7.53601154E-23 4.10994787E+00
4.15486032E+29 3.66558436E-15 2.29463591E+04 9.92941699E-03 7.96735237E-23 4.12808239E+00
4.18366622E+29 3.69137247E-15 2.27903464E+04 9.82126047E-03 8.42346834E-23 4.14621926E+00
4.21267183E+29 3.71734111E-15 2.26353659E+04 9.71334457E-03 8.90578805E-23 4.16435850E+00
4.24187853E+29 3.74349153E-15 2.24814106E+04 9.60569734E-03 9.41582280E-23 4.18250011E+00
4.27128773E+29 3.76982498E-15 2.23284739E+04 9.49834693E-03 9.95517145E-23 4.20064411E+00
4.30090083E+29 3.79634273E-15 2.21765489E+04 9.39132160E-03 1.05255255E-22 4.21879053E+00
4.33071923E+29 3.82304605E-15 2.20256289E+04 9.28464971E-03 1.11286744E-22 4.23693936E+00
4.36074437E+29 3.84993620E-15 2.18757075E+04 9.17835971E-03 1.17665113E-22 4.25509063E+00
4.39097767E+29 3.87701450E-15 2.17267779E+04 9.07248015E-03 1.24410393E-22 4.27324435E+00
4.42142059E+29 3.90428223E-15 2.15788337E+04 8.96703970E-03 1.31543775E-22 4.29140054E+00
4.45207456E+29 3.93174069E-15 2.14318683E+04 8.86206710E-03 1.39087679E-22 4.30955920E+00
4.48294106E+29 3.95939122E-15 2.12858753E+04 8.75759119E-03 1.47065826E-22 4.32772035E+00
4.51402156E+29 3.98723512E-15 2.11408483E+04 8.65364090E-03 1.55503315E-22 4.34588400E+00
4.54531755E+29 4.01527374E-15 2.09967809E+04 8.55024526E-03 1.64426700E-22 4.36405017E+00
4.57683051E+29 4.04350841E-15 2.08536669E+04 8.44743336E-03 1.73864077E-22 4.38221887E+00
4.60856195E+29 4.07194049E-15 2.07115000E+04 8.34523440E-03 1.83845174E-22 4.40039010E+00
4.64051339E+29 4.10057134E-15 2.05702740E+04 8.24367766E-03 1.94401448E-22 4.41856388E+00
4.67268635E+29 4.12940234E-15 2.04299826E+04 8.14279249E-03 2.05566179E-22 4.43674023E+00
4.70508236E+29 4.15843486E-15 2.02906197E+04 8.04260834E-03 2.17374586E-22 4.45491915E+00
4.73770298E+29 4.18767029E-15 2.01521794E+04 7.94315470E-03 2.29863932E-22 4.47310065E+00
4.77054976E+29 4.21711003E-15 2.00146554E+04 7.84446118E-03 2.43073649E-22 4.49128474E+00
4.80362427E+29 4.24675549E-15 1.98780418E+04 7.74655671E-03 2.57045461E-22 4.50947144E+00
4.83692809E+29 4.27660809E-15 1.97423327E+04 7.64945698E-03 2.71823519E-22 4.52766076E+00
4.87046280E+29 4.30666926E-15 1.96075221E+04 7.55316592E-03 2.87454545E-22 4.54585273E+00
4.90423001E+29 4.33694044E-15 1.94736041E+04 7.45768698E-03 3.03987979E-22 4.56404736E+00
4.93823134E+29 4.36742307E-15 1.93405729E+04 7.36302360E-03 3.21476140E-22 4.58224470E+00
4.97246839E+29 4.39811861E-15 1.92084228E+04 7.26917945E-03 3.39974374E-22 4.60044473E+00
5.00694281E+29 4.42902853E-15 1.90771493E+04 7.17616059E-03 3.59541080E-22 4.61864733E+00
5.04165625E+29 4.46015429E-15 1.89467473E+04 7.08397156E-03 3.80238130E-22 4.63685241E+00
5.07661036E+29 4.49149738E-15 1.88172113E+04 6.99261630E-03 4.02131019E-22 4.65505997E+00
5.11180680E+29 4.52305931E-15 1.86885361E+04 6.90209868E-03 4.25289049E-22 4.67326997E+00
5.14724727E+29 4.55484157E-15 1.85607163E+04 6.81242249E-03 4.49785547E-22 4.69148239E+00
5.18293344E+29 4.58684570E-15 1.84337467E+04 6.72359145E-03 4.75698098E-22 4.70969719E+00
5.21886703E+29 4.61907321E-15 1.83076220E+04 6.63560920E-03 5.03108797E-22 4.72791435E+00
5.25504975E+29 4.65152566E-15 1.81823370E+04 6.54847931E-03 5.32104507E-22 4.74613384E+00
5.29148333E+29 4.68420458E-15 1.80578865E+04 6.46220529E-03 5.62777138E-22 4.76435564E+00
5.32816950E+29 4.71711155E-15 1.79342654E+04 6.37679055E-03 5.95223944E-22 4.78257971E+00
5.36511002E+29 4.75024813E-15 1.78114685E+04 6.29223844E-03 6.29547828E-22 4.80080603E+00
5.40230665E+29 4.78361591E-15 1.76894908E+04 6.20855226E-03 6.65857673E-22 4.81903458E+00
5.43976117E+29 4.81721648E-15 1.75683271E+04 6.12573519E-03 7.04268695E-22 4.83726532E+00
5.47747536E+29 4.85105145E-15 1.74479723E+04 6.04379040E-03 7.44902804E-22 4.85549823E+00
5.51545103E+29 4.88512243E-15 1.73284215E+04 5.96272093E-03 7.87888998E-22 4.87373328E+00
5.55368998E+29 4.91943106E-15 1.72096697E+04 5.88252979E-03 8.33363775E-22 4.89197045E+00
5.59219405E+29 4.95397897E-15 1.70917119E+04 5.80321991E-03 8.81471567E-22 4.91020970E+00
5.63096507E+29 4.98876781E-15 1.69745432E+04 5.72479415E-03 9.32365209E-22 4.92845101E+00
5.67000489E+29 5.02379924E-15 1.68581585E+04 5.64725529E-03 9.86206417E-22 4.94669435E+00
5.70931538E+29 5.05907494E-15 1.67425531E+04 5.57060606E-03 1.04316632E-21 4.96493969E+00
5.74889840E+29 5.09459659E-15 1.66277221E+04 5.49484912E-03 1.10342598E-21 4.98318701E+00
5.78875586E+29 5.13036590E-15 1.65136607E+04 5.41998705E-03 1.16717702E-21 5.00143628E+00
5.82888966E+29 5.16638456E-15 1.64003639E+04 5.34602238E-03 1.23462218E-21 5.01968748E+00
5.86930170E+29 5.20265429E-15 1.62878271E+04 5.27295756E-03 1.30597601E-21 5.03794056E+00
5.90999392E+29 5.23917684E-15 1.61760455E+04 5.20079499E-03 1.38146553E-21 5.05619552E+00
5.95096826E+29 5.27595394E-15 1.60650144E+04 5.12953698E-03 1.46133096E-21 5.07445232E+00
5.99222669E+29 5.31298736E-15 1.59547290E+04 5.05918582E-03 1.54582653E-21 5.09271092E+00
6.03377116E+29 5.35027885E-15 1.58451846E+04 4.98974368E-03 1.63522121E-21 5.11097132E+00
6.07560365E+29 5.38783021E-15 1.57363767E+04 4.92121271E-03 1.72979966E-21 5.12923347E+00
6.11772618E+29 5.42564322E-15 1.56283005E+04 4.85359499E-03 1.82986308E-21 5.14749736E+00
6.16014074E+29 5.46371969E-15 1.55209516E+04 4.78689252E-03 1.93573020E-21 5.16576294E+00
6.20284937E+29 5.50206144E-15 1.54143252E+04 4.72110724E-03 2.04773830E-21 5.18403021E+00
6.24585410E+29 5.54067031E-15 1.53084169E+04 4.65624106E-03 2.16624427E-21 5.20229912E+00
6.28915698E+29 5.57954813E-15 1.52032220E+04 4.59229580E-03 2.29162579E-21 5.22056966E+00
6.33276009E+29 5.61869676E-15 1.50987362E+04 4.52927320E-03 2.42428253E-21 5.23884180E+00
6.37666549E+29 5.65811808E-15 1.49949549E+04 4.46717499E-03 2.56463738E-21 5.25711550E+00
6.42087530E+29 5.69781396E-15 1.48918737E+04 4.40600280E-03 2.71313787E-21 5.27539075E+00
6.46539162E+29 5.73778632E-15 1.47894881E+04 4.34575823E-03 2.87025757E-21 5.29366751E+00
6.51021657E+29 5.77803704E-15 1.46877937E+04 4.28644280E-03 3.03649762E-21 5.31194576E+00
6.55535229E+29 5.81856807E-15 1.45867862E+04 4.22805800E-03 3.21238830E-21 5.33022548E+00
6.60080094E+29 5.85938134E-15 1.44864611E+04 4.17060524E-03 3.39849078E-21 5.34850663E+00
6.64656469E+29 5.90047879E-15 1.43868142E+04 4.11408589E-03 3.59539889E-21 5.36678919E+00
6.69264573E+29 5.94186239E-15 1.42878412E+04 4.05850124E-03 3.80374101E-21 5.38507314E+00
6.73904624E+29 5.98353412E-15 1.41895377E+04 4.00385256E-03 4.02418212E-21 5.40335844E+00
6.78576846E+29 6.02549598E-15 1.40918995E+04 3.95014104E-03 4.25742589E-21 5.42164507E+00
6.83281460E+29 6.06774996E-15 1.39949223E+04 3.89736783E-03 4.50421695E-21 5.43993301E+00
6.88018691E+29 6.11029809E-15 1.38986020E+04 3.84553401E-03 4.76534327E-21 5.45822222E+00
6.92788766E+29 6.15314240E-15 1.38029343E+04 3.79464064E-03 5.04163871E-21 5.47651269E+00
6.97591913E+29 6.19628494E-15 1.37079151E+04 3.74468869E-03 5.33398564E-21 5.49480438E+00
7.02428359E+29 6.23972777E-15 1.36135402E+04 3.69567911E-03 5.64331783E-21 5.51309727E+00
7.07298337E+29 6.28347297E-15 1.35198056E+04 3.64761279E-03 5.97062336E-21 5.53139133E+00
7.12202079E+29 6.32752263E-15 1.34267070E+04 3.60049056E-03 6.31694786E-21 5.54968654E+00
7.17139819E+29 6.37187886E-15 1.33342405E+04 3.55431321E-03 6.68339782E-21 5.56798287E+00
7.22111793E+29 6.41654377E-15 1.32424020E+04 3.50908149E-03 7.07114414E-21 5.58628029E+00
7.27118238E+29 6.46151951E-15 1.31511874E+04 3.46479609E-03 7.48142588E-21 5.60457878E+00
7.32159392E+29 6.50680822E-15 1.30605928E+04 3.42145765E-03 7.91555420E-21 5.62287832E+00
7.37235497E+29 6.55241207E-15 1.29706142E+04 3.37906678E-03 8.37491663E-21 5.64117887E+00
7.42346795E+29 6.59833325E-15 1.28812476E+04 3.33762402E-03 8.86098143E-21 5.65948041E+00
7.47493531E+29 6.64457394E-15 1.27924890E+04 3.29712990E-03 9.37530233E-21 5.67778291E+00
7.52675948E+29 6.69113636E-15 1.27043346E+04 3.25758488E-03 9.91952352E-21 5.69608635E+00
7.57894296E+29 6.73802274E-15 1.26167805E+04 3.21898937E-03 1.04953849E-20 5.71439071E+00
7.63148823E+29 6.78523532E-15 1.25298227E+04 3.18134376E-03 1.11047275E-20 5.73269595E+00
7.68439780E+29 6.83277636E-15 1.24434575E+04 3.14464839E-03 1.17494998E-20 5.75100205E+00
7.73767419E+29 6.88064813E-15 1.23576811E+04 3.10890354E-03 1.24317634E-20 5.76930899E+00
7.79131995E+29 6.92885293E-15 1.22724895E+04 3.07410947E-03 1.31537000E-20 5.78761674E+00
7.84533764E+29 6.97739306E-15 1.21878791E+04 3.04026640E-03 1.39176184E-20 5.80592527E+00
7.89972984E+29 7.02627085E-15 1.21038460E+04 3.00737448E-03 1.47259615E-20 5.82423456E+00
7.95449914E+29 7.07548863E-15 1.20203865E+04 2.97543386E-03 1.55813147E-20 5.84254458E+00
8.00964816E+29 7.12504876E-15 1.19374970E+04 2.94444462E-03 1.64864136E-20 5.86085531E+00
8.06517954E+29 7.17495362E-15 1.18551736E+04 2.91440683E-03 1.74441531E-20 5.87916672E+00
8.12109591E+29 7.22520560E-15 1.17734128E+04 2.88532050E-03 1.84575966E-20 5.89747879E+00
8.17739996E+29 7.27580709E-15 1.16922109E+04 2.85718563E-03 1.95299856E-20 5.91579150E+00
8.23409437E+29 7.32676054E-15 1.16115642E+04 2.83000216E-03 2.06647503E-20 5.93410480E+00
8.29118184E+29 7.37806837E-15 1.15314692E+04 2.80377000E-03 2.18655206E-20 5.95241869E+00
8.34866510E+29 7.42973306E-15 1.14519222E+04 2.77848903E-03 2.31361375E-20 5.97073314E+00
8.40654690E+29 7.48175707E-15 1.13729197E+04 2.75415909E-03 2.44806654E-20 5.98904811E+00
8.46483000E+29 7.53414289E-15 1.12944581E+04 2.73077998E-03 2.59034055E-20 6.00736360E+00
8.52351717E+29 7.58689305E-15 1.12165339E+04 2.70835148E-03 2.74089088E-20 6.02567956E+00
8.58261123E+29 7.64001006E-15 1.11391436E+04 2.68687334E-03 2.90019913E-20 6.04399598E+00
8.64211499E+29 7.69349648E-15 1.10622836E+04 2.66634526E-03 3.06877494E-20 6.06231284E+00
8.70203130E+29 7.74735487E-15 1.09859506E+04 2.64676692E-03 3.24715754E-20 6.08063010E+00
8.76236300E+29 7.80158781E-15 1.09101410E+04 2.62813797E-03 3.43591758E-20 6.09894775E+00
8.82311299E+29 7.85619790E-15 1.08348515E+04 2.61045803E-03 3.63565887E-20 6.11726576E+00
8.88428417E+29 7.91118776E-15 1.07600786E+04 2.59372669E-03 3.84702036E-20 6.13558411E+00
8.94587945E+29 7.96656003E-15 1.06858190E+04 2.57794351E-03 4.07067815E-20 6.15390278E+00
9.00790177E+29 8.02231737E-15 1.06120692E+04 2.56310801E-03 4.30734766E-20 6.17222173E+00
9.07035409E+29 8.07846245E-15 1.05388259E+04 2.54921972E-03 4.55778592E-20 6.19054096E+00
9.13323940E+29 8.13499796E-15 1.04660858E+04 2.53627811E-03 4.82279399E-20 6.20886043E+00
9.19656070E+29 8.19192662E-15 1.03938455E+04 2.52428263E-03 5.10321949E-20 6.22718012E+00
9.26032101E+29 8.24925117E-15 1.03221019E+04 2.51323271E-03 5.39995934E-20 6.24550001E+00
9.32452338E+29 8.30697434E-15 1.02508515E+04 2.50312776E-03 5.71396262E-20 6.26382008E+00
9.38917086E+29 8.36509891E-15 1.01800911E+04 2.49396716E-03 6.04623356E-20 6.28214031E+00
9.45426655E+29 8.42362768E-15 1.01098176E+04 2.48575026E-03 6.39783480E-20 6.30046067E+00
9.51981355E+29 8.48256346E-15 1.00400276E+04 2.47847641E-03 6.76989072E-20 6.31878114E+00
9.58581499E+29 8.54190906E-15 9.97071808E+03 2.47214489E-03 7.16359108E-20 6.33710170E+00
9.65227402E+29 8.60166735E-15 9.90188573E+03 2.46675396E-03 7.58019480E-20 6.35542233E+00
9.71919382E+29 8.66184120E-15 9.83352742E+03 2.46230066E-03 8.02103395E-20 6.37374300E+00
9.78657757E+29 8.72243349E-15 9.76564002E+03 2.45878194E-03 8.48751802E-20 6.39206368E+00
9.85442851E+29 8.78344714E-15 9.69822039E+03 2.45619471E-03 8.98113842E-20 6.41038435E+00
9.92274985E+29 8.84488508E-15 9.63126543E+03 2.45453585E-03 9.50347337E-20 6.42870499E+00
9.99154488E+29 8.90675027E-15 9.56477186E+03 2.45380208E-03 1.00561941E-19 6.44702562E+00
1.00608169E+30 8.96904568E-15 9.49873654E+03 2.45399017E-03 1.06410685E-19 6.46534625E+00
1.01305691E+30 9.03177431E-15 9.43315638E+03 2.45509694E-03 1.12599669E-19 6.48366685E+00
1.02008050E+30 9.09493917E-15 9.36802830E+03 2.45711918E-03 1.19148684E-19 6.50198742E+00
1.02715277E+30 9.15854331E-15 9.30334924E+03 2.46005366E-03 1.26078672E-19 6.52030795E+00
1.03427409E+30 9.22258977E-15 9.23911618E+03 2.46389715E-03 1.33411792E-19 6.53862842E+00
1.04144477E+30 9.28708165E-15 9.17532609E+03 2.46864640E-03 1.41171493E-19 6.55694884E+00
1.04866517E+30 9.35202204E-15 9.11197598E+03 2.47429815E-03 1.49382585E-19 6.57526918E+00
1.05593563E+30 9.41741406E-15 9.04906287E+03 2.48084912E-03 1.58071324E-19 6.59358943E+00
1.06325650E+30 9.48326087E-15 8.98658381E+03 2.48829603E-03 1.67265487E-19 6.61190959E+00
1.07062812E+30 9.54956563E-15 8.92453586E+03 2.49663558E-03 1.76994471E-19 6.63022965E+00
1.07805085E+30 9.61633153E-15 8.86291609E+03 2.50586446E-03 1.87289379E-19 6.64854959E+00
1.08552504E+30 9.68356178E-15 8.80172162E+03 2.51597936E-03 1.98183122E-19 6.66686940E+00
1.09305105E+30 9.75125963E-15 8.74094955E+03 2.52697694E-03 2.09710525E-19 6.68518908E+00
1.10062924E+30 9.81942831E-15 8.68059702E+03 2.53885387E-03 2.21908437E-19 6.70350861E+00
1.10825997E+30 9.88807113E-15 8.62066120E+03 2.55160679E-03 2.34815847E-19 6.72182798E+00
1.11594360E+30 9.95719138E-15 8.56113925E+03 2.56523236E-03 2.48474013E-19 6.74014718E+00
1.12368050E+30 1.00267924E-14 8.50202837E+03 2.57972720E-03 2.62926588E-19 6.75846620E+00
1.13147105E+30 1.00968775E-14 8.44332578E+03 2.59508794E-03 2.78219762E-19 6.77678504E+00
1.13931560E+30 1.01674501E-14 8.38502869E+03 2.61131120E-03 2.94402410E-19 6.79510367E+00
1.14721455E+30 1.02385136E-14 8.32713436E+03 2.62839359E-03 3.11526247E-19 6.81342210E+00
1.15516826E+30 1.03100714E-14 8.26964006E+03 2.64633171E-03 3.29645992E-19 6.83174030E+00
1.16317711E+30 1.03821270E-14 8.21254306E+03 2.66512216E-03 3.48819543E-19 6.85005827E+00
1.17124148E+30 1.04546837E-14 8.15584068E+03 2.68476152E-03 3.69108163E-19 6.86837600E+00
1.17936177E+30 1.05277452E-14 8.09953022E+03 2.70524639E-03 3.90576672E-19 6.88669348E+00
1.18753836E+30 1.06013150E-14 8.04360902E+03 2.72657333E-03 4.13293657E-19 6.90501069E+00
1.19577163E+30 1.06753965E-14 7.98807445E+03 2.74873893E-03 4.37331688E-19 6.92332764E+00
1.20406199E+30 1.07499934E-14 7.93292386E+03 2.77173975E-03 4.62767551E-19 6.94164429E+00
1.21240982E+30 1.08251092E-14 7.87815465E+03 2.79557235E-03 4.89682492E-19 6.95996066E+00
1.22081553E+30 1.09007476E-14 7.82376423E+03 2.82023329E-03 5.18162473E-19 6.97827672E+00
1.22927952E+30 1.09769123E-14 7.76975001E+03 2.84571913E-03 5.48298452E-19 6.99659247E+00
1.23780219E+30 1.10536068E-14 7.71610944E+03 2.87202641E-03 5.80186665E-19 7.01490789E+00
1.24638395E+30 1.11308349E-14 7.66283997E+03 2.89915169E-03 6.13928939E-19 7.03322298E+00
1.25502520E+30 1.12086003E-14 7.60993907E+03 2.92709151E-03 6.49633012E-19 7.05153772E+00
1.26372637E+30 1.12869068E-14 7.55740424E+03 2.95584241E-03 6.87412878E-19 7.06985211E+00
1.27248786E+30 1.13657581E-14 7.50523298E+03 2.98540094E-03 7.27389149E-19 7.08816613E+00
1.28131009E+30 1.14451581E-14 7.45342281E+03 3.01576362E-03 7.69689437E-19 7.10647977E+00
1.29019349E+30 1.15251105E-14 7.40197127E+03 3.04692700E-03 8.14448765E-19 7.12479303E+00
1.29913848E+30 1.16056193E-14 7.35087592E+03 3.07888761E-03 8.61809989E-19 7.14310589E+00
1.30814549E+30 1.16866883E-14 7.30013432E+03 3.11164199E-03 9.11924260E-19 7.16141834E+00
1.31721494E+30 1.17683215E-14 7.24974406E+03 3.14518666E-03 9.64951499E-19 7.17973038E+00
1.32634727E+30 1.18505227E-14 7.19970275E+03 3.17951817E-03 1.02106091E-18 7.19804199E+00
1.33554292E+30 1.19332959E-14 7.15000801E+03 3.21463304E-03 1.08043151E-18 7.21635317E+00
1.34480232E+30 1.20166452E-14 7.10065746E+03 3.25052781E-03 1.14325272E-18 7.23466389E+00
1.35412591E+30 1.21005746E-14 7.05164876E+03 3.28719901E-03 1.20972492E-18 7.25297416E+00
1.36351415E+30 1.21850881E-14 7.00297958E+03 3.32464318E-03 1.28006015E-18 7.27128396E+00
1.37296747E+30 1.22701897E-14 6.95464758E+03 3.36285684E-03 1.35448273E-18 7.28959328E+00
1.38248634E+30 1.23558837E-14 6.90665048E+03 3.40183655E-03 1.43322999E-18 7.30790212E+00
1.39207120E+30 1.24421742E-14 6.85898598E+03 3.44157883E-03 1.51655304E-18 7.32621045E+00
1.40172251E+30 1.25290652E-14 6.81165181E+03 3.48208023E-03 1.60471755E-18 7.34451828E+00
1.41144074E+30 1.26165611E-14 6.76464571E+03 3.52333729E-03 1.69800459E-18 7.36282559E+00
1.42122635E+30 1.27046660E-14 6.71796543E+03 3.56534656E-03 1.79671153E-18 7.38113237E+00
1.43107979E+30 1.27933843E-14 6.67160874E+03 3.60810458E-03 1.90115300E-18 7.39943861E+00
1.44100156E+30 1.28827201E-14 6.62557344E+03 3.65160791E-03 2.01166185E-18 7.41774430E+00
1.45099211E+30 1.29726779E-14 6.57985732E+03 3.69585310E-03 2.12859023E-18 7.43604944E+00
1.46105192E+30 1.30632619E-14 6.53445820E+03 3.74083671E-03 2.25231073E-18 7.45435400E+00
1.47118148E+30 1.31544766E-14 6.48937390E+03 3.78655530E-03 2.38321751E-18 7.47265799E+00
1.48138127E+30 1.32463263E-14 6.44460228E+03 3.83300544E-03 2.52172758E-18 7.49096139E+00
1.49165178E+30 1.33388155E-14 6.40014118E+03 3.88018370E-03 2.66828213E-18 7.50926419E+00
1.50199349E+30 1.34319488E-14 6.35598849E+03 3.92808666E-03 2.82334792E-18 7.52756638E+00
1.51240690E+30 1.35257305E-14 6.31214208E+03 3.97671090E-03 2.98741874E-18 7.54586795E+00
1.52289251E+30 1.36201652E-14 6.26859987E+03 4.02605300E-03 3.16101701E-18 7.56416890E+00
1.53345082E+30 1.37152575E-14 6.22535975E+03 4.07610956E-03 3.34469540E-18 7.58246920E+00
1.54408232E+30 1.38110121E-14 6.18241966E+03 4.12687717E-03 3.53903861E-18 7.60076886E+00
1.55478754E+30 1.39074335E-14 6.13977755E+03 4.17835243E-03 3.74466522E-18 7.61906786E+00
1.56556697E+30 1.40045263E-14 6.09743137E+03 4.23053196E-03 3.96222961E-18 7.63736619E+00
1.57642114E+30 1.41022954E-14 6.05537908E+03 4.28341238E-03 4.19242409E-18 7.65566384E+00
1.58735057E+30 1.42007455E-14 6.01361868E+03 4.33699030E-03 4.43598104E-18 7.67396081E+00
1.59835576E+30 1.42998812E-14 5.97214815E+03 4.39126235E-03 4.69367526E-18 7.69225707E+00
1.60943726E+30 1.43997075E-14 5.93096551E+03 4.44622518E-03 4.96632642E-18 7.71055263E+00
1.62059559E+30 1.45002292E-14 5.89006878E+03 4.50187542E-03 5.25480162E-18 7.72884747E+00
1.63183127E+30 1.46014511E-14 5.84945599E+03 4.55820973E-03 5.56001819E-18 7.74714159E+00
1.64314486E+30 1.47033781E-14 5.80912520E+03 4.61522476E-03 5.88294654E-18 7.76543496E+00
1.65453688E+30 1.48060152E-14 5.76907447E+03 4.67291720E-03 6.22461323E-18 7.78372759E+00
1.66600788E+30 1.49093673E-14 5.72930186E+03 4.73128370E-03 6.58610427E-18 7.80201946E+00
1.67755842E+30 1.50134396E-14 5.68980548E+03 4.79032096E-03 6.96856848E-18 7.82031057E+00
1.68918903E+30 1.51182369E-14 5.65058342E+03 4.85002568E-03 7.37322117E-18 7.83860090E+00
1.70090028E+30 1.52237645E-14 5.61163379E+03 4.91039454E-03 7.80134795E-18 7.85689044E+00
1.71269272E+30 1.53300274E-14 5.57295472E+03 4.97142427E-03 8.25430884E-18 7.87517919E+00
1.72456693E+30 1.54370307E-14 5.53454435E+03 5.03311158E-03 8.73354248E-18 7.89346713E+00
1.73652345E+30 1.55447798E-14 5.49640083E+03 5.09545321E-03 9.24057075E-18 7.91175425E+00
1.74856287E+30 1.56532797E-14 5.45852232E+03 5.15844589E-03 9.77700354E-18 7.93004055E+00
1.76068577E+30 1.57625358E-14 5.42090700E+03 5.22208638E-03 1.03445438E-17 7.94832602E+00
1.77289271E+30 1.58725535E-14 5.38355306E+03 5.28637144E-03 1.09449931E-17 7.96661064E+00
1.78518428E+30 1.59833379E-14 5.34645869E+03 5.35129783E-03 1.15802568E-17 7.98489440E+00
1.79756107E+30 1.60948945E-14 5.30962211E+03 5.41686234E-03 1.22523509E-17 8.00317730E+00
1.81002367E+30 1.62072288E-14 5.27304155E+03 5.48306176E-03 1.29634076E-17 8.02145933E+00
1.82257267E+30 1.63203462E-14 5.23671522E+03 5.54989289E-03 1.37156824E-17 8.03974047E+00
1.83520868E+30 1.64342521E-14 5.20064140E+03 5.61735255E-03 1.45115612E-17 8.05802072E+00
1.84793229E+30 1.65489522E-14 5.16481833E+03 5.68543756E-03 1.53535676E-17 8.07630007E+00
1.86074411E+30 1.66644520E-14 5.12924428E+03 5.75414476E-03 1.62443712E-17 8.09457851E+00
1.87364477E+30 1.67807571E-14 5.09391755E+03 5.82347100E-03 1.71867959E-17 8.11285602E+00
1.88663486E+30 1.68978731E-14 5.05883641E+03 5.89341313E-03 1.81838283E-17 8.13113260E+00
1.89971501E+30 1.70158059E-14 5.02399919E+03 5.96396804E-03 1.92386280E-17 8.14940824E+00
1.91288585E+30 1.71345610E-14 4.98940419E+03 6.03513259E-03 2.03545368E-17 8.16768293E+00
1.92614800E+30 1.72541444E-14 4.95504974E+03 6.10690370E-03 2.15350895E-17 8.18595667E+00
1.93950210E+30 1.73745617E-14 4.92093419E+03 6.17927827E-03 2.27840250E-17 8.20422943E+00
1.95294879E+30 1.74958190E-14 4.88705588E+03 6.25225322E-03 2.41052980E-17 8.22250121E+00
1.96648870E+30 1.76179220E-14 4.85341318E+03 6.32582549E-03 2.55030917E-17 8.24077200E+00
1.98012248E+30 1.77408767E-14 4.82000445E+03 6.39999202E-03 2.69818305E-17 8.25904179E+00
1.99385079E+30 1.78646892E-14 4.78682809E+03 6.47474977E-03 2.85461941E-17 8.27731058E+00
2.00767428E+30 1.79893654E-14 4.75388248E+03 6.55009573E-03 3.02011326E-17 8.29557835E+00
2.02159361E+30 1.81149114E-14 4.72116604E+03 6.62602687E-03 3.19518813E-17 8.31384509E+00
2.03560944E+30 1.82413334E-14 4.68867717E+03 6.70254020E-03 3.38039777E-17 8.33211080E+00
2.04972244E+30 1.83686374E-14 4.65641432E+03 6.77963273E-03 3.57632787E-17 8.35037546E+00
2.06393329E+30 1.84968298E-14 4.62437590E+03 6.85730150E-03 3.78359790E-17 8.36863907E+00
2.07824266E+30 1.86259168E-14 4.59256038E+03 6.93554354E-03 4.00286306E-17 8.38690161E+00
2.09265124E+30 1.87559045E-14 4.56096621E+03 7.01435591E-03 4.23481630E-17 8.40516307E+00
2.10715972E+30 1.88867995E-14 4.52959186E+03 7.09373569E-03 4.48019056E-17 8.42342346E+00
2.12176879E+30 1.90186081E-14 4.49843581E+03 7.17367996E-03 4.73976101E-17 8.44168274E+00
2.13647914E+30 1.91513367E-14 4.46749655E+03 7.25418582E-03 5.01434751E-17 8.45994093E+00
2.15129148E+30 1.92849918E-14 4.43677258E+03 7.33525038E-03 5.30481715E-17 8.47819800E+00
2.16620651E+30 1.94195799E-14 4.40626241E+03 7.41687079E-03 5.61208701E-17 8.49645396E+00
2.18122495E+30 1.95551076E-14 4.37596456E+03 7.49904417E-03 5.93712699E-17 8.51470878E+00
2.19634751E+30 1.96915815E-14 4.34587756E+03 7.58176771E-03 6.28096289E-17 8.53296246E+00
2.21157492E+30 1.98290082E-14 4.31599994E+03 7.66503856E-03 6.64467956E-17 8.55121499E+00
2.22690791E+30 1.99673946E-14 4.28633027E+03 7.74885392E-03 7.02942435E-17 8.56946636E+00
2.24234719E+30 2.01067473E-14 4.25686710E+03 7.83321100E-03 7.43641070E-17 8.58771656E+00
2.25789352E+30 2.02470732E-14 4.22760899E+03 7.91810702E-03 7.86692189E-17 8.60596558E+00
2.27354763E+30 2.03883791E-14 4.19855454E+03 8.00353922E-03 8.32231508E-17 8.62421342E+00
2.28931028E+30 2.05306719E-14 4.16970232E+03 8.08950485E-03 8.80402558E-17 8.64246006E+00
2.30518220E+30 2.06739586E-14 4.14105094E+03 8.17600119E-03 9.31357126E-17 8.66070549E+00
2.32116417E+30 2.08182463E-14 4.11259900E+03 8.26302552E-03 9.85255739E-17 8.67894971E+00
2.33725694E+30 2.09635419E-14 4.08434512E+03 8.35057514E-03 1.04226816E-16 8.69719270E+00
2.35346128E+30 2.11098525E-14 4.05628792E+03 8.43864738E-03 1.10257391E-16 8.71543446E+00
2.36977797E+30 2.12571854E-14 4.02842606E+03 8.52723956E-03 1.16636285E-16 8.73367497E+00
2.38620779E+30 2.14055478E-14 4.00075816E+03 8.61634905E-03 1.23383575E-16 8.75191424E+00
2.40275151E+30 2.15549469E-14 3.97328288E+03 8.70597320E-03 1.30520493E-16 8.77015224E+00
2.41940993E+30 2.17053900E-14 3.94599889E+03 8.79610941E-03 1.38069492E-16 8.78838897E+00
2.43618384E+30 2.18568845E-14 3.91890486E+03 8.88675508E-03 1.46054316E-16 8.80662441E+00
2.45307405E+30 2.20094378E-14 3.89199947E+03 8.97790762E-03 1.54500072E-16 8.82485857E+00
2.47008136E+30 2.21630574E-14 3.86528142E+03 9.06956448E-03 1.63433312E-16 8.84309143E+00
2.48720659E+30 2.23177509E-14 3.83874939E+03 9.16172311E-03 1.72882114E-16 8.86132298E+00
2.50445054E+30 2.24735258E-14 3.81240211E+03 9.25438098E-03 1.82876168E-16 8.87955322E+00
2.52181405E+30 2.26303898E-14 3.78623828E+03 9.34753558E-03 1.93446869E-16 8.89778212E+00
2.53929793E+30 2.27883505E-14 3.76025664E+03 9.44118441E-03 2.04627418E-16 8.91600970E+00
2.55690304E+30 2.29474157E-14 3.73445591E+03 9.53532501E-03 2.16452919E-16 8.93423592E+00
2.57463020E+30 2.31075932E-14 3.70883485E+03 9.62995491E-03 2.28960494E-16 8.95246079E+00
2.59248027E+30 2.32688909E-14 3.68339220E+03 9.72507167E-03 2.42189397E-16 8.97068430E+00
2.61045409E+30 2.34313167E-14 3.65812673E+03 9.82067287E-03 2.56181134E-16 8.98890643E+00
2.62855253E+30 2.35948786E-14 3.63303720E+03 9.91675611E-03 2.70979592E-16 9.00712718E+00
2.64677644E+30 2.37595846E-14 3.60812239E+03 1.00133190E-02 2.86631178E-16 9.02534654E+00
2.66512670E+30 2.39254427E-14 3.58338108E+03 1.01103592E-02 3.03184963E-16 9.04356450E+00
2.68360418E+30 2.40924612E-14 3.55881208E+03 1.02078743E-02 3.20692831E-16 9.06178104E+00
2.70220977E+30 2.42606483E-14 3.53441419E+03 1.03058620E-02 3.39209642E-16 9.07999617E+00
2.72094436E+30 2.44300122E-14 3.51018620E+03 1.04043200E-02 3.58793402E-16 9.09820986E+00
2.73980883E+30 2.46005612E-14 3.48612695E+03 1.05032460E-02 3.79505446E-16 9.11642212E+00
2.75880409E+30 2.47723038E-14 3.46223526E+03 1.06026377E-02 4.01410621E-16 9.13463293E+00
2.77793104E+30 2.49452484E-14 3.43850996E+03 1.07024929E-02 4.24577495E-16 9.15284228E+00
2.79719061E+30 2.51194034E-14 3.41494990E+03 1.08028093E-02 4.49078563E-16 9.17105017E+00
2.81658370E+30 2.52947775E-14 3.39155393E+03 1.09035847E-02 4.74990476E-16 9.18925658E+00
2.83611124E+30 2.54713794E-14 3.36832090E+03 1.10048170E-02 5.02394275E-16 9.20746150E+00
2.85577417E+30 2.56492176E-14 3.34524968E+03 1.11065038E-02 5.31375644E-16 9.22566493E+00
2.87557343E+30 2.58283010E-14 3.32233915E+03 1.12086432E-02 5.62025176E-16 9.24386685E+00
2.89550995E+30 2.60086384E-14 3.29958818E+03 1.13112328E-02 5.94438649E-16 9.26206727E+00
2.91558470E+30 2.61902387E-14 3.27699567E+03 1.14142707E-02 6.28717328E-16 9.28026616E+00
2.93579862E+30 2.63731108E-14 3.25456052E+03 1.15177546E-02 6.64968271E-16 9.29846352E+00
2.95615269E+30 2.65572637E-14 3.23228162E+03 1.16216826E-02 7.03304668E-16 9.31665933E+00
2.97664787E+30 2.67427066E-14 3.21015789E+03 1.17260525E-02 7.43846183E-16 9.33485360E+00
2.99728515E+30 2.69294485E-14 3.18818825E+03 1.18308623E-02 7.86719328E-16 9.35304631E+00
3.01806551E+30 2.71174987E-14 3.16637163E+03 1.19361100E-02 8.32057852E-16 9.37123745E+00
3.03898994E+30 2.73068666E-14 3.14470696E+03 1.20417936E-02 8.80003154E-16 9.38942702E+00
3.06005944E+30 2.74975613E-14 3.12319318E+03 1.21479111E-02 9.30704721E-16 9.40761499E+00
3.08127502E+30 2.76895924E-14 3.10182924E+03 1.22544604E-02 9.84320584E-16 9.42580138E+00
3.10263768E+30 2.78829693E-14 3.08061410E+03 1.23614398E-02 1.04101781E-15 9.44398615E+00
3.12414846E+30 2.80777016E-14 3.05954671E+03 1.24688472E-02 1.10097301E-15 9.46216931E+00
3.14580837E+30 2.82737988E-14 3.03862606E+03 1.25766807E-02 1.16437290E-15 9.48035085E+00
3.16761845E+30 2.84712709E-14 3.01785111E+03 1.26849385E-02 1.23141485E-15 9.49853076E+00
3.18957974E+30 2.86701273E-14 2.99722086E+03 1.27936186E-02 1.30205517E-15 9.51666694E+00
3.21169328E+30 2.88703781E-14 2.97673428E+03 1.29027193E-02 1.37503124E-15 9.53453215E+00
3.23396015E+30 2.90720331E-14 2.95639039E+03 1.30122388E-02 1.45208702E-15 9.55239573E+00
3.25638139E+30 2.92751022E-14 2.93618819E+03 1.31221751E-02 1.53344996E-15 9.57025768E+00
3.27895808E+30 2.94795956E-14 2.91612669E+03 1.32325266E-02 1.61936009E-15 9.58811800E+00
3.30169129E+30 2.96855233E-14 2.89620491E+03 1.33432914E-02 1.71007082E-15 9.60597666E+00
3.32458211E+30 2.98928956E-14 2.87642187E+03 1.34544679E-02 1.80584963E-15 9.62383367E+00
3.34763164E+30 3.01017227E-14 2.85677661E+03 1.35660543E-02 1.90697884E-15 9.64168901E+00
3.37084097E+30 3.03120150E-14 2.83726817E+03 1.36780488E-02 2.01375646E-15 9.65954268E+00
3.39421122E+30 3.05237829E-14 2.81789559E+03 1.37904499E-02 2.12649703E-15 9.67739467E+00
3.41774349E+30 3.07370368E-14 2.79865792E+03 1.39032559E-02 2.24553255E-15 9.69524496E+00
3.44143891E+30 3.09517874E-14 2.77955423E+03 1.40164651E-02 2.37121346E-15 9.71309354E+00
3.46529861E+30 3.11680454E-14 2.76058358E+03 1.41300759E-02 2.50390962E-15 9.73094042E+00
3.48932374E+30 3.13858214E-14 2.74174504E+03 1.42440867E-02 2.64401144E-15 9.74878557E+00
3.51351543E+30 3.16051262E-14 2.72303769E+03 1.43584960E-02 2.79193093E-15 9.76662899E+00
3.53787484E+30 3.18259708E-14 2.70446061E+03 1.44733021E-02 2.94810300E-15 9.78447068E+00
3.56240314E+30 3.20483661E-14 2.68601289E+03 1.45885036E-02 3.11298664E-15 9.80231061E+00
3.58710150E+30 3.22723231E-14 2.66769364E+03 1.47040989E-02 3.28706628E-15 9.82014879E+00
3.61197109E+30 3.24978530E-14 2.64950195E+03 1.48200866E-02 3.47085321E-15 9.83798520E+00
3.63701310E+30 3.27249670E-14 2.63143694E+03 1.49364652E-02 3.66488704E-15 9.85581983E+00
3.66222873E+30 3.29536764E-14 2.61349772E+03 1.50532332E-02 3.86973728E-15 9.87365268E+00
3.68761919E+30 3.31839926E-14 2.59568341E+03 1.51703892E-02 4.08600495E-15 9.89148373E+00
3.71318567E+30 3.34159269E-14 2.57799314E+03 1.52879319E-02 4.31432439E-15 9.90931298E+00
3.73892941E+30 3.36494910E-14 2.56042604E+03 1.54058597E-02 4.55536504E-15 9.92714042E+00
3.76485164E+30 3.38846965E-14 2.54298126E+03 1.55241715E-02 4.80983339E-15 9.94496603E+00
3.79095358E+30 3.41215551E-14 2.52565794E+03 1.56428658E-02 5.07847502E-15 9.96278981E+00
3.81723649E+30 3.43600786E-14 2.50845522E+03 1.57619412E-02 5.36207677E-15 9.98061175E+00
3.84370162E+30 3.46002789E-14 2.49137228E+03 1.58813966E-02 5.66146900E-15 9.99843184E+00
3.87035023E+30 3.48421679E-14 2.47440827E+03 1.60012307E-02 5.97752800E-15 1.00162501E+01
3.89718361E+30 3.50857577E-14 2.45756236E+03 1.61214421E-02 6.31117850E-15 1.00340664E+01
3.92420301E+30 3.53310605E-14 2.44083373E+03 1.62420297E-02 6.66339634E-15 1.00518809E+01
3.95140975E+30 3.55780885E-14 2.42422155E+03 1.63629923E-02 7.03521131E-15 1.00696935E+01
3.97880511E+30 3.58268540E-14 2.40772502E+03 1.64843287E-02 7.42771008E-15 1.00875042E+01
4.00639041E+30 3.60773694E-14 2.39134332E+03 1.66060376E-02 7.84203937E-15 1.01053130E+01
4.03416695E+30 3.63296472E-14 2.37507566E+03 1.67281181E-02 8.27940921E-15 1.01231199E+01
4.06213608E+30 3.65837001E-14 2.35892123E+03 1.68505689E-02 8.74109646E-15 1.01409249E+01
4.09029911E+30 3.68395407E-14 2.34287925E+03 1.69733890E-02 9.22844846E-15 1.01587279E+01
4.11865740E+30 3.70971818E-14 2.32694893E+03 1.70965773E-02 9.74288693E-15 1.01765290E+01
4.14721230E+30 3.73566363E-14 2.31112949E+03 1.72201328E-02 1.02859120E-14 1.01943281E+01
4.17596517E+30 3.76179171E-14 2.29542015E+03 1.73440544E-02 1.08591066E-14 1.02121253E+01
4.20491739E+30 3.78810373E-14 2.27982015E+03 1.74683411E-02 1.14641411E-14 1.02299205E+01
4.23407034E+30 3.81460101E-14 2.26432872E+03 1.75929920E-02 1.21027776E-14 1.02477137E+01
4.26342540E+30 3.84128487E-14 2.24894511E+03 1.77180061E-02 1.27768757E-14 1.02655049E+01
4.29298399E+30 3.86815666E-14 2.23366855E+03 1.78433825E-02 1.34883975E-14 1.02832941E+01
4.32274750E+30 3.89521770E-14 2.21849831E+03 1.79691202E-02 1.42394130E-14 1.03010813E+01
4.35271737E+30 3.92246937E-14 2.20343363E+03 1.80952184E-02 1.50321063E-14 1.03188665E+01
4.38289502E+30 3.94991302E-14 2.18847378E+03 1.82216762E-02 1.58687820E-14 1.03366496E+01
4.41328190E+30 3.97755004E-14 2.17361803E+03 1.83484928E-02 1.67518714E-14 1.03544307E+01
4.44387945E+30 4.00538180E-14 2.15886565E+03 1.84756674E-02 1.76839398E-14 1.03722098E+01
4.47468913E+30 4.03340970E-14 2.14421592E+03 1.86031991E-02 1.86676935E-14 1.03899868E+01
4.50571242E+30 4.06163515E-14 2.12966812E+03 1.87310873E-02 1.97059879E-14 1.04077617E+01
4.53695080E+30 4.09005957E-14 2.11522153E+03 1.88593311E-02 2.08018355E-14 1.04255345E+01
4.56840575E+30 4.11868438E-14 2.10087545E+03 1.89879298E-02 2.19584145E-14 1.04433053E+01
4.60007878E+30 4.14751102E-14 2.08662918E+03 1.91168828E-02 2.31790777E-14 1.04610740E+01
4.63197141E+30 4.17654094E-14 2.07248202E+03 1.92461893E-02 2.44673624E-14 1.04788405E+01
4.66408514E+30 4.20577560E-14 2.05843327E+03 1.93758488E-02 2.58270002E-14 1.04966049E+01
4.69642153E+30 4.23521647E-14 2.04448225E+03 1.95058606E-02 2.72619279E-14 1.05143672E+01
4.72898210E+30 4.26486503E-14 2.03062827E+03 1.96362240E-02 2.87762986E-14 1.05321274E+01
4.76176842E+30 4.29472277E-14 2.01687065E+03 1.97669386E-02 3.03744932E-14 1.05498854E+01
4.79478205E+30 4.32479119E-14 2.00320873E+03 1.98980038E-02 3.20611334E-14 1.05676412E+01
4.82802456E+30 4.35507181E-14 1.98964182E+03 2.00294190E-02 3.38410947E-14 1.05853949E+01
4.86149754E+30 4.38556616E-14 1.97616928E+03 2.01611837E-02 3.57195200E-14 1.06031464E+01
4.89520260E+30 4.41627576E-14 1.96279042E+03 2.02932974E-02 3.77018345E-14 1.06208957E+01
4.92914133E+30 4.44720217E-14 1.94950461E+03 2.04257598E-02 3.97937608E-14 1.06386429E+01
4.96331537E+30 4.47834695E-14 1.93631119E+03 2.05585703E-02 4.20013356E-14 1.06563878E+01
4.99772633E+30 4.50971167E-14 1.92320951E+03 2.06917285E-02 4.43309264E-14 1.06741305E+01
5.03237587E+30 4.54129791E-14 1.91019894E+03 2.08252342E-02 4.67892497E-14 1.06918709E+01
5.06726564E+30 4.57310726E-14 1.89727883E+03 2.09590869E-02 4.93833901E-14 1.07096091E+01
5.10239729E+30 4.60514134E-14 1.88444855E+03 2.10932862E-02 5.21208204E-14 1.07273451E+01
5.13777252E+30 4.63740175E-14 1.87170747E+03 2.12278320E-02 5.50094223E-14 1.07450788E+01
5.17339301E+30 4.66989012E-14 1.85905498E+03 2.13627239E-02 5.80575096E-14 1.07628103E+01
5.20926045E+30 4.70260811E-14 1.84649044E+03 2.14979617E-02 6.12738508E-14 1.07805394E+01
5.24537657E+30 4.73555736E-14 1.83401325E+03 2.16335451E-02 6.46676944E-14 1.07982663E+01
5.28174308E+30 4.76873954E-14 1.82162280E+03 2.17694740E-02 6.82487949E-14 1.08159909E+01
5.31836173E+30 4.80215632E-14 1.80931847E+03 2.19057481E-02 7.20274404E-14 1.08337131E+01
5.35523425E+30 4.83580941E-14 1.79709967E+03 2.20423674E-02 7.60144815E-14 1.08514330E+01
5.39236241E+30 4.86970049E-14 1.78496579E+03 2.21793317E-02 8.02213619E-14 1.08691506E+01
5.42974798E+30 4.90383130E-14 1.77291625E+03 2.23166409E-02 8.46601510E-14 1.08868659E+01
5.46739275E+30 4.93820355E-14 1.76095045E+03 2.24542949E-02 8.93435773E-14 1.09045788E+01
5.50529852E+30 4.97281899E-14 1.74906781E+03 2.25922937E-02 9.42850648E-14 1.09222893E+01
5.54346708E+30 5.00767938E-14 1.73726774E+03 2.27306373E-02 9.94987706E-14 1.09399974E+01
5.58190027E+30 5.04278648E-14 1.72554967E+03 2.28693257E-02 1.04999624E-13 1.09577032E+01
5.62059993E+30 5.07814208E-14 1.71391302E+03 2.30083590E-02 1.10803371E-13 1.09754066E+01
5.65956788E+30 5.11374797E-14 1.70235723E+03 2.31477371E-02 1.16926614E-13 1.09931075E+01
5.69880601E+30 5.14960596E-14 1.69088173E+03 2.32874602E-02 1.23386863E-13 1.10108060E+01
5.73831617E+30 5.18571787E-14 1.67948596E+03 2.34275284E-02 1.30202582E-13 1.10285021E+01
5.77810027E+30 5.22208554E-14 1.66816935E+03 2.35679419E-02 1.37393242E-13 1.10461958E+01
5.81816018E+30 5.25871081E-14 1.65693136E+03 2.37087008E-02 1.44979376E-13 1.10638870E+01
5.85849784E+30 5.29559555E-14 1.64577143E+03 2.38498053E-02 1.52982633E-13 1.10815757E+01
5.89911516E+30 5.33274164E-14 1.63468903E+03 2.39912556E-02 1.61425844E-13 1.10992620E+01
5.94001408E+30 5.37015096E-14 1.62368360E+03 2.41330521E-02 1.70333083E-13 1.11169457E+01
5.98119655E+30 5.40782543E-14 1.61275460E+03 2.42751949E-02 1.79729732E-13 1.11346270E+01
6.02266455E+30 5.44576696E-14 1.60190151E+03 2.44176844E-02 1.89642557E-13 1.11523058E+01
6.06442005E+30 5.48397749E-14 1.59112380E+03 2.45605209E-02 2.00099780E-13 1.11699820E+01
6.10646504E+30 5.52245896E-14 1.58042092E+03 2.47037048E-02 2.11131157E-13 1.11876557E+01
6.14880153E+30 5.56121335E-14 1.56979237E+03 2.48472365E-02 2.22768062E-13 1.12053269E+01
6.19143154E+30 5.60024262E-14 1.55923762E+03 2.49911164E-02 2.35043574E-13 1.12229955E+01
6.23435710E+30 5.63954877E-14 1.54875615E+03 2.51353450E-02 2.47992571E-13 1.12406615E+01
6.27758028E+30 5.67913381E-14 1.53834746E+03 2.52799226E-02 2.61651826E-13 1.12583250E+01
6.32110312E+30 5.71899976E-14 1.52801102E+03 2.54248499E-02 2.76060107E-13 1.12759859E+01
6.36492771E+30 5.75914866E-14 1.51774635E+03 2.55701275E-02 2.91258286E-13 1.12936442E+01
6.40905614E+30 5.79958256E-14 1.50755292E+03 2.57157557E-02 3.07289456E-13 1.13112998E+01
6.45349051E+30 5.84030353E-14 1.49743026E+03 2.58617354E-02 3.24199047E-13 1.13289529E+01
6.49823295E+30 5.88131365E-14 1.48737786E+03 2.60080670E-02 3.42034952E-13 1.13466033E+01
6.54328559E+30 5.92261502E-14 1.47739523E+03 2.61547513E-02 3.60847661E-13 1.13642510E+01
6.58865058E+30 5.96420976E-14 1.46748188E+03 2.63017890E-02 3.80690403E-13 1.13818961E+01
6.63433009E+30 6.00610000E-14 1.45763733E+03 2.64491807E-02 4.01619289E-13 1.13995386E+01
6.68032630E+30 6.04828788E-14 1.44786110E+03 2.65969273E-02 4.23693470E-13 1.14171783E+01
6.72664141E+30 6.09077557E-14 1.43815270E+03 2.67450294E-02 4.46975303E-13 1.14348153E+01
6.77327762E+30 6.13356525E-14 1.42851168E+03 2.68934880E-02 4.71530516E-13 1.14524497E+01
6.82023716E+30 6.17665911E-14 1.41893754E+03 2.70423039E-02 4.97428398E-13 1.14700813E+01
6.86752228E+30 6.22005937E-14 1.40942984E+03 2.71914779E-02 5.24741985E-13 1.14877102E+01
6.91513522E+30 6.26376826E-14 1.39998809E+03 2.73410110E-02 5.53548263E-13 1.15053363E+01
6.96307827E+30 6.30778802E-14 1.39061184E+03 2.74909041E-02 5.83928380E-13 1.15229597E+01
7.01135371E+30 6.35212092E-14 1.38130064E+03 2.76411581E-02 6.15967872E-13 1.15405802E+01
7.05996385E+30 6.39676923E-14 1.37205403E+03 2.77917742E-02 6.49756895E-13 1.15581981E+01
7.10891100E+30 6.44173526E-14 1.36287155E+03 2.79427532E-02 6.85390474E-13 1.15758131E+01
7.15819751E+30 6.48702132E-14 1.35375276E+03 2.80940964E-02 7.22968766E-13 1.15934253E+01
7.20782573E+30 6.53262975E-14 1.34469721E+03 2.82458047E-02 7.62597335E-13 1.16110346E+01
7.25779802E+30 6.57856289E-14 1.33570446E+03 2.83978794E-02 8.04387438E-13 1.16286412E+01
7.30811677E+30 6.62482312E-14 1.32677407E+03 2.85503215E-02 8.48456335E-13 1.16462449E+01
7.35878438E+30 6.67141282E-14 1.31790560E+03 2.87031324E-02 8.94927608E-13 1.16638457E+01
7.40980328E+30 6.71833439E-14 1.30909863E+03 2.88563132E-02 9.43931501E-13 1.16814437E+01
7.46117589E+30 6.76559026E-14 1.30035272E+03 2.90098651E-02 9.95605277E-13 1.16990387E+01
7.51290467E+30 6.81318288E-14 1.29166745E+03 2.91637896E-02 1.05009359E-12 1.17166309E+01
7.56499209E+30 6.86111469E-14 1.28304238E+03 2.93180879E-02 1.10754889E-12 1.17342202E+01
7.61744064E+30 6.90938819E-14 1.27447711E+03 2.94727614E-02 1.16813183E-12 1.17518065E+01
7.67025281E+30 6.95800586E-14 1.26597120E+03 2.96278115E-02 1.23201170E-12 1.17693899E+01
7.72343114E+30 7.00697023E-14 1.25752425E+03 2.97832396E-02 1.29936691E-12 1.17869703E+01
7.77697815E+30 7.05628383E-14 1.24913585E+03 2.99390472E-02 1.37038544E-12 1.18045478E+01
7.83089641E+30 7.10594922E-14 1.24080558E+03 3.00952358E-02 1.44526540E-12 1.18221223E+01
7.88518849E+30 7.15596897E-14 1.23253304E+03 3.02518070E-02 1.52421554E-12 1.18396938E+01
7.93985697E+30 7.20634568E-14 1.22431783E+03 3.04087624E-02 1.60745580E-12 1.18572623E+01
7.99490448E+30 7.25708196E-14 1.21615954E+03 3.05661035E-02 1.69521794E-12 1.18748277E+01
8.05033364E+30 7.30818045E-14 1.20805778E+03 3.07238321E-02 1.78774618E-12 1.18923902E+01
8.10614708E+30 7.35964379E-14 1.20001215E+03 3.08819499E-02 1.88529781E-12 1.19099495E+01
8.16234749E+30 7.41147465E-14 1.19202226E+03 3.10404585E-02 1.98814394E-12 1.19275059E+01
8.21893754E+30 7.46367574E-14 1.18408772E+03 3.11993599E-02 2.09657019E-12 1.19450591E+01
8.27591993E+30 7.51624977E-14 1.17620815E+03 3.13586557E-02 2.21087752E-12 1.19626092E+01
8.33329738E+30 7.56919948E-14 1.16838316E+03 3.15183478E-02 2.33138298E-12 1.19801563E+01
8.39107263E+30 7.62252761E-14 1.16061236E+03 3.16784382E-02 2.45842062E-12 1.19977002E+01
8.44924844E+30 7.67623694E-14 1.15289539E+03 3.18389287E-02 2.59234238E-12 1.20152410E+01
8.50782759E+30 7.73033029E-14 1.14523186E+03 3.19998214E-02 2.73351900E-12 1.20327786E+01
8.56681287E+30 7.78481045E-14 1.13762141E+03 3.21611181E-02 2.88234108E-12 1.20503131E+01
8.62620710E+30 7.83968029E-14 1.13006365E+03 3.23228211E-02 3.03922009E-12 1.20678443E+01
8.68601312E+30 7.89494266E-14 1.12255823E+03 3.24849322E-02 3.20458949E-12 1.20853724E+01
8.74623377E+30 7.95060044E-14 1.11510477E+03 3.26474538E-02 3.37890590E-12 1.21028973E+01
8.80687193E+30 8.00665655E-14 1.10770292E+03 3.28103879E-02 3.56265032E-12 1.21204189E+01
8.86793051E+30 8.06311392E-14 1.10035231E+03 3.29737368E-02 3.75632945E-12 1.21379373E+01
8.92941241E+30 8.11997550E-14 1.09305259E+03 3.31375026E-02 3.96047699E-12 1.21554525E+01
8.99132056E+30 8.17724426E-14 1.08580340E+03 3.33016878E-02 4.17565516E-12 1.21729644E+01
9.05365793E+30 8.23492320E-14 1.07860439E+03 3.34662945E-02 4.40245611E-12 1.21904729E+01
9.11642748E+30 8.29301536E-14 1.07145521E+03 3.36313253E-02 4.64150360E-12 1.22079782E+01
9.17963222E+30 8.35152377E-14 1.06435550E+03 3.37967824E-02 4.89345457E-12 1.22254802E+01
9.24327517E+30 8.41045149E-14 1.05730494E+03 3.39626684E-02 5.15900096E-12 1.22429788E+01
9.30735935E+30 8.46980164E-14 1.05030316E+03 3.41289858E-02 5.43887154E-12 1.22604741E+01
9.37188783E+30 8.52957731E-14 1.04334983E+03 3.42957371E-02 5.73383386E-12 1.22779660E+01
9.43686370E+30 8.58978166E-14 1.03644461E+03 3.44629248E-02 6.04469631E-12 1.22954546E+01
9.50229004E+30 8.65041785E-14 1.02958717E+03 3.46305517E-02 6.37231026E-12 1.23129397E+01
9.56816999E+30 8.71148906E-14 1.02277718E+03 3.47986203E-02 6.71757232E-12 1.23304215E+01
9.63450669E+30 8.77299851E-14 1.01601429E+03 3.49671334E-02 7.08142672E-12 1.23478998E+01
9.70130331E+30 8.83494945E-14 1.00929819E+03 3.51360937E-02 7.46486786E-12 1.23653746E+01
9.76856303E+30 8.89734514E-14 1.00262855E+03 3.53055041E-02 7.86894288E-12 1.23828461E+01
9.83628906E+30 8.96018886E-14 9.96005033E+02 3.54753681E-02 8.29475445E-12 1.24003140E+01
9.90448465E+30 9.02348394E-14 9.89427329E+02 3.56456983E-02 8.74346376E-12 1.24177784E+01
9.97315304E+30 9.08723371E-14 9.82895094E+02 3.58165121E-02 9.21629505E-12 1.24352394E+01
1.00422975E+31 9.15144154E-14 9.76407987E+02 3.59878267E-02 9.71453801E-12 1.24526969E+01
1.01119214E+31 9.21611083E-14 9.69965677E+02 3.61596599E-02 1.02395504E-11 1.24701510E+01
1.01820279E+31 9.28124498E-14 9.63567834E+02 3.63320296E-02 1.07927621E-11 1.24876018E+01
1.02526205E+31 9.34684745E-14 9.57214131E+02 3.65049540E-02 1.13756791E-11 1.25050491E+01
1.03237026E+31 9.41292169E-14 9.50904245E+02 3.66784510E-02 1.19898871E-11 1.25224931E+01
1.03952774E+31 9.47947121E-14 9.44637854E+02 3.68525389E-02 1.26370562E-11 1.25399337E+01
1.04673485E+31 9.54649953E-14 9.38414640E+02 3.70272358E-02 1.33189450E-11 1.25573710E+01
1.05399193E+31 9.61401020E-14 9.32234286E+02 3.72025601E-02 1.40374054E-11 1.25748050E+01
1.06129932E+31 9.68200679E-14 9.26096479E+02 3.73785300E-02 1.47943878E-11 1.25922357E+01
1.06865737E+31 9.75049291E-14 9.20000907E+02 3.75551639E-02 1.55919458E-11 1.26096631E+01
1.07606643E+31 9.81947219E-14 9.13947262E+02 3.77324804E-02 1.64322420E-11 1.26270873E+01
1.08352687E+31 9.88894829E-14 9.07935237E+02 3.79104979E-02 1.73175537E-11 1.26445082E+01
1.09103902E+31 9.95892491E-14 9.01964529E+02 3.80892350E-02 1.82502788E-11 1.26619260E+01
1.09860326E+31 1.00294058E-13 8.96034837E+02 3.82687105E-02 1.92329425E-11 1.26793405E+01
1.10621995E+31 1.01003946E-13 8.90145860E+02 3.84489431E-02 2.02682032E-11 1.26967518E+01
1.11388944E+31 1.01718952E-13 8.84297303E+02 3.86299516E-02 2.13588604E-11 1.27141599E+01
1.12161210E+31 1.02439113E-13 8.78488872E+02 3.88117550E-02 2.25078618E-11 1.27315649E+01
1.12938830E+31 1.03164468E-13 8.72720274E+02 3.89943722E-02 2.37183112E-11 1.27489668E+01
1.13721842E+31 1.03895056E-13 8.66991219E+02 3.91778223E-02 2.49934766E-11 1.27663656E+01
1.14510282E+31 1.04630915E-13 8.61301422E+02 3.93621244E-02 2.63367989E-11 1.27837612E+01
1.15304189E+31 1.05372085E-13 8.55650595E+02 3.95472979E-02 2.77519012E-11 1.28011537E+01
1.16103600E+31 1.06118605E-13 8.50038457E+02 3.97333621E-02 2.92425980E-11 1.28185432E+01
1.16908553E+31 1.06870515E-13 8.44464727E+02 3.99203363E-02 3.08129054E-11 1.28359297E+01
1.17719087E+31 1.07627856E-13 8.38929126E+02 4.01082401E-02 3.24670514E-11 1.28533131E+01
1.18535241E+31 1.08390667E-13 8.33431379E+02 4.02970931E-02 3.42094876E-11 1.28706934E+01
1.19357053E+31 1.09158990E-13 8.27971211E+02 4.04869150E-02 3.60449010E-11 1.28880708E+01
1.20184562E+31 1.09932866E-13 8.22548350E+02 4.06777257E-02 3.79782261E-11 1.29054452E+01
1.21017809E+31 1.10712335E-13 8.17162528E+02 4.08695449E-02 4.00146578E-11 1.29228166E+01
1.21856833E+31 1.11497441E-13 8.11813475E+02 4.10623928E-02 4.21596657E-11 1.29401850E+01
1.22701674E+31 1.12288224E-13 8.06500927E+02 4.12562894E-02 4.44190075E-11 1.29575506E+01
1.23552372E+31 1.13084727E-13 8.01224620E+02 4.14512550E-02 4.67987452E-11 1.29749131E+01
1.24408968E+31 1.13886994E-13 7.95984294E+02 4.16473097E-02 4.93052600E-11 1.29922728E+01
1.25271503E+31 1.14695067E-13 7.90779687E+02 4.18444742E-02 5.19452692E-11 1.30096296E+01
1.26140018E+31 1.15508989E-13 7.85610544E+02 4.20427688E-02 5.47258442E-11 1.30269835E+01
1.27014554E+31 1.16328804E-13 7.80476610E+02 4.22422143E-02 5.76544298E-11 1.30443345E+01
1.27895154E+31 1.17154556E-13 7.75377630E+02 4.24428314E-02 6.07388632E-11 1.30616827E+01
1.28781858E+31 1.17986290E-13 7.70313355E+02 4.26446410E-02 6.39873941E-11 1.30790281E+01
1.29674711E+31 1.18824050E-13 7.65283534E+02 4.28476642E-02 6.74087072E-11 1.30963706E+01
1.30573753E+31 1.19667882E-13 7.60287921E+02 4.30519220E-02 7.10119442E-11 1.31137103E+01
1.31479029E+31 1.20517830E-13 7.55326271E+02 4.32574357E-02 7.48067283E-11 1.31310472E+01
1.32390581E+31 1.21373941E-13 7.50398339E+02 4.34642267E-02 7.88031887E-11 1.31483814E+01
1.33308453E+31 1.22236261E-13 7.45503885E+02 4.36723163E-02 8.30119856E-11 1.31657128E+01
1.34232688E+31 1.23104836E-13 7.40642668E+02 4.38817264E-02 8.74443418E-11 1.31830414E+01
1.35163332E+31 1.23979713E-13 7.35814451E+02 4.40924785E-02 9.21120709E-11 1.32003673E+01
1.36100427E+31 1.24860939E-13 7.31018998E+02 4.43045945E-02 9.70276078E-11 1.32176905E+01
1.37044020E+31 1.25748562E-13 7.26256074E+02 4.45180965E-02 1.02204041E-10 1.32350109E+01
1.37994154E+31 1.26642631E-13 7.21525447E+02 4.47330066E-02 1.07655147E-10 1.32523287E+01
1.38950876E+31 1.27543192E-13 7.16826887E+02 4.49493470E-02 1.13395426E-10 1.32696438E+01
1.39914231E+31 1.28450296E-13 7.12160163E+02 4.51671401E-02 1.19440142E-10 1.32869562E+01
1.40884265E+31 1.29363990E-13 7.07525050E+02 4.53864084E-02 1.25805355E-10 1.33042660E+01
1.41861024E+31 1.30284326E-13 7.02921322E+02 4.56071747E-02 1.32507969E-10 1.33215731E+01
1.42844555E+31 1.31211352E-13 6.98348755E+02 4.58294617E-02 1.39565778E-10 1.33388776E+01
1.43834905E+31 1.32145119E-13 6.93807126E+02 4.60532924E-02 1.46997510E-10 1.33561795E+01
1.44832121E+31 1.33085677E-13 6.89296217E+02 4.62786900E-02 1.54822877E-10 1.33734788E+01
1.45836250E+31 1.34033078E-13 6.84815808E+02 4.65056775E-02 1.63062624E-10 1.33907756E+01
1.46847342E+31 1.34987373E-13 6.80365682E+02 4.67342785E-02 1.71738585E-10 1.34080697E+01
1.47865443E+31 1.35948615E-13 6.75945625E+02 4.69645165E-02 1.80873739E-10 1.34253613E+01
1.48890603E+31 1.36916854E-13 6.71555421E+02 4.71964152E-02 1.90492270E-10 1.34426504E+01
1.49922871E+31 1.37892145E-13 6.67194860E+02 4.74299985E-02 2.00619623E-10 1.34599369E+01
1.50962295E+31 1.38874540E-13 6.62863731E+02 4.76652903E-02 2.11282576E-10 1.34772209E+01
1.52008926E+31 1.39864093E-13 6.58561824E+02 4.79023149E-02 2.22509314E-10 1.34945024E+01
1.53062813E+31 1.40860857E-13 6.54288934E+02 4.81410965E-02 2.34329502E-10 1.35117814E+01
1.54124007E+31 1.41864888E-13 6.50044854E+02 4.83816597E-02 2.46774356E-10 1.35290580E+01
1.55192558E+31 1.42876239E-13 6.45829380E+02 4.86240291E-02 2.59876729E-10 1.35463321E+01
1.56268517E+31 1.43894967E-13 6.41642309E+02 4.88682295E-02 2.73671193E-10 1.35636037E+01
1.57351936E+31 1.44921127E-13 6.37483441E+02 4.91142860E-02 2.88194128E-10 1.35808729E+01
1.58442867E+31 1.45954775E-13 6.33352576E+02 4.93622236E-02 3.03483821E-10 1.35981397E+01
1.59541361E+31 1.46995968E-13 6.29249516E+02 4.96120679E-02 3.19580546E-10 1.36154041E+01
1.60647470E+31 1.48044763E-13 6.25174065E+02 4.98638442E-02 3.36526681E-10 1.36326661E+01
1.61761249E+31 1.49101216E-13 6.21126027E+02 5.01175782E-02 3.54366833E-10 1.36499257E+01
1.62882750E+31 1.50165387E-13 6.17105211E+02 5.03732960E-02 3.73147945E-10 1.36671829E+01
1.64012025E+31 1.51237333E-13 6.13111423E+02 5.06310234E-02 3.92919410E-10 1.36844378E+01
1.65149131E+31 1.52317113E-13 6.09144474E+02 5.08907868E-02 4.13733204E-10 1.37016903E+01
1.66294120E+31 1.53404787E-13 6.05204173E+02 5.11526126E-02 4.35644019E-10 1.37189405E+01
1.67447047E+31 1.54500415E-13 6.01290334E+02 5.14165275E-02 4.58709403E-10 1.37361884E+01
1.68607967E+31 1.55604055E-13 5.97402770E+02 5.16825581E-02 4.82989911E-10 1.37534340E+01
1.69776936E+31 1.56715771E-13 5.93541297E+02 5.19507314E-02 5.08549228E-10 1.37706773E+01
1.70954010E+31 1.57835622E-13 5.89705730E+02 5.22210748E-02 5.35454368E-10 1.37879183E+01
1.72139245E+31 1.58963670E-13 5.85895888E+02 5.24936155E-02 5.63775869E-10 1.38051571E+01
1.73332696E+31 1.60099977E-13 5.82111589E+02 5.27683810E-02 5.93587946E-10 1.38223936E+01
1.74534422E+31 1.61244607E-13 5.78352655E+02 5.30453992E-02 6.24968690E-10 1.38396278E+01
1.75744480E+31 1.62397622E-13 5.74618908E+02 5.33246980E-02 6.58000263E-10 1.38568598E+01
1.76962927E+31 1.63559086E-13 5.70910169E+02 5.36063056E-02 6.92769114E-10 1.38740896E+01
1.78189822E+31 1.64729064E-13 5.67226265E+02 5.38902503E-02 7.29366200E-10 1.38913172E+01
1.79425222E+31 1.65907619E-13 5.63567021E+02 5.41765607E-02 7.67887217E-10 1.39085427E+01
1.80669188E+31 1.67094818E-13 5.59932264E+02 5.44652656E-02 8.08432779E-10 1.39257659E+01
1.81921779E+31 1.68290726E-13 5.56321822E+02 5.47563940E-02 8.51108778E-10 1.39429870E+01
1.83183053E+31 1.69495410E-13 5.52735525E+02 5.50499750E-02 8.96026653E-10 1.39602059E+01
1.84453073E+31 1.70708936E-13 5.49173204E+02 5.53460382E-02 9.43303650E-10 1.39774227E+01
1.85731897E+31 1.71931371E-13 5.45634691E+02 5.56446130E-02 9.93063122E-10 1.39946374E+01
1.87019587E+31 1.73162784E-13 5.42119820E+02 5.59457294E-02 1.04543485E-09 1.40118499E+01
1.88316205E+31 1.74403243E-13 5.38628426E+02 5.62494174E-02 1.10055535E-09 1.40290604E+01
1.89621813E+31 1.75652817E-13 5.35160343E+02 5.65557073E-02 1.15856829E-09 1.40462688E+01
1.90936472E+31 1.76911575E-13 5.31715410E+02 5.68646296E-02 1.21962476E-09 1.40634751E+01
1.92260246E+31 1.78179589E-13 5.28293464E+02 5.71762151E-02 1.28388360E-09 1.40806794E+01
1.93593198E+31 1.79456927E-13 5.24894346E+02 5.74904947E-02 1.35151199E-09 1.40978816E+01
1.94935392E+31 1.80743663E-13 5.21517895E+02 5.78074997E-02 1.42268585E-09 1.41150818E+01
1.96286890E+31 1.82039867E-13 5.18163954E+02 5.81272615E-02 1.49759026E-09 1.41322799E+01
1.97647759E+31 1.83345613E-13 5.14832365E+02 5.84498117E-02 1.57641991E-09 1.41494761E+01
1.99018063E+31 1.84660972E-13 5.11522974E+02 5.87751822E-02 1.65937963E-09 1.41666702E+01
2.00397867E+31 1.85986019E-13 5.08235625E+02 5.91034053E-02 1.74668489E-09 1.41838624E+01
2.01787238E+31 1.87320828E-13 5.04970164E+02 5.94345132E-02 1.83856233E-09 1.42010527E+01
2.03186241E+31 1.88665473E-13 5.01726440E+02 5.97685388E-02 1.93525038E-09 1.42182410E+01
2.04594943E+31 1.90020030E-13 4.98504302E+02 6.01055148E-02 2.03699958E-09 1.42354273E+01
2.06013412E+31 1.91384575E-13 4.95303599E+02 6.04454745E-02 2.14407366E-09 1.42526118E+01
2.07441716E+31 1.92759184E-13 4.92124183E+02 6.07884512E-02 2.25675012E-09 1.42697942E+01
2.08879922E+31 1.94143935E-13 4.88965905E+02 6.11344786E-02 2.37532087E-09 1.42869748E+01
2.10328099E+31 1.95538906E-13 4.85828619E+02 6.14835906E-02 2.50009297E-09 1.43041535E+01
2.11786316E+31 1.96944174E-13 4.82712180E+02 6.18358214E-02 2.63138943E-09 1.43213304E+01
2.13254643E+31 1.98359820E-13 4.79616441E+02 6.21912054E-02 2.76955001E-09 1.43385054E+01
2.14733151E+31 1.99785922E-13 4.76541260E+02 6.25497773E-02 2.91493209E-09 1.43556785E+01
2.16221909E+31 2.01222562E-13 4.73486495E+02 6.29115719E-02 3.06791156E-09 1.43728499E+01
2.17720988E+31 2.02669820E-13 4.70452003E+02 6.32766247E-02 3.22888336E-09 1.43900194E+01
2.19230461E+31 2.04127778E-13 4.67437644E+02 6.36449709E-02 3.39826322E-09 1.44071871E+01
2.20750399E+31 2.05596519E-13 4.64443279E+02 6.40166465E-02 3.57648856E-09 1.44243530E+01
2.22280875E+31 2.07076125E-13 4.61468770E+02 6.43916873E-02 3.76401943E-09 1.44415171E+01
2.23821961E+31 2.08566680E-13 4.58513978E+02 6.47701298E-02 3.96133977E-09 1.44586794E+01
2.25373733E+31 2.10068270E-13 4.55578767E+02 6.51520105E-02 4.16895857E-09 1.44758400E+01
2.26936262E+31 2.11580978E-13 4.52663001E+02 6.55373662E-02 4.38741121E-09 1.44929988E+01
2.28509625E+31 2.13104891E-13 4.49766547E+02 6.59262341E-02 4.61726078E-09 1.45101560E+01
2.30093896E+31 2.14640095E-13 4.46889271E+02 6.63186516E-02 4.85909947E-09 1.45273115E+01
2.31689151E+31 2.16186678E-13 4.44031040E+02 6.67146565E-02 5.11354946E-09 1.45444652E+01
2.33295466E+31 2.17744727E-13 4.41191722E+02 6.71142868E-02 5.38126562E-09 1.45616173E+01
2.34912917E+31 2.19314331E-13 4.38371187E+02 6.75175806E-02 5.66293688E-09 1.45787676E+01
2.36541583E+31 2.20895581E-13 4.35569306E+02 6.79245767E-02 5.95928784E-09 1.45959163E+01
2.38181540E+31 2.22488565E-13 4.32785948E+02 6.83353140E-02 6.27108054E-09 1.46130634E+01
2.39832867E+31 2.24093375E-13 4.30020987E+02 6.87498315E-02 6.59911651E-09 1.46302088E+01
2.41495642E+31 2.25710102E-13 4.27274296E+02 6.91681688E-02 6.94423869E-09 1.46473527E+01
2.43169946E+31 2.27338840E-13 4.24545749E+02 6.95903657E-02 7.30733364E-09 1.46644949E+01
2.44855858E+31 2.28979680E-13 4.21835219E+02 7.00164623E-02 7.68933364E-09 1.46816356E+01
2.46553459E+31 2.30632718E-13 4.19142584E+02 7.04464989E-02 8.09121839E-09 1.46987747E+01
2.48262829E+31 2.32298047E-13 4.16467721E+02 7.08805163E-02 8.51401872E-09 1.47159122E+01
2.49984050E+31 2.33975763E-13 4.13810505E+02 7.13185556E-02 8.95881891E-09 1.47330482E+01
2.51717204E+31 2.35665964E-13 4.11170817E+02 7.17606580E-02 9.42675920E-09 1.47501826E+01
2.53462375E+31 2.37368745E-13 4.08548536E+02 7.22068653E-02 9.91903875E-09 1.47673155E+01
2.55219645E+31 2.39084204E-13 4.05943541E+02 7.26572195E-02 1.04369186E-08 1.47844469E+01
2.56989098E+31 2.40812441E-13 4.03355715E+02 7.31117629E-02 1.09817249E-08 1.48015768E+01
2.58770819E+31 2.42553555E-13 4.00784938E+02 7.35705381E-02 1.15548523E-08 1.48187052E+01
2.60564892E+31 2.44307645E-13 3.98231095E+02 7.40335882E-02 1.21577673E-08 1.48358322E+01
2.62371404E+31 2.46074814E-13 3.95694068E+02 7.45009564E-02 1.27920121E-08 1.48529577E+01
2.64190441E+31 2.47855163E-13 3.93173743E+02 7.49726864E-02 1.34592080E-08 1.48700817E+01
2.66022089E+31 2.49648795E-13 3.90670004E+02 7.54488223E-02 1.41610601E-08 1.48872043E+01
2.67866437E+31 2.51455814E-13 3.88182739E+02 7.59294082E-02 1.48993611E-08 1.49043255E+01
2.69723571E+31 2.53276324E-13 3.85711833E+02 7.64144888E-02 1.56759962E-08 1.49214452E+01
2.71593581E+31 2.55110431E-13 3.83257174E+02 7.69041092E-02 1.64929477E-08 1.49385636E+01
2.73476555E+31 2.56958242E-13 3.80818652E+02 7.73983146E-02 1.73523000E-08 1.49556805E+01
2.75372585E+31 2.58819863E-13 3.78396156E+02 7.78971508E-02 1.82562449E-08 1.49727960E+01
2.77281759E+31 2.60695403E-13 3.75989575E+02 7.84006637E-02 1.92070874E-08 1.49899102E+01
2.79204171E+31 2.62584970E-13 3.73598801E+02 7.89088998E-02 2.02072549E-08 1.50070230E+01
2.81139910E+31 2.64488676E-13 3.71223725E+02 7.94219058E-02 2.12592956E-08 1.50241344E+01
2.83089070E+31 2.66406630E-13 3.68864240E+02 7.99397288E-02 2.23658879E-08 1.50412446E+01
2.85051743E+31 2.68338945E-13 3.66520240E+02 8.04624162E-02 2.35298475E-08 1.50583534E+01
2.87028024E+31 2.70285733E-13 3.64191617E+02 8.09900158E-02 2.47541350E-08 1.50754608E+01
2.89018007E+31 2.72247108E-13 3.61878268E+02 8.15225758E-02 2.60418629E-08 1.50925669E+01
2.91021786E+31 2.74223185E-13 3.59580087E+02 8.20601447E-02 2.73963035E-08 1.51096717E+01
2.93039458E+31 2.76214080E-13 3.57296971E+02 8.26027715E-02 2.88208969E-08 1.51267750E+01
2.95071118E+31 2.78219908E-13 3.55028817E+02 8.31505053E-02 3.03192619E-08 1.51438771E+01
2.97116864E+31 2.80240789E-13 3.52775522E+02 8.37033959E-02 3.18952198E-08 1.51609778E+01
2.99176793E+31 2.82276841E-13 3.50536985E+02 8.42614931E-02 3.35527728E-08 1.51780774E+01
3.01251004E+31 2.84328183E-13 3.48313106E+02 8.48248476E-02 3.52961225E-08 1.51951757E+01
3.03339595E+31 2.86394935E-13 3.46103783E+02 8.53935099E-02 3.71296852E-08 1.52122727E+01
3.05442667E+31 2.88477221E-13 3.43908918E+02 8.59675312E-02 3.90581031E-08 1.52293684E+01
3.07560319E+31 2.90575162E-13 3.41728412E+02 8.65469631E-02 4.10862556E-08 1.52464627E+01
3.09692653E+31 2.92688882E-13 3.39562167E+02 8.71318575E-02 4.32192713E-08 1.52635557E+01
3.11839771E+31 2.94818506E-13 3.37410085E+02 8.77222668E-02 4.54625404E-08 1.52806472E+01
3.14001775E+31 2.96964160E-13 3.35272049E+02 8.83182240E-02 4.78217571E-08 1.52977374E+01
3.16178768E+31 2.99125963E-13 3.33147861E+02 8.89196857E-02 5.03030689E-08 1.53148275E+01
3.18370855E+31 3.01304045E-13 3.31037434E+02 8.95267080E-02 5.29127723E-08 1.53319174E+01
3.20578139E+31 3.03498534E-13 3.28940701E+02 9.01393672E-02 5.56574350E-08 1.53490068E+01
3.22800727E+31 3.05709560E-13 3.26857600E+02 9.07577443E-02 5.85439484E-08 1.53660953E+01
3.25038724E+31 3.07937257E-13 3.24788072E+02 9.13819252E-02 6.15795419E-08 1.53831827E+01
3.27292237E+31 3.10181756E-13 3.22732064E+02 9.20120007E-02 6.47717979E-08 1.54002685E+01
3.29561373E+31 3.12443194E-13 3.20689522E+02 9.26480668E-02 6.81286677E-08 1.54173523E+01
3.31846242E+31 3.14721705E-13 3.18660400E+02 9.32902248E-02 7.16584873E-08 1.54344337E+01
3.34146952E+31 3.17017426E-13 3.16644653E+02 9.39385813E-02 7.53700033E-08 1.54515121E+01
3.36463613E+31 3.19330497E-13 3.14642239E+02 9.45932332E-02 7.92725655E-08 1.54685877E+01
3.38796336E+31 3.21661057E-13 3.12653120E+02 9.52541646E-02 8.33758531E-08 1.54856602E+01
3.41145231E+31 3.24009247E-13 3.10677260E+02 9.59213103E-02 8.76899234E-08 1.55027291E+01
3.43510412E+31 3.26375210E-13 3.08714627E+02 9.65946092E-02 9.22253047E-08 1.55197941E+01
3.45891990E+31 3.28759091E-13 3.06765191E+02 9.72740049E-02 9.69930153E-08 1.55368546E+01
3.48290080E+31 3.31161034E-13 3.04828926E+02 9.79594459E-02 1.02004582E-07 1.55539101E+01
3.50704796E+31 3.33581187E-13 3.02905806E+02 9.86508857E-02 1.07272061E-07 1.55709600E+01
3.53136254E+31 3.36019698E-13 3.00995810E+02 9.93482831E-02 1.12808057E-07 1.55880039E+01
3.55584568E+31 3.38476717E-13 2.99098919E+02 1.00051603E-01 1.18625754E-07 1.56050410E+01
3.58049858E+31 3.40952395E-13 2.97215115E+02 1.00760814E-01 1.24739426E-07 1.56220718E+01
3.60532239E+31 3.43446886E-13 2.95344383E+02 1.01475894E-01 1.31163758E-07 1.56390957E+01
3.63031831E+31 3.45960343E-13 2.93486712E+02 1.02196825E-01 1.37913797E-07 1.56561122E+01
3.65548752E+31 3.48492924E-13 2.91642089E+02 1.02923596E-01 1.45005239E-07 1.56731202E+01
3.68083124E+31 3.51044785E-13 2.89810507E+02 1.03656203E-01 1.52454450E-07 1.56901189E+01
3.70635066E+31 3.53616086E-13 2.87991959E+02 1.04394648E-01 1.60278488E-07 1.57071074E+01
3.73204701E+31 3.56206988E-13 2.86186440E+02 1.05138943E-01 1.68495123E-07 1.57240848E+01
3.75792152E+31 3.58817653E-13 2.84393947E+02 1.05889104E-01 1.77122855E-07 1.57410500E+01
3.78397542E+31 3.61448245E-13 2.82614479E+02 1.06645158E-01 1.86180941E-07 1.57580021E+01
3.81020995E+31 3.64098931E-13 2.80848037E+02 1.07407139E-01 1.95690528E-07 1.57749412E+01
3.83662636E+31 3.66769878E-13 2.79094623E+02 1.08175091E-01 2.05673563E-07 1.57918674E+01
3.86322592E+31 3.69461255E-13 2.77354239E+02 1.08949063E-01 2.16151794E-07 1.58087793E+01
3.89000990E+31 3.72173233E-13 2.75626891E+02 1.09729119E-01 2.27147792E-07 1.58256755E+01
3.91697958E+31 3.74905985E-13 2.73912586E+02 1.10515327E-01 2.38684961E-07 1.58425547E+01
3.94413623E+31 3.77659687E-13 2.72211328E+02 1.11307765E-01 2.50787579E-07 1.58594155E+01
3.97148117E+31 3.80434524E-13 2.70523025E+02 1.12106383E-01 2.63481555E-07 1.58762576E+01
3.99901568E+31 3.83230683E-13 2.68847625E+02 1.12911194E-01 2.76793517E-07 1.58930801E+01
4.02674110E+31 3.86048349E-13 2.67185117E+02 1.13722270E-01 2.90750773E-07 1.59098818E+01
4.05465874E+31 3.88887710E-13 2.65535485E+02 1.14539678E-01 3.05383366E-07 1.59266627E+01
4.08276993E+31 3.91748955E-13 2.63898704E+02 1.15363488E-01 3.20724629E-07 1.59434243E+01
4.11107602E+31 3.94632274E-13 2.62274745E+02 1.16193762E-01 3.36805506E-07 1.59601652E+01
4.13957836E+31 3.97537861E-13 2.60663573E+02 1.17030563E-01 3.53657910E-07 1.59768842E+01
4.16827831E+31 4.00465911E-13 2.59065145E+02 1.17873949E-01 3.71314885E-07 1.59935799E+01
4.19717723E+31 4.03416621E-13 2.57479416E+02 1.18723975E-01 3.89810636E-07 1.60102511E+01
4.22627651E+31 4.06390189E-13 2.55906334E+02 1.19580695E-01 4.09180552E-07 1.60268967E+01
4.25557754E+31 4.09386817E-13 2.54345841E+02 1.20444156E-01 4.29461243E-07 1.60435156E+01
4.28508172E+31 4.12406707E-13 2.52797876E+02 1.21314401E-01 4.50690563E-07 1.60601067E+01
4.31479045E+31 4.15450066E-13 2.51262372E+02 1.22191472E-01 4.72908788E-07 1.60766696E+01
4.34470515E+31 4.18517100E-13 2.49739258E+02 1.23075332E-01 4.96166979E-07 1.60932080E+01
4.37482725E+31 4.21608019E-13 2.48228456E+02 1.23965614E-01 5.20510170E-07 1.61097214E+01
4.40515819E+31 4.24723035E-13 2.46729888E+02 1.24861853E-01 5.45982315E-07 1.61262083E+01
4.43569942E+31 4.27862361E-13 2.45243468E+02 1.25763576E-01 5.72628721E-07 1.61426670E+01
4.46645239E+31 4.31026214E-13 2.43769109E+02 1.26670303E-01 6.00496072E-07 1.61590962E+01
4.49741858E+31 4.34214812E-13 2.42306716E+02 1.27581549E-01 6.29632447E-07 1.61754944E+01
4.52859945E+31 4.37428376E-13 2.40856195E+02 1.28496819E-01 6.60087339E-07 1.61918604E+01
4.55999650E+31 4.40667128E-13 2.39417444E+02 1.29415610E-01 6.91911681E-07 1.62081929E+01
4.59161123E+31 4.43931294E-13 2.37990361E+02 1.30337411E-01 7.25157859E-07 1.62244907E+01
4.62344515E+31 4.47221101E-13 2.36574838E+02 1.31261699E-01 7.59892191E-07 1.62407563E+01
4.65549978E+31 4.50536780E-13 2.35170765E+02 1.32187940E-01 7.96192656E-07 1.62569943E+01
4.68777664E+31 4.53878563E-13 2.33778029E+02 1.33115592E-01 8.34118573E-07 1.62732031E+01
4.72027727E+31 4.57246685E-13 2.32396513E+02 1.34044095E-01 8.73730356E-07 1.62893811E+01
4.75300324E+31 4.60641384E-13 2.31026098E+02 1.34972879E-01 9.15089872E-07 1.63055266E+01
4.78595610E+31 4.64062898E-13 2.29666661E+02 1.35901359E-01 9.58260430E-07 1.63216381E+01
4.81913742E+31 4.67511472E-13 2.28318077E+02 1.36828934E-01 1.00330677E-06 1.63377143E+01
4.85254879E+31 4.70987349E-13 2.26980218E+02 1.37754987E-01 1.05029505E-06 1.63537538E+01
4.88619180E+31 4.74490777E-13 2.25652955E+02 1.38678882E-01 1.09929282E-06 1.63697553E+01
4.92006807E+31 4.78022008E-13 2.24336154E+02 1.39599967E-01 1.15036945E-06 1.63857177E+01
4.95417919E+31 4.81581292E-13 2.23029681E+02 1.40517568E-01 1.20364325E-06 1.64016485E+01
4.98852682E+31 4.85168873E-13 2.21733462E+02 1.41431138E-01 1.25921961E-06 1.64175510E+01
5.02311257E+31 4.88784979E-13 2.20447489E+02 1.42340275E-01 1.31717015E-06 1.64334217E+01
5.05793812E+31 4.92429858E-13 2.19171674E+02 1.43244395E-01 1.37757007E-06 1.64492577E+01
5.09300511E+31 4.96103760E-13 2.17905929E+02 1.44142902E-01 1.44049494E-06 1.64650567E+01
5.12831522E+31 4.99806939E-13 2.16650168E+02 1.45035197E-01 1.50602037E-06 1.64808159E+01
5.16387014E+31 5.03539648E-13 2.15404307E+02 1.45920672E-01 1.57422189E-06 1.64965329E+01
5.19967156E+31 5.07302142E-13 2.14168261E+02 1.46798712E-01 1.64517469E-06 1.65122051E+01
5.23572119E+31 5.11094681E-13 2.12941947E+02 1.47668696E-01 1.71895339E-06 1.65278301E+01
5.27202077E+31 5.14917524E-13 2.11725286E+02 1.48529992E-01 1.79563373E-06 1.65434057E+01
5.30857200E+31 5.18770932E-13 2.10518195E+02 1.49381962E-01 1.87540417E-06 1.65589427E+01
5.34537665E+31 5.22655170E-13 2.09320597E+02 1.50223960E-01 1.95841274E-06 1.65744457E+01
5.38243647E+31 5.26570503E-13 2.08132413E+02 1.51055328E-01 2.04474119E-06 1.65899108E+01
5.41975323E+31 5.30517199E-13 2.06953567E+02 1.51875400E-01 2.13446913E-06 1.66053343E+01
5.45732870E+31 5.34495527E-13 2.05783982E+02 1.52683500E-01 2.22767360E-06 1.66207128E+01
5.49516469E+31 5.38505759E-13 2.04623584E+02 1.53478943E-01 2.32442862E-06 1.66360424E+01
5.53326300E+31 5.42548168E-13 2.03472300E+02 1.54261029E-01 2.42480468E-06 1.66513198E+01
5.57162545E+31 5.46623031E-13 2.02330057E+02 1.55029051E-01 2.52886832E-06 1.66665414E+01
5.61025386E+31 5.50730623E-13 2.01196784E+02 1.55782288E-01 2.63668153E-06 1.66817038E+01
5.64915009E+31 5.54871226E-13 2.00072409E+02 1.56520006E-01 2.74830132E-06 1.66968035E+01
5.68831599E+31 5.59045119E-13 1.98956864E+02 1.57241460E-01 2.86396687E-06 1.67118514E+01
5.72775342E+31 5.63252587E-13 1.97850079E+02 1.57945890E-01 2.98395204E-06 1.67268592E+01
5.76746428E+31 5.67493914E-13 1.96751988E+02 1.58632522E-01 3.10832234E-06 1.67418218E+01
5.80745046E+31 5.71769389E-13 1.95662524E+02 1.59300571E-01 3.23713557E-06 1.67567345E+01
5.84771387E+31 5.76079299E-13 1.94581620E+02 1.59949231E-01 3.37044113E-06 1.67715924E+01
5.88825642E+31 5.80423938E-13 1.93509213E+02 1.60577686E-01 3.50827926E-06 1.67863907E+01
5.92908005E+31 5.84803597E-13 1.92445237E+02 1.61185099E-01 3.65068011E-06 1.68011248E+01
5.97018672E+31 5.89218572E-13 1.91389632E+02 1.61770621E-01 3.79766293E-06 1.68157901E+01
6.01157839E+31 5.93669160E-13 1.90342333E+02 1.62333380E-01 3.94923514E-06 1.68303820E+01
6.05325702E+31 5.98155661E-13 1.89303280E+02 1.62872490E-01 4.10539151E-06 1.68448960E+01
6.09522462E+31 6.02678376E-13 1.88272412E+02 1.63387045E-01 4.26623491E-06 1.68593339E+01
6.13748318E+31 6.07237608E-13 1.87249671E+02 1.63876118E-01 4.43235352E-06 1.68737211E+01
6.18003472E+31 6.11833663E-13 1.86234996E+02 1.64338762E-01 4.60383357E-06 1.68880556E+01
6.22288127E+31 6.16466846E-13 1.85228331E+02 1.64774011E-01 4.78066625E-06 1.69023315E+01
6.26602488E+31 6.21137467E-13 1.84229618E+02 1.65180874E-01 4.96282524E-06 1.69165428E+01
6.30946761E+31 6.25845821E-13 1.83238803E+02 1.65558343E-01 5.15026528E-06 1.69306835E+01
6.35321153E+31 6.30592217E-13 1.82255833E+02 1.65905385E-01 5.34292142E-06 1.69447480E+01
6.39725873E+31 6.35376963E-13 1.81280652E+02 1.66220941E-01 5.54070777E-06 1.69587305E+01
6.44161131E+31 6.40200372E-13 1.80313209E+02 1.66503927E-01 5.74351629E-06 1.69726255E+01
6.48627139E+31 6.45062756E-13 1.79353449E+02 1.66753233E-01 5.95121571E-06 1.69864274E+01
6.53124110E+31 6.49964428E-13 1.78401323E+02 1.66967721E-01 6.16365048E-06 1.70001308E+01
6.57652259E+31 6.54905705E-13 1.77456778E+02 1.67146223E-01 6.38119163E-06 1.70137492E+01
6.62211801E+31 6.59886903E-13 1.76519764E+02 1.67287543E-01 6.60462368E-06 1.70273081E+01
6.66802956E+31 6.64908339E-13 1.75590231E+02 1.67390452E-01 6.83383336E-06 1.70408011E+01
6.71425941E+31 6.69970334E-13 1.74668131E+02 1.67453692E-01 7.06866520E-06 1.70542217E+01
6.76080977E+31 6.75073208E-13 1.73753414E+02 1.67475968E-01 7.30893486E-06 1.70675631E+01
6.80768287E+31 6.80217282E-13 1.72846033E+02 1.67455954E-01 7.55442792E-06 1.70808190E+01
6.85488095E+31 6.85402880E-13 1.71945940E+02 1.67392285E-01 7.80489873E-06 1.70939830E+01
6.90240625E+31 6.90630326E-13 1.71053089E+02 1.67283559E-01 8.06006944E-06 1.71070488E+01
6.95026105E+31 6.95899944E-13 1.70167434E+02 1.67128338E-01 8.31962916E-06 1.71200104E+01
6.99844763E+31 7.01212062E-13 1.69288930E+02 1.66925141E-01 8.58323320E-06 1.71328617E+01
7.04696829E+31 7.06567007E-13 1.68417531E+02 1.66672445E-01 8.85050264E-06 1.71455968E+01
7.09582535E+31 7.11965107E-13 1.67553194E+02 1.66368685E-01 9.12191679E-06 1.71582312E+01
7.14502113E+31 7.17406693E-13 1.66695874E+02 1.66012250E-01 9.39868185E-06 1.71707956E+01
7.19455799E+31 7.22892093E-13 1.65845528E+02 1.65601481E-01 9.68051700E-06 1.71832840E+01
7.24443830E+31 7.28421641E-13 1.65002115E+02 1.65134672E-01 9.96707924E-06 1.71956899E+01
7.29466442E+31 7.33995667E-13 1.64165592E+02 1.64610066E-01 1.02579901E-05 1.72080067E+01
7.34523877E+31 7.39614506E-13 1.63335918E+02 1.64025851E-01 1.05528353E-05 1.72202283E+01
7.39616375E+31 7.45278502E-13 1.62513082E+02 1.63380370E-01 1.08511529E-05 1.72323479E+01
7.44744180E+31 7.50988069E-13 1.61697281E+02 1.62673346E-01 1.11523665E-05 1.72443560E+01
7.49907537E+31 7.56743535E-13 1.60888440E+02 1.61902625E-01 1.14559624E-05 1.72562473E+01
7.55106691E+31 7.62545206E-13 1.60086399E+02 1.61065407E-01 1.17614236E-05 1.72680177E+01
7.60341891E+31 7.68393392E-13 1.59290993E+02 1.60158706E-01 1.20682048E-05 1.72796635E+01
7.65613387E+31 7.74288405E-13 1.58502044E+02 1.59179336E-01 1.23761080E-05 1.72911877E+01
7.70921431E+31 7.80230558E-13 1.57719366E+02 1.58124866E-01 1.26872571E-05 1.73026331E+01
7.76266276E+31 7.86220168E-13 1.56942764E+02 1.56996738E-01 1.30017702E-05 1.73140038E+01
7.81648176E+31 7.92257554E-13 1.56172033E+02 1.55797370E-01 1.33192417E-05 1.73252954E+01
7.87067390E+31 7.98343039E-13 1.55406962E+02 1.54529124E-01 1.36392405E-05 1.73365032E+01
7.92524176E+31 8.04476947E-13 1.54647329E+02 1.53194321E-01 1.39613101E-05 1.73476230E+01
7.98018794E+31 8.10659606E-13 1.53892904E+02 1.51795253E-01 1.42849676E-05 1.73586506E+01
8.03551506E+31 8.16891345E-13 1.53143451E+02 1.50334202E-01 1.46097022E-05 1.73695821E+01
8.09122577E+31 8.23172498E-13 1.52398725E+02 1.48813457E-01 1.49349751E-05 1.73804135E+01
8.14732273E+31 8.29503402E-13 1.51658473E+02 1.47235336E-01 1.52602175E-05 1.73911411E+01
8.20380861E+31 8.35884393E-13 1.50922436E+02 1.45602205E-01 1.55848303E-05 1.74017611E+01
8.26068611E+31 8.42315816E-13 1.50190348E+02 1.43916507E-01 1.59081817E-05 1.74122699E+01
8.31795794E+31 8.48798014E-13 1.49461934E+02 1.42180786E-01 1.62307173E-05 1.74226786E+01
8.37562685E+31 8.55331336E-13 1.48736915E+02 1.40397716E-01 1.65551291E-05 1.74330270E+01
8.43369557E+31 8.61916132E-13 1.48015004E+02 1.38570136E-01 1.68812297E-05 1.74433150E+01
8.49216689E+31 8.68552758E-13 1.47295909E+02 1.36701078E-01 1.72086041E-05 1.74535399E+01
8.55104360E+31 8.75241571E-13 1.46579332E+02 1.34793810E-01 1.75368071E-05 1.74636986E+01
8.61032850E+31 8.81982932E-13 1.45864968E+02 1.32851874E-01 1.78653607E-05 1.74737883E+01
8.67002442E+31 8.88777205E-13 1.45152508E+02 1.30879130E-01 1.81937514E-05 1.74838057E+01
8.73013422E+31 8.95624748E-13 1.44441611E+02 1.28879593E-01 1.85214382E-05 1.74937480E+01
8.79066077E+31 9.02525721E-13 1.43731507E+02 1.26854198E-01 1.88480333E-05 1.75036178E+01
8.85160695E+31 9.09480413E-13 1.43021847E+02 1.24807914E-01 1.91729030E-05 1.75134116E+01
8.91297568E+31 9.16489192E-13 1.42312500E+02 1.22748076E-01 1.94952588E-05 1.75231225E+01
8.97476987E+31 9.23552429E-13 1.41603341E+02 1.20682670E-01 1.98142531E-05 1.75327429E+01
9.03699249E+31 9.30670496E-13 1.40894256E+02 1.18620185E-01 2.01315490E-05 1.75422927E+01
9.09964651E+31 9.37843765E-13 1.40185134E+02 1.16565580E-01 2.04494941E-05 1.75517990E+01
9.16273490E+31 9.45072609E-13 1.39475874E+02 1.14519999E-01 2.07675535E-05 1.75612579E+01
9.22626070E+31 9.52357403E-13 1.38766382E+02 1.12484522E-01 2.10851407E-05 1.75706656E+01
9.29022692E+31 9.59698521E-13 1.38056569E+02 1.10460331E-01 2.14016193E-05 1.75800178E+01
9.35463662E+31 9.67096337E-13 1.37346354E+02 1.08448703E-01 2.17163017E-05 1.75893100E+01
9.41949288E+31 9.74551230E-13 1.36635664E+02 1.06451004E-01 2.20284469E-05 1.75985375E+01
9.48479879E+31 9.82063574E-13 1.35924429E+02 1.04468681E-01 2.23372589E-05 1.76076952E+01
9.55055747E+31 9.89633748E-13 1.35212589E+02 1.02503261E-01 2.26418853E-05 1.76167778E+01
9.61677207E+31 9.97262129E-13 1.34500088E+02 1.00556335E-01 2.29414166E-05 1.76257796E+01
9.68344573E+31 1.00494909E-12 1.33786879E+02 9.86295590E-02 2.32348849E-05 1.76346949E+01
9.75058164E+31 1.01269503E-12 1.33072917E+02 9.67246386E-02 2.35233021E-05 1.76435361E+01
9.81818301E+31 1.02050030E-12 1.32358167E+02 9.48433256E-02 2.38099889E-05 1.76523363E+01
9.88625306E+31 1.02836529E-12 1.31642598E+02 9.29874066E-02 2.40944601E-05 1.76610926E+01
9.95479505E+31 1.03629039E-12 1.30926184E+02 9.11586948E-02 2.43760735E-05 1.76698009E+01
1.00238122E+32 1.04427597E-12 1.30208906E+02 8.93590197E-02 2.46541442E-05 1.76784568E+01
1.00933079E+32 1.05232241E-12 1.29490752E+02 8.75902179E-02 2.49279436E-05 1.76870556E+01
1.01632855E+32 1.06043010E-12 1.28771711E+02 8.58541223E-02 2.51966985E-05 1.76955927E+01
1.02337481E+32 1.06859941E-12 1.28051781E+02 8.41525520E-02 2.54595913E-05 1.77040629E+01
1.03046993E+32 1.07683072E-12 1.27330965E+02 8.24873014E-02 2.57157598E-05 1.77124611E+01
1.03761424E+32 1.08512441E-12 1.26609268E+02 8.08601294E-02 2.59642974E-05 1.77207820E+01
1.04480808E+32 1.09348087E-12 1.25886705E+02 7.92727484E-02 2.62047187E-05 1.77290235E+01
1.05205180E+32 1.10190047E-12 1.25163291E+02 7.77268133E-02 2.64407701E-05 1.77372189E+01
1.05934574E+32 1.11038360E-12 1.24439048E+02 7.62239101E-02 2.66730497E-05 1.77453742E+01
1.06669025E+32 1.11893063E-12 1.23714003E+02 7.47655447E-02 2.69009871E-05 1.77534858E+01
1.07408568E+32 1.12754194E-12 1.22988186E+02 7.33531319E-02 2.71239828E-05 1.77615503E+01
1.08153238E+32 1.13621791E-12 1.22261633E+02 7.19879846E-02 2.73414085E-05 1.77695637E+01
1.08903071E+32 1.14495892E-12 1.21534383E+02 7.06713023E-02 2.75526071E-05 1.77775224E+01
1.09658102E+32 1.15376535E-12 1.20806480E+02 6.94041612E-02 2.77568937E-05 1.77854222E+01
1.10418368E+32 1.16263761E-12 1.20077993E+02 6.81876095E-02 2.79535499E-05 1.77932589E+01
1.11183905E+32 1.17157613E-12 1.19349006E+02 6.70225706E-02 2.81418303E-05 1.78010279E+01
1.11954750E+32 1.18058135E-12 1.18619579E+02 6.59097029E-02 2.83221926E-05 1.78087343E+01
1.12730939E+32 1.18965366E-12 1.17889788E+02 6.48495348E-02 2.84980561E-05 1.78164053E+01
1.13512510E+32 1.19879350E-12 1.17159720E+02 6.38424514E-02 2.86693089E-05 1.78240409E+01
1.14299499E+32 1.20800129E-12 1.16429473E+02 6.28886799E-02 2.88355124E-05 1.78316383E+01
1.15091944E+32 1.21727745E-12 1.15699159E+02 6.19882781E-02 2.89962127E-05 1.78391947E+01
1.15889883E+32 1.22662243E-12 1.14968898E+02 6.11411230E-02 2.91509418E-05 1.78467073E+01
1.16693355E+32 1.23603665E-12 1.14238823E+02 6.03469011E-02 2.92992190E-05 1.78541732E+01
1.17502397E+32 1.24552055E-12 1.13509076E+02 5.96051009E-02 2.94405522E-05 1.78615892E+01
1.18317048E+32 1.25507458E-12 1.12779809E+02 5.89150057E-02 2.95744400E-05 1.78689522E+01
1.19137347E+32 1.26469919E-12 1.12051184E+02 5.82756897E-02 2.97009737E-05 1.78762634E+01
1.19963334E+32 1.27439481E-12 1.11323372E+02 5.76860140E-02 2.98229873E-05 1.78835440E+01
1.20795047E+32 1.28416191E-12 1.10596551E+02 5.71446262E-02 2.99407011E-05 1.78907955E+01
1.21632526E+32 1.29400094E-12 1.09870909E+02 5.66499600E-02 3.00538563E-05 1.78980163E+01
1.22475812E+32 1.30391237E-12 1.09146642E+02 5.62002379E-02 3.01621927E-05 1.79052046E+01
1.23324944E+32 1.31389667E-12 1.08423952E+02 5.57934748E-02 3.02654492E-05 1.79123584E+01
1.24179963E+32 1.32395429E-12 1.07703049E+02 5.54274840E-02 3.03633656E-05 1.79194760E+01
1.25040910E+32 1.33408571E-12 1.06984150E+02 5.50998838E-02 3.04556834E-05 1.79265556E+01
1.25907827E+32 1.34429142E-12 1.06267477E+02 5.48081071E-02 3.05421473E-05 1.79335952E+01
1.26780753E+32 1.35457190E-12 1.05553259E+02 5.45494112E-02 3.06234756E-05 1.79405999E+01
1.27659732E+32 1.36492763E-12 1.04841731E+02 5.43208898E-02 3.07013638E-05 1.79475815E+01
1.28544804E+32 1.37535910E-12 1.04133132E+02 5.41194862E-02 3.07757669E-05 1.79545395E+01
1.29436013E+32 1.38586682E-12 1.03427708E+02 5.39420077E-02 3.08465995E-05 1.79614728E+01
1.30333401E+32 1.39645133E-12 1.02725801E+02 5.37853726E-02 3.09137722E-05 1.79683796E+01
1.31237010E+32 1.40711338E-12 1.02027940E+02 5.36468454E-02 3.09771869E-05 1.79752562E+01
1.32146884E+32 1.41785348E-12 1.01334230E+02 5.35225422E-02 3.10367926E-05 1.79821031E+01
1.33063067E+32 1.42867215E-12 1.00644726E+02 5.34084011E-02 3.10925455E-05 1.79889213E+01
1.33985601E+32 1.43956992E-12 9.99594789E+01 5.33002889E-02 3.11444941E-05 1.79957124E+01
1.34914531E+32 1.45054731E-12 9.92785297E+01 5.31948708E-02 3.11936846E-05 1.80024849E+01
1.35849902E+32 1.46160487E-12 9.86019140E+01 5.30916628E-02 3.12404594E-05 1.80092409E+01
1.36791757E+32 1.47274313E-12 9.79296604E+01 5.29907676E-02 3.12848582E-05 1.80159803E+01
1.37740143E+32 1.48396264E-12 9.72617910E+01 5.28922732E-02 3.13269224E-05 1.80227028E+01
1.38695103E+32 1.49526396E-12 9.65983216E+01 5.27962529E-02 3.13666957E-05 1.80294086E+01
1.39656685E+32 1.50664766E-12 9.59392621E+01 5.27027658E-02 3.14042232E-05 1.80360976E+01
1.40624933E+32 1.51811431E-12 9.52846162E+01 5.26118570E-02 3.14395520E-05 1.80427700E+01
1.41599894E+32 1.52966450E-12 9.46343823E+01 5.25235576E-02 3.14727304E-05 1.80494257E+01
1.42581615E+32 1.54129880E-12 9.39885530E+01 5.24378854E-02 3.15040164E-05 1.80560664E+01
1.43570142E+32 1.55301782E-12 9.33471156E+01 5.23548452E-02 3.15337497E-05 1.80626944E+01
1.44565522E+32 1.56482216E-12 9.27100524E+01 5.22744283E-02 3.15620064E-05 1.80693101E+01
1.45567804E+32 1.57671244E-12 9.20773406E+01 5.21966136E-02 3.15888624E-05 1.80759140E+01
1.46577034E+32 1.58868929E-12 9.14489524E+01 5.21213675E-02 3.16143943E-05 1.80825067E+01
1.47593262E+32 1.60075333E-12 9.08248559E+01 5.20486438E-02 3.16386791E-05 1.80890886E+01
1.48616535E+32 1.61290521E-12 9.02050141E+01 5.19783842E-02 3.16617947E-05 1.80956605E+01
1.49646902E+32 1.62514558E-12 8.95893860E+01 5.19105187E-02 3.16838193E-05 1.81022231E+01
1.50684413E+32 1.63747509E-12 8.89779265E+01 5.18449651E-02 3.17048279E-05 1.81087770E+01
1.51729117E+32 1.64989443E-12 8.83705863E+01 5.17816296E-02 3.17248751E-05 1.81153230E+01
1.52781064E+32 1.66240428E-12 8.77673122E+01 5.17204071E-02 3.17440273E-05 1.81218617E+01
1.53840304E+32 1.67500531E-12 8.71680516E+01 5.16611907E-02 3.17623541E-05 1.81283939E+01
1.54906889E+32 1.68769810E-12 8.65728171E+01 5.16040349E-02 3.17799232E-05 1.81349197E+01
1.55980867E+32 1.70048326E-12 8.59816014E+01 5.15489459E-02 3.17968035E-05 1.81414394E+01
1.57062292E+32 1.71336145E-12 8.53943786E+01 5.14958828E-02 3.18130645E-05 1.81479535E+01
1.58151214E+32 1.72633334E-12 8.48111229E+01 5.14448043E-02 3.18287760E-05 1.81544625E+01
1.59247686E+32 1.73939959E-12 8.42318088E+01 5.13956690E-02 3.18440071E-05 1.81609668E+01
1.60351760E+32 1.75256089E-12 8.36564109E+01 5.13484347E-02 3.18587235E-05 1.81674662E+01
1.61463489E+32 1.76581791E-12 8.30849039E+01 5.13030593E-02 3.18729068E-05 1.81739606E+01
1.62582925E+32 1.77917133E-12 8.25172630E+01 5.12594999E-02 3.18866020E-05 1.81804503E+01
1.63710122E+32 1.79262184E-12 8.19534630E+01 5.12177136E-02 3.18998541E-05 1.81869357E+01
1.64845134E+32 1.80617013E-12 8.13934796E+01 5.11776569E-02 3.19127085E-05 1.81934169E+01
1.65988015E+32 1.81981691E-12 8.08372880E+01 5.11392860E-02 3.19252104E-05 1.81998945E+01
1.67138820E+32 1.83356288E-12 8.02848640E+01 5.11025568E-02 3.19374054E-05 1.82063686E+01
1.68297604E+32 1.84740874E-12 7.97361834E+01 5.10674249E-02 3.19493389E-05 1.82128396E+01
1.69464421E+32 1.86135520E-12 7.91912223E+01 5.10338453E-02 3.19610243E-05 1.82193076E+01
1.70639328E+32 1.87540299E-12 7.86499567E+01 5.10017729E-02 3.19724027E-05 1.82257722E+01
1.71822381E+32 1.88955283E-12 7.81123631E+01 5.09711623E-02 3.19834903E-05 1.82322335E+01
1.73013636E+32 1.90380545E-12 7.75784179E+01 5.09419675E-02 3.19943087E-05 1.82386917E+01
1.74213150E+32 1.91816157E-12 7.70480977E+01 5.09141425E-02 3.20048798E-05 1.82451469E+01
1.75420980E+32 1.93262195E-12 7.65213795E+01 5.08876406E-02 3.20152251E-05 1.82515992E+01
1.76637184E+32 1.94718731E-12 7.59982402E+01 5.08624151E-02 3.20253666E-05 1.82580488E+01
1.77861821E+32 1.96185842E-12 7.54786570E+01 5.08384189E-02 3.20353259E-05 1.82644959E+01
1.79094947E+32 1.97663602E-12 7.49626070E+01 5.08156045E-02 3.20451228E-05 1.82709406E+01
1.80336623E+32 1.99152088E-12 7.44500678E+01 5.07939241E-02 3.20547388E-05 1.82773828E+01
1.81586908E+32 2.00651375E-12 7.39410170E+01 5.07733296E-02 3.20641696E-05 1.82838224E+01
1.82845861E+32 2.02161542E-12 7.34354323E+01 5.07537727E-02 3.20734219E-05 1.82902596E+01
1.84113542E+32 2.03682665E-12 7.29332916E+01 5.07352047E-02 3.20825023E-05 1.82966942E+01
1.85390013E+32 2.05214822E-12 7.24345730E+01 5.07175766E-02 3.20914176E-05 1.83031265E+01
1.86675333E+32 2.06758093E-12 7.19392547E+01 5.07008392E-02 3.21001745E-05 1.83095564E+01
1.87969564E+32 2.08312557E-12 7.14473150E+01 5.06849428E-02 3.21087797E-05 1.83159841E+01
1.89272768E+32 2.09878292E-12 7.09587323E+01 5.06698378E-02 3.21172399E-05 1.83224094E+01
1.90585008E+32 2.11455381E-12 7.04734854E+01 5.06554738E-02 3.21255624E-05 1.83288325E+01
1.91906345E+32 2.13043902E-12 6.99915530E+01 5.06418006E-02 3.21337503E-05 1.83352535E+01
1.93236844E+32 2.14643939E-12 6.95129140E+01 5.06287675E-02 3.21418031E-05 1.83416722E+01
1.94576566E+32 2.16255572E-12 6.90375475E+01 5.06163234E-02 3.21497206E-05 1.83480888E+01
1.95925577E+32 2.17878885E-12 6.85654324E+01 5.06044170E-02 3.21575023E-05 1.83545032E+01
1.97283941E+32 2.19513961E-12 6.80965482E+01 5.05929968E-02 3.21651478E-05 1.83609154E+01
1.98651723E+32 2.21160884E-12 6.76308744E+01 5.05820111E-02 3.21726567E-05 1.83673254E+01
2.00028987E+32 2.22819738E-12 6.71683904E+01 5.05714079E-02 3.21800287E-05 1.83737332E+01
2.01415800E+32 2.24490609E-12 6.67090760E+01 5.05611348E-02 3.21872669E-05 1.83801388E+01
2.02812228E+32 2.26173581E-12 6.62529110E+01 5.05511394E-02 3.21943902E-05 1.83865424E+01
2.04218337E+32 2.27868741E-12 6.57998754E+01 5.05413689E-02 3.22013992E-05 1.83929439E+01
2.05634195E+32 2.29576177E-12 6.53499493E+01 5.05317701E-02 3.22082911E-05 1.83993434E+01
2.07059869E+32 2.31295974E-12 6.49031128E+01 5.05222899E-02 3.22150631E-05 1.84057408E+01
2.08495428E+32 2.33028223E-12 6.44593464E+01 5.05128746E-02 3.22217123E-05 1.84121361E+01
2.09940939E+32 2.34773010E-12 6.40186305E+01 5.05034706E-02 3.22282360E-05 1.84185293E+01
2.11396473E+32 2.36530427E-12 6.35809456E+01 5.04940237E-02 3.22346314E-05 1.84249203E+01
2.12862097E+32 2.38300561E-12 6.31462725E+01 5.04844797E-02 3.22408959E-05 1.84313092E+01
2.14337883E+32 2.40083505E-12 6.27145920E+01 5.04747842E-02 3.22470474E-05 1.84376961E+01
2.15823900E+32 2.41879350E-12 6.22858850E+01 5.04648824E-02 3.22530966E-05 1.84440810E+01
2.17320220E+32 2.43688187E-12 6.18601327E+01 5.04547193E-02 3.22590403E-05 1.84504639E+01
2.18826915E+32 2.45510108E-12 6.14373161E+01 5.04442398E-02 3.22648754E-05 1.84568449E+01
2.20344055E+32 2.47345208E-12 6.10174167E+01 5.04333885E-02 3.22705988E-05 1.84632238E+01
2.21871713E+32 2.49193580E-12 6.06004157E+01 5.04221097E-02 3.22762074E-05 1.84696007E+01
2.23409963E+32 2.51055318E-12 6.01862948E+01 5.04103476E-02 3.22816981E-05 1.84759755E+01
2.24958878E+32 2.52930518E-12 5.97750356E+01 5.03980462E-02 3.22870677E-05 1.84823482E+01
2.26518532E+32 2.54819276E-12 5.93666199E+01 5.03851492E-02 3.22923219E-05 1.84887188E+01
2.28088998E+32 2.56721688E-12 5.89610294E+01 5.03716000E-02 3.22974821E-05 1.84950876E+01
2.29670353E+32 2.58637852E-12 5.85582463E+01 5.03573420E-02 3.23025470E-05 1.85014544E+01
2.31262671E+32 2.60567865E-12 5.81582525E+01 5.03423182E-02 3.23075138E-05 1.85078193E+01
2.32866029E+32 2.62511826E-12 5.77610304E+01 5.03264716E-02 3.23123800E-05 1.85141822E+01
2.34480504E+32 2.64469834E-12 5.73665622E+01 5.03097448E-02 3.23171428E-05 1.85205432E+01
2.36106171E+32 2.66441990E-12 5.69748303E+01 5.02920802E-02 3.23217995E-05 1.85269022E+01
2.37743109E+32 2.68428394E-12 5.65858173E+01 5.02734200E-02 3.23263474E-05 1.85332591E+01
2.39391397E+32 2.70429148E-12 5.61995058E+01 5.02537065E-02 3.23307854E-05 1.85396141E+01
2.41051112E+32 2.72444354E-12 5.58158785E+01 5.02328812E-02 3.23351331E-05 1.85459671E+01
2.42722333E+32 2.74474114E-12 5.54349184E+01 5.02108860E-02 3.23393958E-05 1.85523183E+01
2.44405142E+32 2.76518533E-12 5.50566082E+01 5.01876620E-02 3.23435715E-05 1.85586676E+01
2.46099618E+32 2.78577715E-12 5.46809311E+01 5.01631505E-02 3.23476579E-05 1.85650150E+01
2.47805841E+32 2.80651766E-12 5.43078702E+01 5.01372922E-02 3.23516530E-05 1.85713605E+01
2.49523894E+32 2.82740790E-12 5.39374087E+01 5.01100279E-02 3.23555546E-05 1.85777040E+01
2.51253858E+32 2.84844895E-12 5.35695299E+01 5.00812983E-02 3.23593606E-05 1.85840456E+01
2.52995816E+32 2.86964189E-12 5.32042174E+01 5.00510436E-02 3.23630689E-05 1.85903853E+01
2.54749852E+32 2.89098779E-12 5.28414546E+01 5.00192038E-02 3.23666883E-05 1.85967231E+01
2.56516048E+32 2.91248774E-12 5.24812252E+01 4.99857190E-02 3.23702332E-05 1.86030590E+01
2.58294489E+32 2.93414285E-12 5.21235129E+01 4.99505287E-02 3.23737022E-05 1.86093932E+01
2.60085260E+32 2.95595422E-12 5.17683016E+01 4.99135723E-02 3.23770936E-05 1.86157255E+01
2.61888447E+32 2.97792295E-12 5.14155752E+01 4.98747890E-02 3.23804059E-05 1.86220559E+01
2.63704135E+32 3.00005019E-12 5.10653177E+01 4.98341177E-02 3.23836374E-05 1.86283845E+01
2.65532412E+32 3.02233704E-12 5.07175132E+01 4.97914973E-02 3.23867864E-05 1.86347112E+01
2.67373364E+32 3.04478466E-12 5.03721459E+01 4.97468661E-02 3.23898513E-05 1.86410361E+01
2.69227080E+32 3.06739418E-12 5.00292002E+01 4.97001623E-02 3.23928330E-05 1.86473590E+01
2.71093647E+32 3.09016676E-12 4.96886603E+01 4.96513241E-02 3.23957477E-05 1.86536802E+01
2.72973156E+32 3.11310357E-12 4.93505109E+01 4.96002891E-02 3.23985975E-05 1.86599996E+01
2.74865695E+32 3.13620576E-12 4.90147364E+01 4.95469947E-02 3.24013811E-05 1.86663172E+01
2.76771356E+32 3.15947454E-12 4.86813215E+01 4.94913784E-02 3.24040972E-05 1.86726330E+01
2.78690228E+32 3.18291107E-12 4.83502510E+01 4.94333769E-02 3.24067447E-05 1.86789470E+01
2.80622404E+32 3.20651656E-12 4.80215097E+01 4.93729272E-02 3.24093222E-05 1.86852592E+01
2.82567976E+32 3.23029221E-12 4.76950826E+01 4.93099655E-02 3.24118286E-05 1.86915696E+01
2.84527037E+32 3.25423924E-12 4.73709546E+01 4.92444281E-02 3.24142625E-05 1.86978781E+01
2.86499680E+32 3.27835886E-12 4.70491109E+01 4.91762509E-02 3.24166333E-05 1.87041849E+01
2.88486000E+32 3.30265232E-12 4.67295366E+01 4.91053695E-02 3.24189495E-05 1.87104899E+01
2.90486091E+32 3.32712084E-12 4.64122171E+01 4.90317193E-02 3.24212102E-05 1.87167932E+01
2.92500048E+32 3.35176567E-12 4.60971377E+01 4.89552352E-02 3.24234144E-05 1.87230948E+01
2.94527969E+32 3.37658808E-12 4.57842838E+01 4.88758521E-02 3.24255611E-05 1.87293946E+01
2.96569949E+32 3.40158934E-12 4.54736411E+01 4.87935043E-02 3.24276494E-05 1.87356926E+01
2.98626086E+32 3.42677071E-12 4.51651950E+01 4.87081259E-02 3.24296783E-05 1.87419889E+01
3.00696479E+32 3.45213348E-12 4.48589313E+01 4.86196508E-02 3.24316469E-05 1.87482833E+01
3.02781226E+32 3.47767895E-12 4.45548359E+01 4.85280125E-02 3.24335569E-05 1.87545760E+01
3.04880426E+32 3.50340842E-12 4.42528945E+01 4.84331440E-02 3.24354201E-05 1.87608670E+01
3.06994180E+32 3.52932320E-12 4.39530929E+01 4.83349767E-02 3.24372374E-05 1.87671563E+01
3.09122590E+32 3.55542463E-12 4.36554136E+01 4.82334259E-02 3.24390082E-05 1.87734439E+01
3.11265755E+32 3.58171403E-12 4.33598431E+01 4.81284253E-02 3.24407315E-05 1.87797299E+01
3.13423779E+32 3.60819276E-12 4.30663692E+01 4.80199144E-02 3.24424068E-05 1.87860143E+01
3.15596765E+32 3.63486215E-12 4.27749796E+01 4.79078308E-02 3.24440332E-05 1.87922968E+01
3.17784817E+32 3.66172356E-12 4.24856615E+01 4.77921102E-02 3.24456099E-05 1.87985777E+01
3.19988038E+32 3.68877836E-12 4.21984022E+01 4.76726869E-02 3.24471364E-05 1.88048567E+01
3.22206534E+32 3.71602794E-12 4.19131885E+01 4.75494931E-02 3.24486201E-05 1.88111340E+01
3.24440412E+32 3.74347367E-12 4.16300071E+01 4.74224593E-02 3.24500664E-05 1.88174096E+01
3.26689777E+32 3.77111696E-12 4.13488446E+01 4.72915142E-02 3.24514747E-05 1.88236834E+01
3.28954736E+32 3.79895921E-12 4.10696874E+01 4.71565846E-02 3.24528445E-05 1.88299556E+01
3.31235399E+32 3.82700185E-12 4.07925217E+01 4.70175955E-02 3.24541752E-05 1.88362260E+01
3.33531874E+32 3.85524631E-12 4.05173334E+01 4.68744700E-02 3.24554662E-05 1.88424947E+01
3.35844271E+32 3.88369401E-12 4.02441085E+01 4.67271294E-02 3.24567170E-05 1.88487617E+01
3.38172700E+32 3.91234642E-12 3.99728327E+01 4.65754930E-02 3.24579269E-05 1.88550270E+01
3.40517271E+32 3.94120499E-12 3.97034916E+01 4.64194798E-02 3.24590974E-05 1.88612907E+01
3.42878098E+32 3.97027120E-12 3.94360705E+01 4.62590635E-02 3.24602368E-05 1.88675528E+01
3.45255293E+32 3.99954652E-12 3.91705550E+01 4.60942903E-02 3.24613458E-05 1.88738134E+01
3.47648968E+32 4.02903246E-12 3.89069301E+01 4.59252100E-02 3.24624240E-05 1.88800723E+01
3.50059240E+32 4.05873051E-12 3.86451810E+01 4.57518709E-02 3.24634708E-05 1.88863296E+01
3.52486221E+32 4.08864219E-12 3.83852926E+01 4.55743201E-02 3.24644858E-05 1.88925853E+01
3.54930030E+32 4.11876902E-12 3.81272499E+01 4.53926032E-02 3.24654686E-05 1.88988393E+01
3.57390781E+32 4.14911254E-12 3.78710377E+01 4.52067647E-02 3.24664188E-05 1.89050916E+01
3.59868593E+32 4.17967431E-12 3.76166407E+01 4.50168477E-02 3.24673359E-05 1.89113424E+01
3.62363583E+32 4.21045588E-12 3.73640436E+01 4.48228939E-02 3.24682247E-05 1.89175915E+01
3.64875872E+32 4.24145882E-12 3.71132308E+01 4.46249440E-02 3.24690895E-05 1.89238390E+01
3.67405578E+32 4.27268472E-12 3.68641870E+01 4.44230372E-02 3.24699299E-05 1.89300850E+01
3.69952823E+32 4.30413516E-12 3.66168966E+01 4.42172117E-02 3.24707456E-05 1.89363295E+01
3.72517729E+32 4.33581176E-12 3.63713440E+01 4.40075044E-02 3.24715362E-05 1.89425724E+01
3.75100416E+32 4.36771614E-12 3.61275134E+01 4.37939512E-02 3.24723013E-05 1.89488140E+01
3.77701010E+32 4.39984992E-12 3.58853893E+01 4.35765867E-02 3.24730407E-05 1.89550541E+01
3.80319634E+32 4.43221474E-12 3.56449558E+01 4.33554446E-02 3.24737539E-05 1.89612929E+01
3.82956413E+32 4.46481227E-12 3.54061973E+01 4.31305575E-02 3.24744415E-05 1.89675304E+01
3.85611473E+32 4.49764416E-12 3.51690978E+01 4.29019568E-02 3.24751093E-05 1.89737667E+01
3.88284940E+32 4.53071206E-12 3.49336450E+01 4.26696937E-02 3.24757581E-05 1.89800017E+01
3.90976943E+32 4.56401761E-12 3.46998279E+01 4.24338275E-02 3.24763875E-05 1.89862355E+01
3.93687610E+32 4.59756249E-12 3.44676328E+01 4.21944009E-02 3.24769974E-05 1.89924680E+01
3.96417070E+32 4.63134840E-12 3.42370461E+01 4.19514571E-02 3.24775874E-05 1.89986992E+01
3.99165453E+32 4.66537706E-12 3.40080545E+01 4.17050393E-02 3.24781572E-05 1.90049292E+01
4.01932892E+32 4.69965018E-12 3.37806445E+01 4.14551912E-02 3.24787066E-05 1.90111580E+01
4.04719517E+32 4.73416949E-12 3.35548030E+01 4.12019568E-02 3.24792353E-05 1.90173856E+01
4.07525461E+32 4.76893674E-12 3.33305169E+01 4.09453804E-02 3.24797456E-05 1.90236120E+01
4.10350860E+32 4.80395368E-12 3.31077734E+01 4.06855066E-02 3.24802412E-05 1.90298372E+01
4.13195847E+32 4.83922207E-12 3.28865595E+01 4.04223807E-02 3.24807219E-05 1.90360613E+01
4.16060559E+32 4.87474370E-12 3.26668627E+01 4.01560479E-02 3.24811874E-05 1.90422842E+01
4.18945132E+32 4.91052036E-12 3.24486703E+01 3.98865542E-02 3.24816376E-05 1.90485061E+01
4.21849704E+32 4.94655385E-12 3.22319698E+01 3.96139458E-02 3.24820723E-05 1.90547269E+01
4.24774413E+32 4.98284597E-12 3.20167491E+01 3.93382697E-02 3.24824911E-05 1.90609466E+01
4.27719400E+32 5.01939857E-12 3.18029957E+01 3.90595729E-02 3.24828939E-05 1.90671652E+01
4.30684804E+32 5.05621347E-12 3.15906977E+01 3.87779032E-02 3.24832807E-05 1.90733828E+01
4.33670768E+32 5.09329253E-12 3.13798431E+01 3.84933090E-02 3.24836550E-05 1.90795993E+01
4.36677433E+32 5.13063761E-12 3.11704199E+01 3.82058389E-02 3.24840180E-05 1.90858149E+01
4.39704944E+32 5.16825058E-12 3.09624164E+01 3.79155423E-02 3.24843694E-05 1.90920295E+01
4.42753445E+32 5.20613333E-12 3.07558211E+01 3.76224690E-02 3.24847092E-05 1.90982431E+01
4.45823081E+32 5.24428776E-12 3.05506222E+01 3.73266697E-02 3.24850370E-05 1.91044557E+01
4.48914000E+32 5.28271579E-12 3.03468085E+01 3.70281953E-02 3.24853528E-05 1.91106675E+01
4.52026347E+32 5.32141933E-12 3.01443685E+01 3.67270976E-02 3.24856563E-05 1.91168783E+01
4.55160273E+32 5.36040033E-12 2.99432911E+01 3.64234289E-02 3.24859474E-05 1.91230881E+01
4.58315927E+32 5.39966073E-12 2.97435651E+01 3.61172423E-02 3.24862269E-05 1.91292971E+01
4.61493459E+32 5.43920249E-12 2.95451797E+01 3.58085914E-02 3.24864977E-05 1.91355053E+01
4.64693021E+32 5.47902760E-12 2.93481237E+01 3.54975307E-02 3.24867598E-05 1.91417126E+01
4.67914766E+32 5.51913804E-12 2.91523866E+01 3.51841151E-02 3.24870130E-05 1.91479190E+01
4.71158847E+32 5.55953581E-12 2.89579575E+01 3.48684006E-02 3.24872574E-05 1.91541247E+01
4.74425420E+32 5.60022292E-12 2.87648259E+01 3.45504437E-02 3.24874926E-05 1.91603295E+01
4.77714640E+32 5.64120140E-12 2.85729813E+01 3.42303017E-02 3.24877186E-05 1.91665336E+01
4.81026664E+32 5.68247330E-12 2.83824133E+01 3.39080329E-02 3.24879352E-05 1.91727368E+01
4.84361651E+32 5.72404066E-12 2.81931115E+01 3.35836960E-02 3.24881423E-05 1.91789393E+01
4.87719759E+32 5.76590555E-12 2.80050659E+01 3.32573506E-02 3.24883416E-05 1.91851411E+01
4.91101150E+32 5.80807006E-12 2.78182662E+01 3.29290569E-02 3.24885346E-05 1.91913421E+01
4.94505984E+32 5.85053626E-12 2.76327023E+01 3.25988762E-02 3.24887209E-05 1.91975425E+01
4.97934423E+32 5.89330628E-12 2.74483645E+01 3.22668706E-02 3.24889006E-05 1.92037421E+01
5.01386633E+32 5.93638223E-12 2.72652427E+01 3.19331033E-02 3.24890736E-05 1.92099411E+01
5.04862777E+32 5.97976624E-12 2.70833274E+01 3.15976381E-02 3.24892397E-05 1.92161394E+01
5.08363021E+32 6.02346047E-12 2.69026088E+01 3.12605399E-02 3.24893988E-05 1.92223371E+01
5.11887532E+32 6.06746707E-12 2.67230774E+01 3.09218742E-02 3.24895508E-05 1.92285341E+01
5.15436479E+32 6.11178821E-12 2.65447237E+01 3.05817078E-02 3.24896958E-05 1.92347305E+01
5.19010031E+32 6.15642610E-12 2.63675382E+01 3.02401081E-02 3.24898359E-05 1.92409263E+01
5.22608359E+32 6.20138292E-12 2.61915117E+01 2.98971436E-02 3.24899711E-05 1.92471215E+01
5.26231634E+32 6.24666090E-12 2.60166349E+01 2.95528837E-02 3.24901014E-05 1.92533162E+01
5.29880030E+32 6.29226227E-12 2.58428987E+01 2.92073988E-02 3.24902268E-05 1.92595103E+01
5.33553720E+32 6.33818928E-12 2.56702940E+01 2.88607603E-02 3.24903472E-05 1.92657039E+01
5.37252880E+32 6.38444417E-12 2.54988118E+01 2.85130405E-02 3.24904624E-05 1.92718969E+01
5.40977687E+32 6.43102924E-12 2.53284432E+01 2.81643129E-02 3.24905724E-05 1.92780895E+01
5.44728318E+32 6.47794676E-12 2.51591794E+01 2.78146519E-02 3.24906771E-05 1.92842815E+01
5.48504952E+32 6.52519904E-12 2.49910116E+01 2.74641329E-02 3.24907772E-05 1.92904731E+01
5.52307770E+32 6.57278839E-12 2.48239312E+01 2.71128325E-02 3.24908738E-05 1.92966642E+01
5.56136953E+32 6.62071715E-12 2.46579295E+01 2.67608284E-02 3.24909669E-05 1.93028549E+01
5.59992684E+32 6.66898766E-12 2.44929981E+01 2.64081991E-02 3.24910564E-05 1.93090451E+01
5.63875147E+32 6.71760229E-12 2.43291285E+01 2.60550246E-02 3.24911423E-05 1.93152350E+01
5.67784527E+32 6.76656341E-12 2.41663124E+01 2.57013857E-02 3.24912245E-05 1.93214244E+01
5.71721012E+32 6.81587340E-12 2.40045414E+01 2.53473644E-02 3.24913029E-05 1.93276134E+01
5.75684788E+32 6.86553469E-12 2.38438074E+01 2.49930439E-02 3.24913774E-05 1.93338021E+01
5.79676045E+32 6.91554968E-12 2.36841021E+01 2.46385085E-02 3.24914481E-05 1.93399904E+01
5.83694974E+32 6.96592082E-12 2.35254177E+01 2.42838436E-02 3.24915161E-05 1.93461784E+01
5.87741767E+32 7.01665055E-12 2.33677460E+01 2.39291359E-02 3.24915815E-05 1.93523661E+01
5.91816616E+32 7.06774134E-12 2.32110791E+01 2.35744732E-02 3.24916443E-05 1.93585535E+01
5.95919716E+32 7.11919567E-12 2.30554092E+01 2.32199444E-02 3.24917046E-05 1.93647405E+01
6.00051263E+32 7.17101604E-12 2.29007286E+01 2.28656398E-02 3.24917623E-05 1.93709273E+01
6.04211455E+32 7.22320496E-12 2.27470294E+01 2.25116506E-02 3.24918172E-05 1.93771139E+01
6.08400489E+32 7.27576496E-12 2.25943042E+01 2.21580695E-02 3.24918694E-05 1.93833002E+01
6.12618567E+32 7.32869858E-12 2.24425452E+01 2.18049901E-02 3.24919189E-05 1.93894862E+01
6.16865888E+32 7.38200837E-12 2.22917451E+01 2.14525073E-02 3.24919658E-05 1.93956721E+01
6.21142656E+32 7.43569692E-12 2.21418963E+01 2.11007171E-02 3.24920109E-05 1.94018577E+01
6.25449076E+32 7.48976682E-12 2.19929914E+01 2.07497169E-02 3.24920543E-05 1.94080432E+01
6.29785352E+32 7.54422066E-12 2.18450232E+01 2.03996053E-02 3.24920959E-05 1.94142285E+01
6.34151692E+32 7.59906108E-12 2.16979845E+01 2.00504821E-02 3.24921356E-05 1.94204137E+01
6.38548304E+32 7.65429070E-12 2.15518679E+01 1.97024483E-02 3.24921734E-05 1.94265987E+01
6.42975398E+32 7.70991220E-12 2.14066665E+01 1.93556063E-02 3.24922093E-05 1.94327836E+01
6.47433185E+32 7.76592822E-12 2.12623732E+01 1.90100595E-02 3.24922433E-05 1.94389684E+01
6.51921878E+32 7.82234147E-12 2.11189809E+01 1.86659126E-02 3.24922753E-05 1.94451531E+01
6.56441692E+32 7.87915464E-12 2.09764829E+01 1.83232715E-02 3.24923059E-05 1.94513377E+01
6.60992841E+32 7.93637046E-12 2.08348721E+01 1.79822435E-02 3.24923352E-05 1.94575223E+01
6.65575545E+32 7.99399165E-12 2.06941418E+01 1.76429369E-02 3.24923633E-05 1.94637068E+01
6.70190020E+32 8.05202097E-12 2.05542852E+01 1.73054613E-02 3.24923902E-05 1.94698913E+01
6.74836488E+32 8.11046120E-12 2.04152957E+01 1.69699276E-02 3.24924157E-05 1.94760758E+01
6.79515170E+32 8.16931510E-12 2.02771667E+01 1.66364477E-02 3.24924399E-05 1.94822603E+01
6.84226289E+32 8.22858549E-12 2.01398915E+01 1.63051351E-02 3.24924628E-05 1.94884449E+01
6.88970072E+32 8.28827519E-12 2.00034637E+01 1.59761041E-02 3.24924843E-05 1.94946294E+01
6.93746743E+32 8.34838702E-12 1.98678768E+01 1.56494704E-02 3.24925046E-05 1.95008140E+01
6.98556531E+32 8.40892384E-12 1.97331245E+01 1.53253508E-02 3.24925241E-05 1.95069987E+01
7.03399665E+32 8.46988853E-12 1.95992003E+01 1.50038633E-02 3.24925427E-05 1.95131835E+01
7.08276377E+32 8.53128396E-12 1.94660980E+01 1.46851272E-02 3.24925604E-05 1.95193684E+01
7.13186900E+32 8.59311304E-12 1.93338115E+01 1.43692628E-02 3.24925773E-05 1.95255534E+01
7.18131468E+32 8.65537868E-12 1.92023345E+01 1.40563916E-02 3.24925933E-05 1.95317386E+01
7.23110317E+32 8.71808384E-12 1.90716609E+01 1.37466362E-02 3.24926084E-05 1.95379239E+01
7.28123684E+32 8.78123145E-12 1.89417847E+01 1.34401203E-02 3.24926226E-05 1.95441094E+01
7.33171809E+32 8.84482449E-12 1.88126999E+01 1.31369688E-02 3.24926358E-05 1.95502951E+01
7.38254934E+32 8.90886596E-12 1.86844005E+01 1.28373075E-02 3.24926484E-05 1.95564809E+01
7.43373300E+32 8.97335885E-12 1.85568807E+01 1.25412635E-02 3.24926604E-05 1.95626670E+01
7.48527152E+32 9.03830620E-12 1.84301346E+01 1.22489647E-02 3.24926719E-05 1.95688534E+01
7.53716735E+32 9.10371104E-12 1.83041565E+01 1.19605402E-02 3.24926828E-05 1.95750399E+01
7.58942299E+32 9.16957643E-12 1.81789406E+01 1.16761199E-02 3.24926932E-05 1.95812268E+01
7.64204092E+32 9.23590545E-12 1.80544812E+01 1.13958349E-02 3.24927029E-05 1.95874139E+01
7.69502365E+32 9.30270119E-12 1.79307728E+01 1.11198171E-02 3.24927120E-05 1.95936014E+01
7.74837371E+32 9.36996676E-12 1.78078086E+01 1.08481939E-02 3.24927205E-05 1.95997892E+01
7.80209365E+32 9.43770526E-12 1.76855840E+01 1.05810903E-02 3.24927284E-05 1.96059774E+01
7.85618604E+32 9.50591985E-12 1.75640964E+01 1.03185427E-02 3.24927360E-05 1.96121659E+01
7.91065345E+32 9.57461370E-12 1.74433432E+01 1.00605418E-02 3.24927433E-05 1.96183548E+01
7.96549848E+32 9.64379001E-12 1.73233217E+01 9.80707648E-03 3.24927502E-05 1.96245438E+01
8.02072377E+32 9.71345200E-12 1.72040294E+01 9.55813416E-03 3.24927567E-05 1.96307332E+01
8.07633193E+32 9.78360291E-12 1.70854636E+01 9.31370069E-03 3.24927628E-05 1.96369228E+01
8.13232562E+32 9.85424600E-12 1.69676218E+01 9.07376043E-03 3.24927685E-05 1.96431126E+01
8.18870753E+32 9.92538455E-12 1.68505014E+01 8.83829621E-03 3.24927738E-05 1.96493026E+01
8.24548033E+32 9.99702187E-12 1.67340997E+01 8.60728939E-03 3.24927787E-05 1.96554929E+01
8.30264674E+32 1.00691613E-11 1.66184142E+01 8.38071985E-03 3.24927834E-05 1.96616833E+01
8.36020949E+32 1.01418061E-11 1.65034423E+01 8.15856600E-03 3.24927878E-05 1.96678738E+01
8.41817133E+32 1.02149598E-11 1.63891813E+01 7.94080479E-03 3.24927920E-05 1.96740645E+01
8.47653502E+32 1.02886257E-11 1.62756287E+01 7.72741176E-03 3.24927960E-05 1.96802553E+01
8.53530334E+32 1.03628073E-11 1.61627820E+01 7.51836102E-03 3.24927997E-05 1.96864462E+01
8.59447912E+32 1.04375079E-11 1.60506384E+01 7.31362526E-03 3.24928032E-05 1.96926372E+01
8.65406516E+32 1.05127310E-11 1.59391954E+01 7.11317582E-03 3.24928064E-05 1.96988283E+01
8.71406431E+32 1.05884802E-11 1.58284504E+01 6.91698264E-03 3.24928094E-05 1.97050194E+01
8.77447945E+32 1.06647589E-11 1.57184009E+01 6.72501434E-03 3.24928122E-05 1.97112106E+01
8.83531344E+32 1.07415708E-11 1.56090442E+01 6.53723819E-03 3.24928148E-05 1.97174017E+01
8.89656920E+32 1.08189192E-11 1.55003777E+01 6.35362017E-03 3.24928173E-05 1.97235929E+01
8.95824965E+32 1.08968079E-11 1.53923989E+01 6.17412495E-03 3.24928197E-05 1.97297840E+01
9.02035774E+32 1.09752405E-11 1.52851052E+01 5.99871595E-03 3.24928219E-05 1.97359751E+01
9.08289642E+32 1.10542205E-11 1.51784939E+01 5.82735536E-03 3.24928239E-05 1.97421661E+01
9.14586869E+32 1.11337517E-11 1.50725625E+01 5.66000411E-03 3.24928258E-05 1.97483570E+01
9.20927755E+32 1.12138377E-11 1.49673083E+01 5.49662195E-03 3.24928276E-05 1.97545478E+01
9.27312602E+32 1.12944823E-11 1.48627289E+01 5.33716746E-03 3.24928292E-05 1.97607385E+01
9.33741717E+32 1.13756891E-11 1.47588215E+01 5.18159806E-03 3.24928307E-05 1.97669290E+01
9.40215404E+32 1.14574620E-11 1.46555837E+01 5.02987004E-03 3.24928322E-05 1.97731194E+01
9.46733974E+32 1.15398048E-11 1.45530128E+01 4.88193858E-03 3.24928335E-05 1.97793095E+01
9.53297738E+32 1.16227212E-11 1.44511061E+01 4.73775779E-03 3.24928348E-05 1.97854995E+01
9.59907009E+32 1.17062150E-11 1.43498612E+01 4.59728073E-03 3.24928360E-05 1.97916892E+01
9.66562102E+32 1.17902903E-11 1.42492754E+01 4.46045941E-03 3.24928370E-05 1.97978787E+01
9.73263335E+32 1.18749508E-11 1.41493460E+01 4.32724471E-03 3.24928380E-05 1.98040679E+01
9.80011028E+32 1.19602006E-11 1.40500703E+01 4.19758626E-03 3.24928389E-05 1.98102568E+01
9.86805504E+32 1.20460435E-11 1.39514457E+01 4.07143311E-03 3.24928398E-05 1.98164454E+01
9.93647086E+32 1.21324836E-11 1.38534694E+01 3.94873339E-03 3.24928406E-05 1.98226337E+01
1.00053610E+33 1.22195249E-11 1.37561390E+01 3.82943432E-03 3.24928413E-05 1.98288216E+01
1.00747288E+33 1.23071715E-11 1.36594516E+01 3.71348223E-03 3.24928420E-05 1.98350092E+01
1.01445775E+33 1.23954274E-11 1.35634046E+01 3.60082261E-03 3.24928427E-05 1.98411963E+01
1.02149104E+33 1.24842967E-11 1.34679954E+01 3.49140010E-03 3.24928433E-05 1.98473831E+01
1.02857310E+33 1.25737836E-11 1.33732213E+01 3.38515856E-03 3.24928438E-05 1.98535694E+01
1.03570426E+33 1.26638923E-11 1.32790795E+01 3.28204107E-03 3.24928443E-05 1.98597553E+01
1.04288486E+33 1.27546269E-11 1.31855674E+01 3.18198999E-03 3.24928448E-05 1.98659407E+01
1.05011525E+33 1.28459917E-11 1.30926823E+01 3.08494696E-03 3.24928452E-05 1.98721256E+01
1.05739576E+33 1.29379910E-11 1.30004213E+01 2.99085294E-03 3.24928456E-05 1.98783100E+01
1.06472675E+33 1.30306290E-11 1.29087819E+01 2.89964825E-03 3.24928460E-05 1.98844939E+01
1.07210856E+33 1.31239101E-11 1.28177612E+01 2.81127256E-03 3.24928463E-05 1.98906772E+01
1.07954156E+33 1.32178386E-11 1.27273565E+01 2.72566498E-03 3.24928467E-05 1.98968600E+01
1.08702608E+33 1.33124189E-11 1.26375651E+01 2.64276402E-03 3.24928469E-05 1.99030422E+01
1.09456250E+33 1.34076554E-11 1.25483842E+01 2.56250768E-03 3.24928472E-05 1.99092238E+01
1.10215117E+33 1.35035526E-11 1.24598110E+01 2.48483343E-03 3.24928474E-05 1.99154048E+01
1.10979245E+33 1.36001150E-11 1.23718428E+01 2.40967826E-03 3.24928477E-05 1.99215851E+01
1.11748671E+33 1.36973471E-11 1.22844768E+01 2.33697869E-03 3.24928479E-05 1.99277648E+01
1.12523431E+33 1.37952534E-11 1.21977101E+01 2.26667082E-03 3.24928481E-05 1.99339438E+01
1.13303563E+33 1.38938385E-11 1.21115401E+01 2.19869033E-03 3.24928483E-05 1.99401221E+01
1.14089103E+33 1.39931070E-11 1.20259640E+01 2.13297253E-03 3.24928484E-05 1.99462997E+01
1.14880090E+33 1.40930637E-11 1.19409788E+01 2.06945235E-03 3.24928486E-05 1.99524765E+01
1.15676560E+33 1.41937131E-11 1.18565819E+01 2.00806441E-03 3.24928487E-05 1.99586527E+01
1.16478553E+33 1.42950600E-11 1.17727704E+01 1.94874300E-03 3.24928488E-05 1.99648280E+01
1.17286106E+33 1.43971092E-11 1.16895415E+01 1.89142214E-03 3.24928489E-05 1.99710026E+01
1.18099257E+33 1.44998654E-11 1.16068924E+01 1.83603557E-03 3.24928490E-05 1.99771764E+01
1.18918046E+33 1.46033335E-11 1.15248203E+01 1.78251680E-03 3.24928491E-05 1.99833493E+01
1.19742512E+33 1.47075183E-11 1.14433224E+01 1.73079910E-03 3.24928492E-05 1.99895215E+01
1.20572695E+33 1.48124248E-11 1.13623959E+01 1.68081557E-03 3.24928493E-05 1.99956927E+01
1.21408632E+33 1.49180579E-11 1.12820379E+01 1.63249912E-03 3.24928494E-05 2.00018631E+01
1.22250366E+33 1.50244226E-11 1.12022455E+01 1.58578233E-03 3.24928494E-05 2.00080326E+01
1.23097935E+33 1.51315238E-11 1.11230145E+01 1.54059642E-03 3.24928495E-05 2.00142013E+01
1.23951380E+33 1.52393666E-11 1.10443424E+01 1.49687412E-03 3.24928495E-05 2.00203691E+01
1.24810743E+33 1.53479562E-11 1.09662266E+01 1.45454844E-03 3.24928496E-05 2.00265361E+01
1.25676063E+33 1.54572977E-11 1.08886649E+01 1.41355213E-03 3.24928496E-05 2.00327021E+01
1.26547383E+33 1.55673961E-11 1.08116546E+01 1.37381779E-03 3.24928497E-05 2.00388672E+01
1.27424743E+33 1.56782569E-11 1.07351933E+01 1.33527782E-03 3.24928497E-05 2.00450312E+01
1.28308187E+33 1.57898851E-11 1.06592781E+01 1.29786451E-03 3.24928498E-05 2.00511942E+01
1.29197755E+33 1.59022862E-11 1.05839063E+01 1.26151004E-03 3.24928498E-05 2.00573561E+01
1.30093491E+33 1.60154654E-11 1.05090751E+01 1.22614652E-03 3.24928498E-05 2.00635169E+01
1.30995437E+33 1.61294281E-11 1.04347815E+01 1.19170600E-03 3.24928498E-05 2.00696766E+01
1.31903636E+33 1.62441797E-11 1.03610225E+01 1.15812051E-03 3.24928499E-05 2.00758352E+01
1.32818132E+33 1.63597257E-11 1.02877952E+01 1.12532208E-03 3.24928499E-05 2.00819927E+01
1.33738968E+33 1.64760716E-11 1.02150963E+01 1.09324274E-03 3.24928499E-05 2.00881490E+01
1.34666189E+33 1.65932229E-11 1.01429226E+01 1.06181457E-03 3.24928499E-05 2.00943043E+01
1.35599837E+33 1.67111851E-11 1.00712710E+01 1.03096966E-03 3.24928499E-05 2.01004584E+01
1.36539959E+33 1.68299640E-11 1.00001381E+01 1.00064020E-03 3.24928499E-05 2.01066115E+01
1.37486599E+33 1.69495651E-11 9.92952054E+00 9.70769291E-04 3.24928499E-05 2.01127636E+01
1.38439802E+33 1.70699941E-11 9.85941490E+00 9.41343842E-04 3.24928499E-05 2.01189145E+01
1.39399613E+33 1.71912569E-11 9.78981772E+00 9.12361693E-04 3.24928499E-05 2.01250644E+01
1.40366079E+33 1.73133591E-11 9.72072549E+00 8.83820622E-04 3.24928499E-05 2.01312131E+01
1.41339246E+33 1.74363067E-11 9.65213465E+00 8.55718346E-04 3.24928499E-05 2.01373607E+01
1.42319159E+33 1.75601055E-11 9.58404159E+00 8.28052529E-04 3.24928499E-05 2.01435071E+01
1.43305867E+33 1.76847614E-11 9.51644268E+00 8.00820787E-04 3.24928499E-05 2.01496524E+01
1.44299415E+33 1.78102804E-11 9.44933422E+00 7.74020697E-04 3.24928499E-05 2.01557965E+01
1.45299851E+33 1.79366686E-11 9.38271250E+00 7.47649798E-04 3.24928499E-05 2.01619394E+01
1.46307224E+33 1.80639319E-11 9.31657377E+00 7.21705599E-04 3.24928499E-05 2.01680812E+01
1.47321581E+33 1.81920765E-11 9.25091424E+00 6.96185588E-04 3.24928499E-05 2.01742218E+01
1.48342970E+33 1.83211085E-11 9.18573009E+00 6.71087230E-04 3.24928499E-05 2.01803614E+01
1.49371441E+33 1.84510342E-11 9.12101748E+00 6.46407978E-04 3.24928499E-05 2.01864998E+01
1.50407042E+33 1.85818597E-11 9.05677252E+00 6.22145272E-04 3.24928499E-05 2.01926373E+01
1.51449823E+33 1.87135914E-11 8.99299134E+00 5.98296552E-04 3.24928499E-05 2.01987737E+01
1.52499834E+33 1.88462356E-11 8.92967000E+00 5.74859253E-04 3.24928499E-05 2.02049091E+01
1.53557124E+33 1.89797988E-11 8.86680456E+00 5.51830817E-04 3.24928499E-05 2.02110437E+01
1.54621745E+33 1.91142871E-11 8.80439205E+00 5.29209273E-04 3.24928499E-05 2.02171773E+01
1.55693747E+33 1.92497070E-11 8.74242973E+00 5.06992767E-04 3.24928499E-05 2.02233100E+01
1.56773181E+33 1.93860648E-11 8.68091421E+00 4.85179031E-04 3.24928499E-05 2.02294416E+01
1.57860099E+33 1.95233671E-11 8.61984209E+00 4.63765807E-04 3.24928499E-05 2.02355723E+01
1.58954553E+33 1.96616205E-11 8.55921004E+00 4.42750855E-04 3.24928499E-05 2.02417020E+01
1.60056594E+33 1.98008315E-11 8.49901472E+00 4.22131945E-04 3.24928499E-05 2.02478307E+01
1.61166276E+33 1.99410068E-11 8.43925285E+00 4.01906864E-04 3.24928499E-05 2.02539585E+01
1.62283652E+33 2.00821532E-11 8.37992115E+00 3.82073409E-04 3.24928499E-05 2.02600853E+01
1.63408774E+33 2.02242773E-11 8.32101637E+00 3.62629394E-04 3.24928499E-05 2.02662112E+01
1.64541697E+33 2.03673860E-11 8.26253531E+00 3.43572642E-04 3.24928499E-05 2.02723362E+01
1.65682474E+33 2.05114861E-11 8.20447478E+00 3.24900992E-04 3.24928499E-05 2.02784602E+01
1.66831161E+33 2.06565845E-11 8.14683160E+00 3.06612295E-04 3.24928499E-05 2.02845833E+01
1.67987812E+33 2.08026881E-11 8.08960264E+00 2.88704413E-04 3.24928499E-05 2.02907055E+01
1.69152481E+33 2.09498039E-11 8.03278479E+00 2.71175222E-04 3.24928499E-05 2.02968268E+01
1.70325225E+33 2.10979390E-11 7.97637497E+00 2.54022609E-04 3.24928499E-05 2.03029471E+01
1.71506101E+33 2.12471004E-11 7.92037010E+00 2.37244473E-04 3.24928499E-05 2.03090666E+01
1.72695163E+33 2.13972953E-11 7.86476715E+00 2.20838727E-04 3.24928499E-05 2.03151853E+01
1.73892469E+33 2.15485308E-11 7.80956312E+00 2.04803292E-04 3.24928499E-05 2.03213030E+01
1.75098076E+33 2.17008142E-11 7.75475500E+00 1.89136102E-04 3.24928499E-05 2.03274199E+01
1.76312041E+33 2.18541528E-11 7.70033985E+00 1.73835105E-04 3.24928499E-05 2.03335359E+01
1.77534423E+33 2.20085539E-11 7.64631471E+00 1.58898256E-04 3.24928499E-05 2.03396511E+01
1.78765280E+33 2.21640248E-11 7.59267667E+00 1.44323522E-04 3.24928499E-05 2.03457654E+01
1.80004670E+33 2.23205731E-11 7.53942284E+00 1.30108883E-04 3.24928499E-05 2.03518788E+01
1.81252654E+33 2.24782062E-11 7.48655034E+00 1.16252328E-04 3.24928499E-05 2.03579915E+01
1.82509289E+33 2.26369317E-11 7.43405634E+00 1.02751857E-04 3.24928499E-05 2.03641033E+01
1.83774637E+33 2.27967571E-11 7.38193801E+00 8.96054783E-05 3.24928499E-05 2.03702143E+01
1.85048758E+33 2.29576900E-11 7.33019255E+00 7.68112139E-05 3.24928499E-05 2.03763245E+01
1.86331712E+33 2.31197383E-11 7.27881718E+00 6.43670936E-05 3.24928499E-05 2.03824338E+01
1.87623561E+33 2.32829096E-11 7.22780914E+00 5.22711577E-05 3.24928499E-05 2.03885424E+01
1.88924366E+33 2.34472118E-11 7.17716570E+00 4.05214562E-05 3.24928499E-05 2.03946502E+01
1.90234190E+33 2.36126526E-11 7.12688415E+00 2.91160488E-05 3.24928499E-05 2.04007572E+01
1.91553096E+33 2.37792401E-11 7.07696180E+00 1.80530046E-05 3.24928499E-05 2.04068634E+01
1.92881145E+33 2.39469822E-11 7.02739597E+00 7.33040219E-06 3.24928499E-05 2.04129689E+01
1.94218401E+33 2.41158869E-11 6.97818404E+00 -3.05367089E-06 3.24928499E-05 2.04190735E+01
1.95564929E+33 2.42859623E-11 6.92932335E+00 -1.31011179E-05 3.24928499E-05 2.04251774E+01
1.96920793E+33 2.44572165E-11 6.88081132E+00 -2.28138331E-05 3.24928499E-05 2.04312806E+01
1.98286056E+33 2.46296578E-11 6.83264535E+00 -3.21937019E-05 3.24928499E-05 2.04373830E+01
1.99660785E+33 2.48032943E-11 6.78482289E+00 -4.12426009E-05 3.24928499E-05 2.04434847E+01
2.01045046E+33 2.49781344E-11 6.73734138E+00 -4.99623983E-05 3.24928499E-05 2.04495856E+01
2.02438903E+33 2.51541865E-11 6.69019831E+00 -5.83549540E-05 3.24928499E-05 2.04556858E+01
2.03842424E+33 2.53314590E-11 6.64339118E+00 -6.64221194E-05 3.24928499E-05 2.04617853E+01
2.05255676E+33 2.55099603E-11 6.59691749E+00 -7.41657379E-05 3.24928499E-05 2.04678840E+01
2.06678726E+33 2.56896990E-11 6.55077479E+00 -8.15876446E-05 3.24928499E-05 2.04739821E+01
2.08111642E+33 2.58706837E-11 6.50496063E+00 -8.86896670E-05 3.24928499E-05 2.04800794E+01
2.09554493E+33 2.60529230E-11 6.45947259E+00 -9.54736245E-05 3.24928499E-05 2.04861760E+01
2.11007347E+33 2.62364257E-11 6.41430826E+00 -1.01941329E-04 3.24928499E-05 2.04922720E+01
2.12470273E+33 2.64212006E-11 6.36946525E+00 -1.08094584E-04 3.24928499E-05 2.04983672E+01
2.13943342E+33 2.66072565E-11 6.32494120E+00 -1.13935188E-04 3.24928499E-05 2.05044618E+01
2.15426625E+33 2.67946023E-11 6.28073375E+00 -1.19464928E-04 3.24928499E-05 2.05105557E+01
2.16920190E+33 2.69832470E-11 6.23684057E+00 -1.24685588E-04 3.24928499E-05 2.05166489E+01
2.18424111E+33 2.71731996E-11 6.19325936E+00 -1.29598942E-04 3.24928499E-05 2.05227414E+01
2.19938459E+33 2.73644692E-11 6.14998781E+00 -1.34206758E-04 3.24928499E-05 2.05288333E+01
2.21463305E+33 2.75570649E-11 6.10702366E+00 -1.38510796E-04 3.24928499E-05 2.05349245E+01
2.22998724E+33 2.77509960E-11 6.06436463E+00 -1.42512812E-04 3.24928499E-05 2.05410151E+01
2.24544787E+33 2.79462717E-11 6.02200849E+00 -1.46214552E-04 3.24928499E-05 2.05471050E+01
2.26101570E+33 2.81429014E-11 5.97995302E+00 -1.49617756E-04 3.24928499E-05 2.05531943E+01
2.27669146E+33 2.83408946E-11 5.93819601E+00 -1.52724159E-04 3.24928499E-05 2.05592829E+01
2.29247589E+33 2.85402606E-11 5.89673527E+00 -1.55535489E-04 3.24928499E-05 2.05653710E+01
2.30836977E+33 2.87410091E-11 5.85556863E+00 -1.58053467E-04 3.24928499E-05 2.05714584E+01
2.32437383E+33 2.89431496E-11 5.81469393E+00 -1.60279807E-04 3.24928499E-05 2.05775451E+01
2.34048886E+33 2.91466919E-11 5.77410903E+00 -1.62216219E-04 3.24928499E-05 2.05836313E+01
2.35671561E+33 2.93516456E-11 5.73381182E+00 -1.63864405E-04 3.24928499E-05 2.05897168E+01
2.37305486E+33 2.95580205E-11 5.69380018E+00 -1.65226063E-04 3.24928499E-05 2.05958018E+01
2.38950739E+33 2.97658267E-11 5.65407204E+00 -1.66302883E-04 3.24928499E-05 2.06018861E+01
2.40607399E+33 2.99750739E-11 5.61462531E+00 -1.67096550E-04 3.24928499E-05 2.06079699E+01
2.42275545E+33 3.01857722E-11 5.57545794E+00 -1.67608743E-04 3.24928499E-05 2.06140530E+01
2.43955256E+33 3.03979318E-11 5.53656790E+00 -1.67841137E-04 3.24928499E-05 2.06201356E+01
2.45646612E+33 3.06115627E-11 5.49795314E+00 -1.67795400E-04 3.24928499E-05 2.06262176E+01
2.47349695E+33 3.08266752E-11 5.45961168E+00 -1.67473193E-04 3.24928499E-05 2.06322990E+01
2.49064585E+33 3.10432797E-11 5.42154150E+00 -1.66876176E-04 3.24928499E-05 2.06383799E+01
2.50791365E+33 3.12613864E-11 5.38374064E+00 -1.66005999E-04 3.24928499E-05 2.06444602E+01
2.52530117E+33 3.14810057E-11 5.34620714E+00 -1.64864310E-04 3.24928499E-05 2.06505399E+01
2.54280923E+33 3.17021484E-11 5.30893903E+00 -1.63452751E-04 3.24928499E-05 2.06566190E+01
2.56043868E+33 3.19248248E-11 5.27193440E+00 -1.61772957E-04 3.24928499E-05 2.06626977E+01
2.57819036E+33 3.21490457E-11 5.23519132E+00 -1.59826562E-04 3.24928499E-05 2.06687757E+01
2.59606511E+33 3.23748217E-11 5.19870790E+00 -1.57615191E-04 3.24928499E-05 2.06748532E+01
2.61406378E+33 3.26021639E-11 5.16248223E+00 -1.55140467E-04 3.24928499E-05 2.06809302E+01
2.63218724E+33 3.28310829E-11 5.12651246E+00 -1.52404007E-04 3.24928499E-05 2.06870067E+01
2.65043636E+33 3.30615897E-11 5.09079671E+00 -1.49407424E-04 3.24928499E-05 2.06930826E+01
2.66881199E+33 3.32936955E-11 5.05533315E+00 -1.46152325E-04 3.24928499E-05 2.06991580E+01
2.68731503E+33 3.35274113E-11 5.02011994E+00 -1.42640315E-04 3.24928499E-05 2.07052329E+01
2.70594634E+33 3.37627483E-11 4.98515527E+00 -1.38872991E-04 3.24928499E-05 2.07113072E+01
2.72470683E+33 3.39997178E-11 4.95043733E+00 -1.34851949E-04 3.24928499E-05 2.07173811E+01
2.74359739E+33 3.42383311E-11 4.91596434E+00 -1.30578778E-04 3.24928499E-05 2.07234544E+01
2.76261891E+33 3.44785996E-11 4.88173451E+00 -1.26055065E-04 3.24928499E-05 2.07295272E+01
2.78177232E+33 3.47205350E-11 4.84774608E+00 -1.21282392E-04 3.24928499E-05 2.07355996E+01
2.80105851E+33 3.49641486E-11 4.81399732E+00 -1.16262336E-04 3.24928499E-05 2.07416714E+01
2.82047842E+33 3.52094523E-11 4.78048647E+00 -1.10996470E-04 3.24928499E-05 2.07477427E+01
2.84003297E+33 3.54564577E-11 4.74721182E+00 -1.05486365E-04 3.24928499E-05 2.07538136E+01
2.85972309E+33 3.57051768E-11 4.71417166E+00 -9.97335855E-05 3.24928499E-05 2.07598840E+01
2.87954972E+33 3.59556213E-11 4.68136430E+00 -9.37396939E-05 3.24928499E-05 2.07659539E+01
2.89951381E+33 3.62078034E-11 4.64878804E+00 -8.75062480E-05 3.24928499E-05 2.07720233E+01
2.91961632E+33 3.64617350E-11 4.61644123E+00 -8.10348019E-05 3.24928499E-05 2.07780922E+01
2.93985819E+33 3.67174284E-11 4.58432220E+00 -7.43269062E-05 3.24928499E-05 2.07841607E+01
2.96024041E+33 3.69748957E-11 4.55242931E+00 -6.73841078E-05 3.24928499E-05 2.07902287E+01
2.98076393E+33 3.72341494E-11 4.52076092E+00 -6.02079500E-05 3.24928499E-05 2.07962963E+01
3.00142975E+33 3.74952018E-11 4.48931541E+00 -5.27999725E-05 3.24928499E-05 2.08023634E+01
3.02223884E+33 3.77580655E-11 4.45809118E+00 -4.51617117E-05 3.24928499E-05 2.08084300E+01
3.04319220E+33 3.80227530E-11 4.42708663E+00 -3.72947006E-05 3.24928499E-05 2.08144962E+01
3.06429084E+33 3.82892770E-11 4.39630018E+00 -2.92004688E-05 3.24928499E-05 2.08205620E+01
3.08553575E+33 3.85576503E-11 4.36573026E+00 -2.08805424E-05 3.24928499E-05 2.08266273E+01
3.10692796E+33 3.88278857E-11 4.33537529E+00 -1.23364444E-05 3.24928499E-05 2.08326921E+01
3.12846848E+33 3.90999962E-11 4.30523375E+00 -3.56969489E-06 3.24928499E-05 2.08387566E+01
3.15015834E+33 3.93739949E-11 4.27530409E+00 5.41818951E-06 3.24928499E-05 2.08448206E+01
3.17199857E+33 3.96498947E-11 4.24558478E+00 1.46256951E-05 3.24928499E-05 2.08508842E+01
3.19399023E+33 3.99277091E-11 4.21607431E+00 2.40513112E-05 3.24928499E-05 2.08569473E+01
3.21613436E+33 4.02074511E-11 4.18677119E+00 3.36935302E-05 3.24928499E-05 2.08630101E+01
3.23843201E+33 4.04891344E-11 4.15767392E+00 4.35508474E-05 3.24928499E-05 2.08690724E+01
3.26088426E+33 4.07727723E-11 4.12878102E+00 5.36217610E-05 3.24928499E-05 2.08751343E+01
3.28349216E+33 4.10583784E-11 4.10009102E+00 6.39047721E-05 3.24928499E-05 2.08811958E+01
3.30625681E+33 4.13459665E-11 4.07160246E+00 7.43983844E-05 3.24928499E-05 2.08872569E+01
3.32917929E+33 4.16355503E-11 4.04331391E+00 8.51011045E-05 3.24928499E-05 2.08933176E+01
3.35226069E+33 4.19271436E-11 4.01522392E+00 9.60114417E-05 3.24928499E-05 2.08993779E+01
3.37550211E+33 4.22207605E-11 3.98733107E+00 1.07127908E-04 3.24928499E-05 2.09054378E+01
3.39890467E+33 4.25164150E-11 3.95963394E+00 1.18449018E-04 3.24928499E-05 2.09114973E+01
3.42246949E+33 4.28141212E-11 3.93213113E+00 1.29973288E-04 3.24928499E-05 2.09175564E+01
3.44619767E+33 4.31138935E-11 3.90482126E+00 1.41699239E-04 3.24928499E-05 2.09236152E+01
3.47009037E+33 4.34157462E-11 3.87770292E+00 1.53625393E-04 3.24928499E-05 2.09296735E+01
3.49414871E+33 4.37196938E-11 3.85077477E+00 1.65750274E-04 3.24928499E-05 2.09357315E+01
3.51837386E+33 4.40257508E-11 3.82403542E+00 1.78072408E-04 3.24928499E-05 2.09417891E+01
3.54276696E+33 4.43339318E-11 3.79748353E+00 1.90590326E-04 3.24928499E-05 2.09478463E+01
3.56732917E+33 4.46442517E-11 3.77111776E+00 2.03302559E-04 3.24928499E-05 2.09539032E+01
3.59206168E+33 4.49567254E-11 3.74493678E+00 2.16207641E-04 3.24928499E-05 2.09599596E+01
3.61696566E+33 4.52713677E-11 3.71893926E+00 2.29304108E-04 3.24928499E-05 2.09660158E+01
3.64204230E+33 4.55881938E-11 3.69312389E+00 2.42590498E-04 3.24928499E-05 2.09720715E+01
3.66729280E+33 4.59072188E-11 3.66748937E+00 2.56065352E-04 3.24928499E-05 2.09781269E+01
3.69271836E+33 4.62284581E-11 3.64203441E+00 2.69727213E-04 3.24928499E-05 2.09841820E+01
3.71832020E+33 4.65519269E-11 3.61675773E+00 2.83574625E-04 3.24928499E-05 2.09902367E+01
3.74409954E+33 4.68776409E-11 3.59165805E+00 2.97606135E-04 3.24928499E-05 2.09962910E+01
3.77005761E+33 4.72056157E-11 3.56673410E+00 3.11820291E-04 3.24928499E-05 2.10023450E+01
3.79619564E+33 4.75358669E-11 3.54198463E+00 3.26215645E-04 3.24928499E-05 2.10083987E+01
3.82251490E+33 4.78684103E-11 3.51740841E+00 3.40790749E-04 3.24928499E-05 2.10144520E+01
3.84901662E+33 4.82032619E-11 3.49300418E+00 3.55544158E-04 3.24928499E-05 2.10205050E+01
3.87570209E+33 4.85404378E-11 3.46877073E+00 3.70474428E-04 3.24928499E-05 2.10265576E+01
3.90257256E+33 4.88799541E-11 3.44470684E+00 3.85580117E-04 3.24928499E-05 2.10326099E+01
3.92962933E+33 4.92218270E-11 3.42081130E+00 4.00859785E-04 3.24928499E-05 2.10386619E+01
3.95687369E+33 4.95660730E-11 3.39708290E+00 4.16311995E-04 3.24928499E-05 2.10447136E+01
3.98430693E+33 4.99127086E-11 3.37352046E+00 4.31935310E-04 3.24928499E-05 2.10507649E+01
4.01193037E+33 5.02617503E-11 3.35012280E+00 4.47728294E-04 3.24928499E-05 2.10568159E+01
4.03974533E+33 5.06132148E-11 3.32688874E+00 4.63689516E-04 3.24928499E-05 2.10628666E+01
4.06775313E+33 5.09671191E-11 3.30381711E+00 4.79817542E-04 3.24928499E-05 2.10689170E+01
4.09595511E+33 5.13234801E-11 3.28090677E+00 4.96110945E-04 3.24928499E-05 2.10749671E+01
4.12435261E+33 5.16823147E-11 3.25815657E+00 5.12568295E-04 3.24928499E-05 2.10810168E+01
4.15294699E+33 5.20436404E-11 3.23556536E+00 5.29188166E-04 3.24928499E-05 2.10870663E+01
4.18173963E+33 5.24074743E-11 3.21313201E+00 5.45969133E-04 3.24928499E-05 2.10931154E+01
4.21073188E+33 5.27738338E-11 3.19085540E+00 5.62909771E-04 3.24928499E-05 2.10991643E+01
4.23992514E+33 5.31427366E-11 3.16873443E+00 5.80008660E-04 3.24928499E-05 2.11052128E+01
4.26932079E+33 5.35142004E-11 3.14676797E+00 5.97264377E-04 3.24928499E-05 2.11112611E+01
4.29892025E+33 5.38882428E-11 3.12495494E+00 6.14675504E-04 3.24928499E-05 2.11173090E+01
4.32872492E+33 5.42648819E-11 3.10329424E+00 6.32240624E-04 3.24928499E-05 2.11233567E+01
4.35873623E+33 5.46441357E-11 3.08178480E+00 6.49958318E-04 3.24928499E-05 2.11294041E+01
4.38895562E+33 5.50260224E-11 3.06042553E+00 6.67827173E-04 3.24928499E-05 2.11354511E+01
4.41938451E+33 5.54105602E-11 3.03921538E+00 6.85845773E-04 3.24928499E-05 2.11414979E+01
4.45002437E+33 5.57977676E-11 3.01815329E+00 7.04012707E-04 3.24928499E-05 2.11475445E+01
4.48087666E+33 5.61876631E-11 2.99723819E+00 7.22326563E-04 3.24928499E-05 2.11535907E+01
4.51194284E+33 5.65802655E-11 2.97646906E+00 7.40785931E-04 3.24928499E-05 2.11596367E+01
4.54322442E+33 5.69755935E-11 2.95584486E+00 7.59389402E-04 3.24928499E-05 2.11656823E+01
4.57472286E+33 5.73736661E-11 2.93536456E+00 7.78135568E-04 3.24928499E-05 2.11717278E+01
4.60643969E+33 5.77745024E-11 2.91502713E+00 7.97023022E-04 3.24928499E-05 2.11777729E+01
4.63837642E+33 5.81781215E-11 2.89483157E+00 8.16050359E-04 3.24928499E-05 2.11838178E+01
4.67053456E+33 5.85845428E-11 2.87477688E+00 8.35216175E-04 3.24928499E-05 2.11898624E+01
4.70291566E+33 5.89937859E-11 2.85486205E+00 8.54519065E-04 3.24928499E-05 2.11959067E+01
4.73552126E+33 5.94058702E-11 2.83508610E+00 8.73957629E-04 3.24928499E-05 2.12019508E+01
4.76835291E+33 5.98208155E-11 2.81544803E+00 8.93530464E-04 3.24928499E-05 2.12079946E+01
4.80141219E+33 6.02386418E-11 2.79594688E+00 9.13236171E-04 3.24928499E-05 2.12140382E+01
4.83470067E+33 6.06593691E-11 2.77658168E+00 9.33073350E-04 3.24928499E-05 2.12200815E+01
4.86821994E+33 6.10830174E-11 2.75735146E+00 9.53040603E-04 3.24928499E-05 2.12261245E+01
4.90197160E+33 6.15096072E-11 2.73825527E+00 9.73136533E-04 3.24928499E-05 2.12321673E+01
4.93595727E+33 6.19391588E-11 2.71929217E+00 9.93359743E-04 3.24928499E-05 2.12382099E+01
4.97017855E+33 6.23716929E-11 2.70046120E+00 1.01370884E-03 3.24928499E-05 2.12442522E+01
5.00463710E+33 6.28072301E-11 2.68176144E+00 1.03418242E-03 3.24928499E-05 2.12502943E+01
5.03933455E+33 6.32457914E-11 2.66319196E+00 1.05477911E-03 3.24928499E-05 2.12563361E+01
5.07427256E+33 6.36873977E-11 2.64475185E+00 1.07549749E-03 3.24928499E-05 2.12623777E+01
5.10945280E+33 6.41320702E-11 2.62644017E+00 1.09633619E-03 3.24928499E-05 2.12684190E+01
5.14487694E+33 6.45798302E-11 2.60825604E+00 1.11729381E-03 3.24928499E-05 2.12744601E+01
5.18054669E+33 6.50306992E-11 2.59019854E+00 1.13836896E-03 3.24928499E-05 2.12805010E+01
5.21646373E+33 6.54846988E-11 2.57226679E+00 1.15956026E-03 3.24928499E-05 2.12865416E+01
5.25262979E+33 6.59418507E-11 2.55445990E+00 1.18086630E-03 3.24928499E-05 2.12925820E+01
5.28904659E+33 6.64021768E-11 2.53677698E+00 1.20228571E-03 3.24928499E-05 2.12986222E+01
5.32571586E+33 6.68656992E-11 2.51921716E+00 1.22381709E-03 3.24928499E-05 2.13046622E+01
5.36263937E+33 6.73324402E-11 2.50177957E+00 1.24545907E-03 3.24928499E-05 2.13107019E+01
5.39981887E+33 6.78024220E-11 2.48446336E+00 1.26721025E-03 3.24928499E-05 2.13167414E+01
5.43725614E+33 6.82756672E-11 2.46726765E+00 1.28906925E-03 3.24928499E-05 2.13227807E+01
5.47495297E+33 6.87521985E-11 2.45019162E+00 1.31103468E-03 3.24928499E-05 2.13288197E+01
5.51291115E+33 6.92320387E-11 2.43323440E+00 1.33310517E-03 3.24928499E-05 2.13348586E+01
5.55113249E+33 6.97152107E-11 2.41639517E+00 1.35527932E-03 3.24928499E-05 2.13408972E+01
5.58961883E+33 7.02017379E-11 2.39967309E+00 1.37755576E-03 3.24928499E-05 2.13469356E+01
5.62837199E+33 7.06916434E-11 2.38306734E+00 1.39993310E-03 3.24928499E-05 2.13529738E+01
5.66739384E+33 7.11849507E-11 2.36657710E+00 1.42240996E-03 3.24928499E-05 2.13590118E+01
5.70668622E+33 7.16816835E-11 2.35020156E+00 1.44498497E-03 3.24928499E-05 2.13650496E+01
5.74625102E+33 7.21818656E-11 2.33393990E+00 1.46765673E-03 3.24928499E-05 2.13710872E+01
5.78609012E+33 7.26855209E-11 2.31779132E+00 1.49042388E-03 3.24928499E-05 2.13771246E+01
5.82620543E+33 7.31926736E-11 2.30175504E+00 1.51328502E-03 3.24928499E-05 2.13831617E+01
5.86659887E+33 7.37033480E-11 2.28583025E+00 1.53623879E-03 3.24928499E-05 2.13891987E+01
5.90727235E+33 7.42175685E-11 2.27001619E+00 1.55928380E-03 3.24928499E-05 2.13952355E+01
5.94822783E+33 7.47353599E-11 2.25431205E+00 1.58241868E-03 3.24928499E-05 2.14012721E+01
5.98946725E+33 7.52567468E-11 2.23871708E+00 1.60564205E-03 3.24928499E-05 2.14073084E+01
6.03099258E+33 7.57817543E-11 2.22323051E+00 1.62895253E-03 3.24928499E-05 2.14133446E+01
6.07280582E+33 7.63104076E-11 2.20785157E+00 1.65234875E-03 3.24928499E-05 2.14193806E+01
6.11490895E+33 7.68427319E-11 2.19257951E+00 1.67582933E-03 3.24928499E-05 2.14254164E+01
6.15730398E+33 7.73787528E-11 2.17741357E+00 1.69939290E-03 3.24928499E-05 2.14314520E+01
6.19999294E+33 7.79184960E-11 2.16235301E+00 1.72303807E-03 3.24928499E-05 2.14374874E+01
6.24297787E+33 7.84619872E-11 2.14739709E+00 1.74676348E-03 3.24928499E-05 2.14435227E+01
6.28626081E+33 7.90092527E-11 2.13254508E+00 1.77056775E-03 3.24928499E-05 2.14495577E+01
6.32984383E+33 7.95603185E-11 2.11779624E+00 1.79444951E-03 3.24928499E-05 2.14555926E+01
6.37372902E+33 8.01152111E-11 2.10314985E+00 1.81840738E-03 3.24928499E-05 2.14616272E+01
6.41791847E+33 8.06739570E-11 2.08860520E+00 1.84243999E-03 3.24928499E-05 2.14676617E+01
6.46241428E+33 8.12365831E-11 2.07416156E+00 1.86654597E-03 3.24928499E-05 2.14736961E+01
6.50721859E+33 8.18031163E-11 2.05981823E+00 1.89072394E-03 3.24928499E-05 2.14797302E+01
6.55233353E+33 8.23735838E-11 2.04557450E+00 1.91497254E-03 3.24928499E-05 2.14857642E+01
6.59776125E+33 8.29480127E-11 2.03142968E+00 1.93929039E-03 3.24928499E-05 2.14917980E+01
6.64350393E+33 8.35264308E-11 2.01738307E+00 1.96367612E-03 3.24928499E-05 2.14978316E+01
6.68956374E+33 8.41088657E-11 2.00343398E+00 1.98812836E-03 3.24928499E-05 2.15038650E+01
6.73594289E+33 8.46953453E-11 1.98958173E+00 2.01264573E-03 3.24928499E-05 2.15098983E+01
6.78264359E+33 8.52858977E-11 1.97582564E+00 2.03722688E-03 3.24928499E-05 2.15159314E+01
6.82966807E+33 8.58805512E-11 1.96216504E+00 2.06187042E-03 3.24928499E-05 2.15219643E+01
6.87701857E+33 8.64793343E-11 1.94859925E+00 2.08657498E-03 3.24928499E-05 2.15279971E+01
6.92469735E+33 8.70822756E-11 1.93512762E+00 2.11133921E-03 3.24928499E-05 2.15340297E+01
6.97270669E+33 8.76894041E-11 1.92174947E+00 2.13616172E-03 3.24928499E-05 2.15400622E+01
7.02104889E+33 8.83007488E-11 1.90846416E+00 2.16104115E-03 3.24928499E-05 2.15460945E+01
7.06972624E+33 8.89163391E-11 1.89527104E+00 2.18597612E-03 3.24928499E-05 2.15521266E+01
7.11874108E+33 8.95362044E-11 1.88216946E+00 2.21096528E-03 3.24928499E-05 2.15581585E+01
7.16809574E+33 9.01603744E-11 1.86915878E+00 2.23600725E-03 3.24928499E-05 2.15641903E+01
7.21779258E+33 9.07888790E-11 1.85623836E+00 2.26110066E-03 3.24928499E-05 2.15702220E+01
7.26783397E+33 9.14217484E-11 1.84340757E+00 2.28624414E-03 3.24928499E-05 2.15762535E+01
7.31822230E+33 9.20590128E-11 1.83066579E+00 2.31143633E-03 3.24928499E-05 2.15822848E+01
7.36895998E+33 9.27007028E-11 1.81801238E+00 2.33667586E-03 3.24928499E-05 2.15883160E+01
7.42004942E+33 9.33468491E-11 1.80544674E+00 2.36196136E-03 3.24928499E-05 2.15943470E+01
7.47149307E+33 9.39974826E-11 1.79296825E+00 2.38729147E-03 3.24928499E-05 2.16003779E+01
7.52329339E+33 9.46526346E-11 1.78057629E+00 2.41266480E-03 3.24928499E-05 2.16064086E+01
7.57545283E+33 9.53123364E-11 1.76827027E+00 2.43808001E-03 3.24928499E-05 2.16124392E+01
7.62797390E+33 9.59766196E-11 1.75604957E+00 2.46353572E-03 3.24928499E-05 2.16184697E+01
7.68085911E+33 9.66455160E-11 1.74391361E+00 2.48903056E-03 3.24928499E-05 2.16245000E+01
7.73411097E+33 9.73190706E-11 1.73186106E+00 2.51456112E-03 3.24928499E-05 2.16305305E+01
7.78773202E+33 9.79973419E-11 1.71988986E+00 2.54012173E-03 3.24928499E-05 2.16365620E+01
7.84172484E+33 9.86803528E-11 1.70800002E+00 2.56571227E-03 3.24928499E-05 2.16425942E+01
7.89609199E+33 9.93681254E-11 1.69619159E+00 2.59133288E-03 3.24928499E-05 2.16486267E+01
7.95083607E+33 1.00060683E-10 1.68446456E+00 2.61698369E-03 3.24928499E-05 2.16546594E+01
8.00595970E+33 1.00758048E-10 1.67281889E+00 2.64266484E-03 3.24928499E-05 2.16606920E+01
8.06146550E+33 1.01460246E-10 1.66125448E+00 2.66837646E-03 3.24928499E-05 2.16667241E+01
8.11735612E+33 1.02167301E-10 1.64977117E+00 2.69411864E-03 3.24928499E-05 2.16727556E+01
8.17363424E+33 1.02879240E-10 1.63836878E+00 2.71989144E-03 3.24928499E-05 2.16787863E+01
8.23030254E+33 1.03596088E-10 1.62704709E+00 2.74569491E-03 3.24928499E-05 2.16848160E+01
8.28736372E+33 1.04317874E-10 1.61580580E+00 2.77152902E-03 3.24928499E-05 2.16908445E+01
8.34482052E+33 1.05044627E-10 1.60464462E+00 2.79739371E-03 3.24928499E-05 2.16968716E+01
8.40267566E+33 1.05776374E-10 1.59356318E+00 2.82328884E-03 3.24928499E-05 2.17028973E+01
8.46093192E+33 1.06513147E-10 1.58256110E+00 2.84921419E-03 3.24928499E-05 2.17089214E+01
8.51959207E+33 1.07254977E-10 1.57163795E+00 -1.14445545E-03 3.24928499E-05 2.17149431E+01
8.57865891E+33 1.08001896E-10 1.56079328E+00 -1.16877107E-03 3.24928499E-05 2.17209732E+01
8.63813527E+33 1.08753938E-10 1.55002658E+00 -1.19353568E-03 3.24928499E-05 2.17270017E+01
8.69802398E+33 1.09511136E-10 1.53933733E+00 -1.21874463E-03 3.24928499E-05 2.17330287E+01
8.75832791E+33 1.10273525E-10 1.52872496E+00 -1.24439837E-03 3.24928499E-05 2.17390542E+01
8.81904992E+33 1.11041144E-10 1.51818891E+00 -1.27049836E-03 3.24928499E-05 2.17450781E+01
8.88019293E+33 1.11814028E-10 1.50772853E+00 -1.29704605E-03 3.24928499E-05 2.17511005E+01
8.94175984E+33 1.12592218E-10 1.49734320E+00 -1.32404260E-03 3.24928499E-05 2.17571215E+01
9.00375360E+33 1.13375752E-10 1.48703224E+00 -1.35148902E-03 3.24928499E-05 2.17631411E+01
9.06617717E+33 1.14164672E-10 1.47679495E+00 -1.37938652E-03 3.24928499E-05 2.17691593E+01
9.12903352E+33 1.14959021E-10 1.46663061E+00 -1.40775130E-03 3.24928499E-05 2.17751764E+01
9.19232566E+33 1.15758843E-10 1.45653848E+00 -1.43662471E-03 3.24928499E-05 2.17811924E+01
9.25605661E+33 1.16564182E-10 1.44651778E+00 -1.46605000E-03 3.24928499E-05 2.17872076E+01
9.32022941E+33 1.17375086E-10 1.43656773E+00 -1.49606158E-03 3.24928499E-05 2.17932220E+01
9.38484712E+33 1.18191602E-10 1.42668753E+00 -1.52664825E-03 3.24928499E-05 2.17992359E+01
9.44991283E+33 1.19013780E-10 1.41687633E+00 -1.55778357E-03 3.24928499E-05 2.18052494E+01
9.51542964E+33 1.19841671E-10 1.40713329E+00 -1.58944223E-03 3.24928499E-05 2.18112629E+01
9.58140069E+33 1.20675327E-10 1.39745755E+00 -1.62161732E-03 3.24928499E-05 2.18172764E+01
9.64782912E+33 1.21514802E-10 1.38784823E+00 -1.65432063E-03 3.24928499E-05 2.18232904E+01
9.71471810E+33 1.22360148E-10 1.37830457E+00 -1.68756470E-03 3.24928499E-05 2.18293049E+01
9.78207082E+33 1.23211370E-10 1.36882712E+00 -1.72136491E-03 3.24928499E-05 2.18353194E+01
9.84989051E+33 1.24068500E-10 1.35941568E+00 -1.75574379E-03 3.24928499E-05 2.18413336E+01
9.91818040E+33 1.24931580E-10 1.35006980E+00 -1.79072498E-03 3.24928499E-05 2.18473477E+01
9.98694374E+33 1.25800651E-10 1.34078902E+00 -1.82633017E-03 3.24928499E-05 2.18533616E+01
1.00561838E+34 1.26675754E-10 1.33157289E+00 -1.86256236E-03 3.24928499E-05 2.18593753E+01
1.01259039E+34 1.27556932E-10 1.32242097E+00 -1.89941304E-03 3.24928499E-05 2.18653888E+01
1.01961075E+34 1.28444226E-10 1.31333279E+00 -1.93687376E-03 3.24928499E-05 2.18714020E+01
1.02667977E+34 1.29337680E-10 1.30430794E+00 -1.97494250E-03 3.24928499E-05 2.18774151E+01
1.03379780E+34 1.30237337E-10 1.29534595E+00 -2.01362884E-03 3.24928499E-05 2.18834279E+01
1.04096518E+34 1.31143238E-10 1.28644641E+00 -2.05294348E-03 3.24928499E-05 2.18894406E+01
1.04818226E+34 1.32055429E-10 1.27760887E+00 -2.09289753E-03 3.24928499E-05 2.18954530E+01
1.05544937E+34 1.32973952E-10 1.26883290E+00 -2.13350498E-03 3.24928499E-05 2.19014652E+01
1.06276686E+34 1.33898852E-10 1.26011809E+00 -2.17478074E-03 3.24928499E-05 2.19074772E+01
1.07013509E+34 1.34830174E-10 1.25146400E+00 -2.21673980E-03 3.24928499E-05 2.19134890E+01
1.07755440E+34 1.35767961E-10 1.24287022E+00 -2.25940297E-03 3.24928499E-05 2.19195006E+01
1.08502515E+34 1.36712259E-10 1.23433632E+00 -2.30279742E-03 3.24928499E-05 2.19255119E+01
1.09254769E+34 1.37663113E-10 1.22586190E+00 -2.34695034E-03 3.24928499E-05 2.19315231E+01
1.10012239E+34 1.38620569E-10 1.21744654E+00 -2.39187837E-03 3.24928499E-05 2.19375341E+01
1.10774961E+34 1.39584673E-10 1.20908984E+00 -2.43756327E-03 3.24928499E-05 2.19435449E+01
1.11542970E+34 1.40555471E-10 1.20079138E+00 -2.48397979E-03 3.24928499E-05 2.19495555E+01
1.12316304E+34 1.41533009E-10 1.19255077E+00 -2.53110537E-03 3.24928499E-05 2.19555659E+01
1.13095000E+34 1.42517336E-10 1.18436760E+00 -2.57894540E-03 3.24928499E-05 2.19615760E+01
1.13879095E+34 1.43508497E-10 1.17624147E+00 -2.62752387E-03 3.24928499E-05 2.19675859E+01
1.14668625E+34 1.44506541E-10 1.16817200E+00 -2.67686486E-03 3.24928499E-05 2.19735956E+01
1.15463630E+34 1.45511516E-10 1.16015879E+00 -2.72699311E-03 3.24928499E-05 2.19796051E+01
1.16264146E+34 1.46523469E-10 1.15220146E+00 -2.77793492E-03 3.24928499E-05 2.19856143E+01
1.17070212E+34 1.47542450E-10 1.14429961E+00 -2.82971650E-03 3.24928499E-05 2.19916234E+01
1.17881867E+34 1.48568507E-10 1.13645286E+00 -2.88235819E-03 3.24928499E-05 2.19976322E+01
1.18699149E+34 1.49601690E-10 1.12866083E+00 -2.93584365E-03 3.24928499E-05 2.20036409E+01
1.19522098E+34 1.50642049E-10 1.12092315E+00 -2.99014217E-03 3.24928499E-05 2.20096493E+01
1.20350752E+34 1.51689632E-10 1.11323944E+00 -3.04522524E-03 3.24928499E-05 2.20156574E+01
1.21185151E+34 1.52744492E-10 1.10560932E+00 -3.10111978E-03 3.24928499E-05 2.20216654E+01
1.22025334E+34 1.53806678E-10 1.09803243E+00 -3.15791809E-03 3.24928499E-05 2.20276731E+01
1.22871343E+34 1.54876241E-10 1.09050839E+00 -3.21571505E-03 3.24928499E-05 2.20336806E+01
1.23723218E+34 1.55953233E-10 1.08303684E+00 -3.27456850E-03 3.24928499E-05 2.20396879E+01
1.24580998E+34 1.57037707E-10 1.07561743E+00 -3.33440276E-03 3.24928499E-05 2.20456951E+01
1.25444726E+34 1.58129713E-10 1.06824979E+00 -3.39511265E-03 3.24928499E-05 2.20517020E+01
1.26314442E+34 1.59229304E-10 1.06093357E+00 -3.45660377E-03 3.24928499E-05 2.20577086E+01
1.27190187E+34 1.60336535E-10 1.05366842E+00 -3.51891118E-03 3.24928499E-05 2.20637149E+01
1.28072005E+34 1.61451456E-10 1.04645399E+00 -3.58216317E-03 3.24928499E-05 2.20697210E+01
1.28959936E+34 1.62574124E-10 1.03928994E+00 -3.64648809E-03 3.24928499E-05 2.20757268E+01
1.29854023E+34 1.63704590E-10 1.03217591E+00 -3.71195483E-03 3.24928499E-05 2.20817325E+01
1.30754308E+34 1.64842911E-10 1.02511156E+00 -3.77850703E-03 3.24928499E-05 2.20877379E+01
1.31660836E+34 1.65989140E-10 1.01809655E+00 -3.84607313E-03 3.24928499E-05 2.20937431E+01
1.32573648E+34 1.67143333E-10 1.01113055E+00 -3.91459413E-03 3.24928499E-05 2.20997481E+01
1.33492790E+34 1.68305546E-10 1.00421320E+00 -3.98409481E-03 3.24928499E-05 2.21057527E+01
1.34418303E+34 1.69475834E-10 9.97344190E-01 -4.05463621E-03 3.24928499E-05 2.21117571E+01
1.35350233E+34 1.70654254E-10 9.90523170E-01 -4.12627780E-03 3.24928499E-05 2.21177612E+01
1.36288625E+34 1.71840862E-10 9.83749812E-01 -4.19904290E-03 3.24928499E-05 2.21237651E+01
1.37233522E+34 1.73035717E-10 9.77023786E-01 -4.27290848E-03 3.24928499E-05 2.21297687E+01
1.38184970E+34 1.74238874E-10 9.70344765E-01 -4.34784887E-03 3.24928499E-05 2.21357720E+01
1.39143015E+34 1.75450394E-10 9.63712423E-01 -4.42385005E-03 3.24928499E-05 2.21417751E+01
1.40107702E+34 1.76670333E-10 9.57126435E-01 -4.50094406E-03 3.24928499E-05 2.21477779E+01
1.41079077E+34 1.77898751E-10 9.50586481E-01 -4.57917426E-03 3.24928499E-05 2.21537804E+01
1.42057187E+34 1.79135707E-10 9.44092240E-01 -4.65858367E-03 3.24928499E-05 2.21597827E+01
1.43042078E+34 1.80381260E-10 9.37643393E-01 -4.73921774E-03 3.24928499E-05 2.21657847E+01
1.44033797E+34 1.81635472E-10 9.31239626E-01 -4.82112366E-03 3.24928499E-05 2.21717865E+01
1.45032392E+34 1.82898401E-10 9.24880623E-01 -4.90434799E-03 3.24928499E-05 2.21777881E+01
1.46037910E+34 1.84170110E-10 9.18566073E-01 -4.98890153E-03 3.24928499E-05 2.21837895E+01
1.47050400E+34 1.85450660E-10 9.12295666E-01 -5.07471153E-03 3.24928499E-05 2.21897906E+01
1.48069909E+34 1.86740112E-10 9.06069092E-01 -5.16169440E-03 3.24928499E-05 2.21957915E+01
1.49096487E+34 1.88038529E-10 8.99886046E-01 -5.24978513E-03 3.24928499E-05 2.22017920E+01
1.50130182E+34 1.89345973E-10 8.93746222E-01 -5.33905963E-03 3.24928499E-05 2.22077923E+01
1.51171043E+34 1.90662508E-10 8.87649319E-01 -5.42966066E-03 3.24928499E-05 2.22137923E+01
1.52219121E+34 1.91988197E-10 8.81595034E-01 -5.52172747E-03 3.24928499E-05 2.22197922E+01
1.53274466E+34 1.93323105E-10 8.75583071E-01 -5.61530439E-03 3.24928499E-05 2.22257919E+01
1.54337127E+34 1.94667295E-10 8.69613143E-01 -5.71030262E-03 3.24928499E-05 2.22317914E+01
1.55407155E+34 1.96020833E-10 8.63684991E-01 -5.80662487E-03 3.24928499E-05 2.22377906E+01
1.56484603E+34 1.97383783E-10 8.57798326E-01 -5.90420476E-03 3.24928499E-05 2.22437895E+01
1.57569520E+34 1.98756211E-10 8.51952865E-01 -6.00311117E-03 3.24928499E-05 2.22497881E+01
1.58661959E+34 2.00138183E-10 8.46148323E-01 -6.10345022E-03 3.24928499E-05 2.22557864E+01
1.59761972E+34 2.01529767E-10 8.40384419E-01 -6.20532272E-03 3.24928499E-05 2.22617845E+01
1.60869611E+34 2.02931029E-10 8.34660874E-01 -6.30875756E-03 3.24928499E-05 2.22677823E+01
1.61984930E+34 2.04342038E-10 8.28977410E-01 -6.41372159E-03 3.24928499E-05 2.22737799E+01
1.63107981E+34 2.05762861E-10 8.23333753E-01 -6.52018021E-03 3.24928499E-05 2.22797772E+01
1.64238818E+34 2.07193567E-10 8.17729629E-01 -6.62811689E-03 3.24928499E-05 2.22857742E+01
1.65377496E+34 2.08634226E-10 8.12164766E-01 -6.73756091E-03 3.24928499E-05 2.22917709E+01
1.66524068E+34 2.10084906E-10 8.06638896E-01 -6.84854861E-03 3.24928499E-05 2.22977674E+01
1.67678590E+34 2.11545679E-10 8.01151751E-01 -6.96111596E-03 3.24928499E-05 2.23037635E+01
1.68841115E+34 2.13016615E-10 7.95703065E-01 -7.07529864E-03 3.24928499E-05 2.23097594E+01
1.70011701E+34 2.14497785E-10 7.90292574E-01 -7.19113200E-03 3.24928499E-05 2.23157550E+01
1.71190402E+34 2.15989260E-10 7.84920018E-01 -7.30865063E-03 3.24928499E-05 2.23217503E+01
1.72377276E+34 2.17491114E-10 7.79585135E-01 -7.42786493E-03 3.24928499E-05 2.23277453E+01
1.73572378E+34 2.19003419E-10 7.74287668E-01 -7.54874795E-03 3.24928499E-05 2.23337400E+01
1.74775766E+34 2.20526247E-10 7.69027360E-01 -7.67127013E-03 3.24928499E-05 2.23397344E+01
1.75987496E+34 2.22059674E-10 7.63803958E-01 -7.79541761E-03 3.24928499E-05 2.23457285E+01
1.77207628E+34 2.23603772E-10 7.58617208E-01 -7.92125322E-03 3.24928499E-05 2.23517222E+01
1.78436220E+34 2.25158618E-10 7.53466860E-01 -8.04886297E-03 3.24928499E-05 2.23577156E+01
1.79673329E+34 2.26724285E-10 7.48352665E-01 -8.17832930E-03 3.24928499E-05 2.23637088E+01
1.80919015E+34 2.28300852E-10 7.43274375E-01 -8.30968146E-03 3.24928499E-05 2.23697016E+01
1.82173337E+34 2.29888393E-10 7.38231744E-01 -8.44289837E-03 3.24928499E-05 2.23756941E+01
1.83436356E+34 2.31486986E-10 7.33224530E-01 -8.57795753E-03 3.24928499E-05 2.23816864E+01
1.84708131E+34 2.33096708E-10 7.28252489E-01 -8.71485491E-03 3.24928499E-05 2.23876782E+01
1.85988724E+34 2.34717638E-10 7.23315382E-01 -8.85363860E-03 3.24928499E-05 2.23936698E+01
1.87278195E+34 2.36349854E-10 7.18412969E-01 -8.99436548E-03 3.24928499E-05 2.23996610E+01
1.88576606E+34 2.37993435E-10 7.13545015E-01 -9.13708795E-03 3.24928499E-05 2.24056519E+01
1.89884019E+34 2.39648462E-10 7.08711282E-01 -9.28181868E-03 3.24928499E-05 2.24116424E+01
1.91200496E+34 2.41315015E-10 7.03911537E-01 -9.42854745E-03 3.24928499E-05 2.24176327E+01
1.92526101E+34 2.42993175E-10 6.99145549E-01 -9.57726433E-03 3.24928499E-05 2.24236225E+01
1.93860896E+34 2.44683023E-10 6.94413083E-01 -9.72797588E-03 3.24928499E-05 2.24296120E+01
1.95204945E+34 2.46384641E-10 6.89713882E-01 -9.88071586E-03 3.24928499E-05 2.24356012E+01
1.96558313E+34 2.48098113E-10 6.85047718E-01 -1.00355211E-02 3.24928499E-05 2.24415900E+01
1.97921063E+34 2.49823522E-10 6.80414368E-01 -1.01924308E-02 3.24928499E-05 2.24475786E+01
1.99293262E+34 2.51560951E-10 6.75813613E-01 -1.03514979E-02 3.24928499E-05 2.24535667E+01
2.00674974E+34 2.53310485E-10 6.71245233E-01 -1.05127797E-02 3.24928499E-05 2.24595546E+01
2.02066266E+34 2.55072210E-10 6.66709011E-01 -1.06763306E-02 3.24928499E-05 2.24655421E+01
2.03467203E+34 2.56846211E-10 6.62204729E-01 -1.08421451E-02 3.24928499E-05 2.24715293E+01
2.04877854E+34 2.58632574E-10 6.57732173E-01 -1.10101563E-02 3.24928499E-05 2.24775161E+01
2.06298284E+34 2.60431386E-10 6.53291127E-01 -1.11802955E-02 3.24928499E-05 2.24835025E+01
2.07728563E+34 2.62242736E-10 6.48881377E-01 -1.13525465E-02 3.24928499E-05 2.24894885E+01
2.09168757E+34 2.64066710E-10 6.44502712E-01 -1.15270560E-02 3.24928499E-05 2.24954740E+01
2.10618937E+34 2.65903400E-10 6.40154919E-01 -1.17040010E-02 3.24928499E-05 2.25014592E+01
2.12079171E+34 2.67752893E-10 6.35837789E-01 -1.18835416E-02 3.24928499E-05 2.25074441E+01
2.13549528E+34 2.69615280E-10 6.31551113E-01 -1.20656723E-02 3.24928499E-05 2.25134286E+01
2.15030080E+34 2.71490653E-10 6.27294681E-01 -1.22502825E-02 3.24928499E-05 2.25194128E+01
2.16520897E+34 2.73379102E-10 6.23068289E-01 -1.24372629E-02 3.24928499E-05 2.25253965E+01
2.18022049E+34 2.75280720E-10 6.18871729E-01 -1.26265689E-02 3.24928499E-05 2.25313797E+01
2.19533609E+34 2.77195600E-10 6.14704798E-01 -1.28182756E-02 3.24928499E-05 2.25373625E+01
2.21055649E+34 2.79123836E-10 6.10567291E-01 -1.30124698E-02 3.24928499E-05 2.25433449E+01
2.22588241E+34 2.81065521E-10 6.06459006E-01 -1.32092341E-02 3.24928499E-05 2.25493268E+01
2.24131459E+34 2.83020751E-10 6.02379741E-01 -1.34086291E-02 3.24928499E-05 2.25553083E+01
2.25685375E+34 2.84989622E-10 5.98329297E-01 -1.36107065E-02 3.24928499E-05 2.25612894E+01
2.27250066E+34 2.86972230E-10 5.94307474E-01 -1.38155169E-02 3.24928499E-05 2.25672701E+01
2.28825604E+34 2.88968672E-10 5.90314075E-01 -1.40230859E-02 3.24928499E-05 2.25732505E+01
2.30412066E+34 2.90979046E-10 5.86348901E-01 -1.42334113E-02 3.24928499E-05 2.25792304E+01
2.32009527E+34 2.93003450E-10 5.82411758E-01 -1.44464897E-02 3.24928499E-05 2.25852098E+01
2.33618063E+34 2.95041985E-10 5.78502451E-01 -1.46623221E-02 3.24928499E-05 2.25911889E+01
2.35237751E+34 2.97094749E-10 5.74620786E-01 -1.48809237E-02 3.24928499E-05 2.25971675E+01
2.36868668E+34 2.99161843E-10 5.70766570E-01 -1.51023130E-02 3.24928499E-05 2.26031457E+01
2.38510893E+34 3.01243370E-10 5.66939613E-01 -1.53265111E-02 3.24928499E-05 2.26091234E+01
2.40164503E+34 3.03339431E-10 5.63139723E-01 -1.55535731E-02 3.24928499E-05 2.26151007E+01
2.41829578E+34 3.05450130E-10 5.59366712E-01 -1.57835775E-02 3.24928499E-05 2.26210776E+01
2.43506197E+34 3.07575570E-10 5.55620391E-01 -1.60166022E-02 3.24928499E-05 2.26270540E+01
2.45194441E+34 3.09715855E-10 5.51900584E-01 -1.62527026E-02 3.24928499E-05 2.26330301E+01
2.46894388E+34 3.11871090E-10 5.48207116E-01 -1.64918886E-02 3.24928499E-05 2.26390058E+01
2.48606122E+34 3.14041381E-10 5.44539811E-01 -1.67341644E-02 3.24928499E-05 2.26449810E+01
2.50329723E+34 3.16226834E-10 5.40898490E-01 -1.69795353E-02 3.24928499E-05 2.26509558E+01
2.52065274E+34 3.18427558E-10 5.37282977E-01 -1.72280098E-02 3.24928499E-05 2.26569301E+01
2.53812858E+34 3.20643659E-10 5.33693097E-01 -1.74795980E-02 3.24928499E-05 2.26629038E+01
2.55572558E+34 3.22875248E-10 5.30128676E-01 -1.77343116E-02 3.24928499E-05 2.26688771E+01
2.57344458E+34 3.25122434E-10 5.26589540E-01 -1.79922038E-02 3.24928499E-05 2.26748499E+01
2.59128642E+34 3.27385328E-10 5.23075517E-01 -1.82533795E-02 3.24928499E-05 2.26808222E+01
2.60925197E+34 3.29664041E-10 5.19586435E-01 -1.85179448E-02 3.24928499E-05 2.26867941E+01
2.62734207E+34 3.31958685E-10 5.16122124E-01 -1.87859778E-02 3.24928499E-05 2.26927655E+01
2.64555759E+34 3.34269375E-10 5.12682414E-01 -1.90574498E-02 3.24928499E-05 2.26987364E+01
2.66389940E+34 3.36596223E-10 5.09267137E-01 -1.93323080E-02 3.24928499E-05 2.27047068E+01
2.68236838E+34 3.38939345E-10 5.05876125E-01 -1.96105071E-02 3.24928499E-05 2.27106766E+01
2.70096540E+34 3.41298856E-10 5.02509211E-01 -1.98920967E-02 3.24928499E-05 2.27166459E+01
2.71969135E+34 3.43674874E-10 4.99166230E-01 -2.01771968E-02 3.24928499E-05 2.27226146E+01
2.73854714E+34 3.46067515E-10 4.95847016E-01 -2.04659271E-02 3.24928499E-05 2.27285829E+01
2.75753365E+34 3.48476898E-10 4.92551406E-01 -2.07583591E-02 3.24928499E-05 2.27345507E+01
2.77665180E+34 3.50903142E-10 4.89279237E-01 -2.10544586E-02 3.24928499E-05 2.27405179E+01
2.79590249E+34 3.53346368E-10 4.86030348E-01 -2.13541786E-02 3.24928499E-05 2.27464846E+01
2.81528665E+34 3.55806695E-10 4.82804575E-01 -2.16574882E-02 3.24928499E-05 2.27524507E+01
2.83480520E+34 3.58284248E-10 4.79601761E-01 -2.19644705E-02 3.24928499E-05 2.27584163E+01
2.85445908E+34 3.60779147E-10 4.76421745E-01 -2.22752589E-02 3.24928499E-05 2.27643813E+01
2.87424922E+34 3.63291517E-10 4.73264370E-01 -2.25899832E-02 3.24928499E-05 2.27703459E+01
2.89417656E+34 3.65821483E-10 4.70129477E-01 -2.29086957E-02 3.24928499E-05 2.27763099E+01
2.91424206E+34 3.68369171E-10 4.67016911E-01 -2.32313464E-02 3.24928499E-05 2.27822734E+01
2.93444668E+34 3.70934706E-10 4.63926515E-01 -2.35578795E-02 3.24928499E-05 2.27882363E+01
2.95479137E+34 3.73518217E-10 4.60858136E-01 -2.38882675E-02 3.24928499E-05 2.27941987E+01
2.97527712E+34 3.76119832E-10 4.57811620E-01 -2.42225959E-02 3.24928499E-05 2.28001604E+01
2.99590489E+34 3.78739681E-10 4.54786814E-01 -2.45609786E-02 3.24928499E-05 2.28061217E+01
3.01667568E+34 3.81377894E-10 4.51783566E-01 -2.49035239E-02 3.24928499E-05 2.28120824E+01
3.03759048E+34 3.84034603E-10 4.48801725E-01 -2.52502715E-02 3.24928499E-05 2.28180426E+01
3.05865027E+34 3.86709940E-10 4.45841141E-01 -2.56012057E-02 3.24928499E-05 2.28240022E+01
3.07985608E+34 3.89404039E-10 4.42901667E-01 -2.59563106E-02 3.24928499E-05 2.28299613E+01
3.10120891E+34 3.92117032E-10 4.39983164E-01 -2.63156059E-02 3.24928499E-05 2.28359198E+01
3.12270978E+34 3.94849056E-10 4.37085487E-01 -2.66791935E-02 3.24928499E-05 2.28418777E+01
3.14435971E+34 3.97600246E-10 4.34208494E-01 -2.70471864E-02 3.24928499E-05 2.28478351E+01
3.16615975E+34 4.00370739E-10 4.31352043E-01 -2.74196841E-02 3.24928499E-05 2.28537919E+01
3.18811092E+34 4.03160674E-10 4.28515993E-01 -2.77966851E-02 3.24928499E-05 2.28597482E+01
3.21021429E+34 4.05970190E-10 4.25700205E-01 -2.81781394E-02 3.24928499E-05 2.28657039E+01
3.23247090E+34 4.08799428E-10 4.22904537E-01 -2.85640000E-02 3.24928499E-05 2.28716589E+01
3.25488181E+34 4.11648528E-10 4.20128852E-01 -2.89542848E-02 3.24928499E-05 2.28776133E+01
3.27744811E+34 4.14517634E-10 4.17373012E-01 -2.93491037E-02 3.24928499E-05 2.28835670E+01
3.30017085E+34 4.17406888E-10 4.14636878E-01 -2.97485723E-02 3.24928499E-05 2.28895201E+01
3.32305113E+34 4.20316437E-10 4.11920316E-01 -3.01527908E-02 3.24928499E-05 2.28954727E+01
3.34609005E+34 4.23246425E-10 4.09223188E-01 -3.05617937E-02 3.24928499E-05 2.29014246E+01
3.36928869E+34 4.26196999E-10 4.06545361E-01 -3.09755972E-02 3.24928499E-05 2.29073759E+01
3.39264817E+34 4.29168308E-10 4.03886699E-01 -3.13942183E-02 3.24928499E-05 2.29133266E+01
3.41616961E+34 4.32160500E-10 4.01247070E-01 -3.18176814E-02 3.24928499E-05 2.29192766E+01
3.43985412E+34 4.35173727E-10 3.98626340E-01 -3.22460166E-02 3.24928499E-05 2.29252260E+01
3.46370283E+34 4.38208139E-10 3.96024377E-01 -3.26792550E-02 3.24928499E-05 2.29311747E+01
3.48771689E+34 4.41263889E-10 3.93441051E-01 -3.31174378E-02 3.24928499E-05 2.29371227E+01
3.51189745E+34 4.44341132E-10 3.90876231E-01 -3.35606336E-02 3.24928499E-05 2.29430701E+01
3.53624564E+34 4.47440022E-10 3.88329787E-01 -3.40089144E-02 3.24928499E-05 2.29490168E+01
3.56076265E+34 4.50560715E-10 3.85801590E-01 -3.44623489E-02 3.24928499E-05 2.29549629E+01
3.58544963E+34 4.53703369E-10 3.83291511E-01 -3.49209765E-02 3.24928499E-05 2.29609084E+01
3.61030777E+34 4.56868143E-10 3.80799424E-01 -3.53848214E-02 3.24928499E-05 2.29668531E+01
3.63533825E+34 4.60055196E-10 3.78325202E-01 -3.58539086E-02 3.24928499E-05 2.29727972E+01
3.66054227E+34 4.63264690E-10 3.75868718E-01 -3.63282708E-02 3.24928499E-05 2.29787407E+01
3.68592103E+34 4.66496787E-10 3.73429848E-01 -3.68079527E-02 3.24928499E-05 2.29846834E+01
3.71147574E+34 4.69751651E-10 3.71008466E-01 -3.72930001E-02 3.24928499E-05 2.29906255E+01
3.73720762E+34 4.73029446E-10 3.68604449E-01 -3.77834594E-02 3.24928499E-05 2.29965669E+01
3.76311791E+34 4.76330339E-10 3.66217674E-01 -3.82793810E-02 3.24928499E-05 2.30025076E+01
3.78920783E+34 4.79654498E-10 3.63848018E-01 -3.87808165E-02 3.24928499E-05 2.30084476E+01
3.81547864E+34 4.83002090E-10 3.61495361E-01 -3.92878173E-02 3.24928499E-05 2.30143870E+01
3.84193158E+34 4.86373287E-10 3.59159580E-01 -3.98004347E-02 3.24928499E-05 2.30203257E+01
3.86856793E+34 4.89768260E-10 3.56840557E-01 -4.03187199E-02 3.24928499E-05 2.30262637E+01
3.89538894E+34 4.93187181E-10 3.54538175E-01 -4.08427248E-02 3.24928499E-05 2.30322010E+01
3.92239591E+34 4.96630223E-10 3.52252318E-01 -4.13724900E-02 3.24928499E-05 2.30381376E+01
3.94959011E+34 5.00097561E-10 3.49982866E-01 -4.19080263E-02 3.24928499E-05 2.30440736E+01
3.97697286E+34 5.03589372E-10 3.47729705E-01 -4.24493404E-02 3.24928499E-05 2.30500088E+01
4.00454545E+34 5.07105834E-10 3.45492719E-01 -4.29964455E-02 3.24928499E-05 2.30559432E+01
4.03230921E+34 5.10647125E-10 3.43271791E-01 -4.35494121E-02 3.24928499E-05 2.30618770E+01
4.06026545E+34 5.14213426E-10 3.41066808E-01 -4.41083419E-02 3.24928499E-05 2.30678100E+01
4.08841552E+34 5.17804918E-10 3.38877655E-01 -4.46733356E-02 3.24928499E-05 2.30737424E+01
4.11676075E+34 5.21421786E-10 3.36704220E-01 -4.52444639E-02 3.24928499E-05 2.30796740E+01
4.14530250E+34 5.25064213E-10 3.34546390E-01 -4.58217497E-02 3.24928499E-05 2.30856050E+01
4.17404213E+34 5.28732385E-10 3.32404053E-01 -4.64052125E-02 3.24928499E-05 2.30915353E+01
4.20298101E+34 5.32426491E-10 3.30277097E-01 -4.69948753E-02 3.24928499E-05 2.30974648E+01
4.23212054E+34 5.36146720E-10 3.28165413E-01 -4.75907777E-02 3.24928499E-05 2.31033937E+01
4.26146208E+34 5.39893260E-10 3.26068890E-01 -4.81929649E-02 3.24928499E-05 2.31093218E+01
4.29100706E+34 5.43666306E-10 3.23987419E-01 -4.88014818E-02 3.24928499E-05 2.31152492E+01
4.32075687E+34 5.47466050E-10 3.21920892E-01 -4.94163641E-02 3.24928499E-05 2.31211758E+01
4.35071293E+34 5.51292686E-10 3.19869200E-01 -5.00376385E-02 3.24928499E-05 2.31271018E+01
4.38087669E+34 5.55146413E-10 3.17832236E-01 -5.06653319E-02 3.24928499E-05 2.31330270E+01
4.41124957E+34 5.59027427E-10 3.15809894E-01 -5.12994825E-02 3.24928499E-05 2.31389514E+01
4.44183303E+34 5.62935928E-10 3.13802067E-01 -5.19401598E-02 3.24928499E-05 2.31448752E+01
4.47262853E+34 5.66872118E-10 3.11808651E-01 -5.25874386E-02 3.24928499E-05 2.31507982E+01
4.50363753E+34 5.70836198E-10 3.09829541E-01 -5.32413907E-02 3.24928499E-05 2.31567204E+01
4.53486152E+34 5.74828374E-10 3.07864632E-01 -5.39020579E-02 3.24928499E-05 2.31626420E+01
4.56630199E+34 5.78848852E-10 3.05913822E-01 -5.45694649E-02 3.24928499E-05 2.31685629E+01
4.59796043E+34 5.82897838E-10 3.03977007E-01 -5.52436367E-02 3.24928499E-05 2.31744830E+01
4.62983837E+34 5.86975542E-10 3.02054085E-01 -5.59246100E-02 3.24928499E-05 2.31804024E+01
4.66193732E+34 5.91082175E-10 3.00144956E-01 -5.66124404E-02 3.24928499E-05 2.31863210E+01
4.69425881E+34 5.95217949E-10 2.98249518E-01 -5.73071852E-02 3.24928499E-05 2.31922389E+01
4.72680439E+34 5.99383079E-10 2.96367671E-01 -5.80088971E-02 3.24928499E-05 2.31981561E+01
4.75957561E+34 6.03577780E-10 2.94499315E-01 -5.87176016E-02 3.24928499E-05 2.32040726E+01
4.79257403E+34 6.07802269E-10 2.92644352E-01 -5.94333155E-02 3.24928499E-05 2.32099883E+01
4.82580124E+34 6.12056767E-10 2.90802683E-01 -6.01560574E-02 3.24928499E-05 2.32159033E+01
4.85925881E+34 6.16341494E-10 2.88974210E-01 -6.08858709E-02 3.24928499E-05 2.32218175E+01
4.89294834E+34 6.20656674E-10 2.87158840E-01 -6.16228265E-02 3.24928499E-05 2.32277310E+01
4.92687145E+34 6.25002530E-10 2.85356475E-01 -6.23669939E-02 3.24928499E-05 2.32336437E+01
4.96102975E+34 6.29379289E-10 2.83567018E-01 -6.31184306E-02 3.24928499E-05 2.32395557E+01
4.99542486E+34 6.33787178E-10 2.81790371E-01 -6.38771585E-02 3.24928499E-05 2.32454670E+01
5.03005845E+34 6.38226427E-10 2.80026439E-01 -6.46431935E-02 3.24928499E-05 2.32513775E+01
5.06493214E+34 6.42697265E-10 2.78275125E-01 -6.54165545E-02 3.24928499E-05 2.32572873E+01
5.10004762E+34 6.47199927E-10 2.76536335E-01 -6.61972852E-02 3.24928499E-05 2.32631963E+01
5.13540656E+34 6.51734646E-10 2.74809974E-01 -6.69854443E-02 3.24928499E-05 2.32691047E+01
5.17101065E+34 6.56301660E-10 2.73095947E-01 -6.77810908E-02 3.24928499E-05 2.32750123E+01
5.20686157E+34 6.60901205E-10 2.71394162E-01 -6.85842694E-02 3.24928499E-05 2.32809192E+01
5.24296106E+34 6.65533524E-10 2.69704527E-01 -6.93949990E-02 3.24928499E-05 2.32868254E+01
5.27931082E+34 6.70198857E-10 2.68026949E-01 -7.02132970E-02 3.24928499E-05 2.32927309E+01
5.31591260E+34 6.74897449E-10 2.66361337E-01 -7.10391865E-02 3.24928499E-05 2.32986357E+01
5.35276815E+34 6.79629545E-10 2.64707600E-01 -7.18727217E-02 3.24928499E-05 2.33045398E+01
5.38987921E+34 6.84395394E-10 2.63065648E-01 -7.27139680E-02 3.24928499E-05 2.33104432E+01
5.42724757E+34 6.89195245E-10 2.61435392E-01 -7.35629893E-02 3.24928499E-05 2.33163459E+01
5.46487500E+34 6.94029350E-10 2.59816743E-01 -7.44198148E-02 3.24928499E-05 2.33222480E+01
5.50276331E+34 6.98897963E-10 2.58209613E-01 -7.52844359E-02 3.24928499E-05 2.33281494E+01
5.54091430E+34 7.03801339E-10 2.56613914E-01 -7.61568440E-02 3.24928499E-05 2.33340500E+01
5.57932979E+34 7.08739737E-10 2.55029559E-01 -7.70370515E-02 3.24928499E-05 2.33399500E+01
5.61801162E+34 7.13713416E-10 2.53456462E-01 -7.79251375E-02 3.24928499E-05 2.33458493E+01
5.65696163E+34 7.18722638E-10 2.51894537E-01 -7.88211942E-02 3.24928499E-05 2.33517479E+01
5.69618169E+34 7.23767667E-10 2.50343699E-01 -7.97253058E-02 3.24928499E-05 2.33576459E+01
5.73567366E+34 7.28848770E-10 2.48803863E-01 -8.06374728E-02 3.24928499E-05 2.33635432E+01
5.77543943E+34 7.33966213E-10 2.47274945E-01 -8.15576417E-02 3.24928499E-05 2.33694399E+01
5.81548090E+34 7.39120268E-10 2.45756862E-01 -8.24857615E-02 3.24928499E-05 2.33753358E+01
5.85579998E+34 7.44311208E-10 2.44249531E-01 -8.34218426E-02 3.24928499E-05 2.33812311E+01
5.89639860E+34 7.49539306E-10 2.42752870E-01 -8.43660107E-02 3.24928499E-05 2.33871256E+01
5.93727868E+34 7.54804840E-10 2.41266797E-01 -8.53184024E-02 3.24928499E-05 2.33930195E+01
5.97844219E+34 7.60108088E-10 2.39791231E-01 -8.62791303E-02 3.24928499E-05 2.33989128E+01
6.01989109E+34 7.65449332E-10 2.38326091E-01 -8.72481635E-02 3.24928499E-05 2.34048055E+01
6.06162736E+34 7.70828855E-10 2.36871299E-01 -8.82254182E-02 3.24928499E-05 2.34106975E+01
6.10365299E+34 7.76246944E-10 2.35426773E-01 -8.92108170E-02 3.24928499E-05 2.34165888E+01
6.14596998E+34 7.81703886E-10 2.33992432E-01 -9.02043668E-02 3.24928499E-05 2.34224793E+01
6.18858036E+34 7.87199973E-10 2.32568189E-01 -9.12061678E-02 3.24928499E-05 2.34283692E+01
6.23148616E+34 7.92735497E-10 2.31153963E-01 -9.22163306E-02 3.24928499E-05 2.34342585E+01
6.27468943E+34 7.98310751E-10 2.29749676E-01 -9.32349366E-02 3.24928499E-05 2.34401473E+01
6.31819223E+34 8.03926032E-10 2.28355249E-01 -9.42619664E-02 3.24928499E-05 2.34460354E+01
6.36199664E+34 8.09581638E-10 2.26970605E-01 -9.52973803E-02 3.24928499E-05 2.34519230E+01
6.40610475E+34 8.15277871E-10 2.25595664E-01 -9.63411449E-02 3.24928499E-05 2.34578100E+01
6.45051866E+34 8.21015034E-10 2.24230350E-01 -9.73932798E-02 3.24928499E-05 2.34636963E+01
6.49524049E+34 8.26793433E-10 2.22874586E-01 -9.84538410E-02 3.24928499E-05 2.34695821E+01
6.54027239E+34 8.32613375E-10 2.21528296E-01 -9.95228844E-02 3.24928499E-05 2.34754673E+01
6.58561649E+34 8.38475172E-10 2.20191404E-01 -1.00600445E-01 3.24928499E-05 2.34813519E+01
6.63127496E+34 8.44379135E-10 2.18863834E-01 -1.01686513E-01 3.24928499E-05 2.34872360E+01
6.67724999E+34 8.50325582E-10 2.17545511E-01 -1.02781076E-01 3.24928499E-05 2.34931196E+01
6.72354377E+34 8.56314828E-10 2.16236362E-01 -1.03884128E-01 3.24928499E-05 2.34990026E+01
6.77015850E+34 8.62347196E-10 2.14936311E-01 -1.04995687E-01 3.24928499E-05 2.35048851E+01
6.81709642E+34 8.68423007E-10 2.13645285E-01 -1.06115785E-01 3.24928499E-05 2.35107671E+01
6.86435976E+34 8.74542587E-10 2.12363211E-01 -1.07244453E-01 3.24928499E-05 2.35166486E+01
6.91195078E+34 8.80706263E-10 2.11090016E-01 -1.08381715E-01 3.24928499E-05 2.35225296E+01
6.95987175E+34 8.86914367E-10 2.09825629E-01 -1.09527582E-01 3.24928499E-05 2.35284101E+01
7.00812496E+34 8.93167232E-10 2.08569976E-01 -1.10682065E-01 3.24928499E-05 2.35342901E+01
7.05671271E+34 8.99465192E-10 2.07322988E-01 -1.11845166E-01 3.24928499E-05 2.35401698E+01
7.10563733E+34 9.05808587E-10 2.06084593E-01 -1.13016843E-01 3.24928499E-05 2.35460489E+01
7.15490114E+34 9.12197758E-10 2.04854720E-01 -1.14197044E-01 3.24928499E-05 2.35519276E+01
7.20450650E+34 9.18633047E-10 2.03633299E-01 -1.15385727E-01 3.24928499E-05 2.35578058E+01
7.25445578E+34 9.25114802E-10 2.02420262E-01 -1.16582920E-01 3.24928499E-05 2.35636835E+01
7.30475136E+34 9.31643372E-10 2.01215538E-01 -1.17788706E-01 3.24928499E-05 2.35695608E+01
7.35539564E+34 9.38219107E-10 2.00019060E-01 -1.19003166E-01 3.24928499E-05 2.35754377E+01
7.40639104E+34 9.44842364E-10 1.98830759E-01 -1.20226331E-01 3.24928499E-05 2.35813143E+01
7.45774000E+34 9.51513499E-10 1.97650568E-01 -1.21458132E-01 3.24928499E-05 2.35871905E+01
7.50944496E+34 9.58232872E-10 1.96478418E-01 -1.22698490E-01 3.24928499E-05 2.35930663E+01
7.56150839E+34 9.65000847E-10 1.95314244E-01 -1.23947339E-01 3.24928499E-05 2.35989417E+01
7.61393278E+34 9.71817789E-10 1.94157978E-01 -1.25204703E-01 3.24928499E-05 2.36048168E+01
7.66672064E+34 9.78684068E-10 1.93009556E-01 -1.26470640E-01 3.24928499E-05 2.36106915E+01
7.71987448E+34 9.85600054E-10 1.91868911E-01 -1.27745206E-01 3.24928499E-05 2.36165659E+01
7.77339683E+34 9.92566120E-10 1.90735974E-01 -1.29028395E-01 3.24928499E-05 2.36224400E+01
7.82729026E+34 9.99582643E-10 1.89610681E-01 -1.30320130E-01 3.24928499E-05 2.36283139E+01
7.88155733E+34 1.00665000E-09 1.88492967E-01 -1.31620336E-01 3.24928499E-05 2.36341874E+01
7.93620065E+34 1.01376858E-09 1.87382769E-01 -1.32928955E-01 3.24928499E-05 2.36400607E+01
7.99122280E+34 1.02093876E-09 1.86280024E-01 -1.34245996E-01 3.24928499E-05 2.36459337E+01
8.04662643E+34 1.02816092E-09 1.85184667E-01 -1.35571487E-01 3.24928499E-05 2.36518064E+01
8.10241418E+34 1.03543547E-09 1.84096636E-01 -1.36905450E-01 3.24928499E-05 2.36576789E+01
8.15858870E+34 1.04276280E-09 1.83015869E-01 -1.38247856E-01 3.24928499E-05 2.36635513E+01
8.21515269E+34 1.05014329E-09 1.81942304E-01 -1.39598641E-01 3.24928499E-05 2.36694234E+01
8.27210884E+34 1.05757736E-09 1.80875879E-01 -1.40957739E-01 3.24928499E-05 2.36752953E+01
8.32945987E+34 1.06506540E-09 1.79816533E-01 -1.42325111E-01 3.24928499E-05 2.36811670E+01
8.38720852E+34 1.07260782E-09 1.78764205E-01 -1.43700768E-01 3.24928499E-05 2.36870385E+01
8.44535754E+34 1.08020503E-09 1.77718835E-01 -1.45084728E-01 3.24928499E-05 2.36929099E+01
8.50390971E+34 1.08785744E-09 1.76680362E-01 -1.46477001E-01 3.24928499E-05 2.36987811E+01
8.56286783E+34 1.09556546E-09 1.75648727E-01 -1.47877531E-01 3.24928499E-05 2.37046523E+01
8.62223471E+34 1.10332952E-09 1.74623870E-01 -1.49286232E-01 3.24928499E-05 2.37105234E+01
8.68201318E+34 1.11115004E-09 1.73605733E-01 -1.50703022E-01 3.24928499E-05 2.37163944E+01
8.74220610E+34 1.11902743E-09 1.72594256E-01 -1.52127849E-01 3.24928499E-05 2.37222653E+01
8.80281634E+34 1.12696213E-09 1.71589381E-01 -1.53560700E-01 3.24928499E-05 2.37281362E+01
8.86384680E+34 1.13495458E-09 1.70591051E-01 -1.55001562E-01 3.24928499E-05 2.37340069E+01
8.92530038E+34 1.14300519E-09 1.69599209E-01 -1.56450415E-01 3.24928499E-05 2.37398777E+01
8.98718003E+34 1.15111442E-09 1.68613796E-01 -1.57907201E-01 3.24928499E-05 2.37457485E+01
9.04948869E+34 1.15928270E-09 1.67634756E-01 -1.59371853E-01 3.24928499E-05 2.37516194E+01
9.11222934E+34 1.16751048E-09 1.66662033E-01 -1.60844307E-01 3.24928499E-05 2.37574902E+01
9.17540497E+34 1.17579820E-09 1.65695571E-01 -1.62324495E-01 3.24928499E-05 2.37633611E+01
9.23901861E+34 1.18414632E-09 1.64735315E-01 -1.63812354E-01 3.24928499E-05 2.37692320E+01
9.30307328E+34 1.19255529E-09 1.63781208E-01 -1.65307819E-01 3.24928499E-05 2.37751031E+01
9.36757205E+34 1.20102557E-09 1.62833196E-01 -1.66810833E-01 3.24928499E-05 2.37809742E+01
9.43251799E+34 1.20955761E-09 1.61891225E-01 -1.68321353E-01 3.24928499E-05 2.37868454E+01
9.49791421E+34 1.21815190E-09 1.60955240E-01 -1.69839339E-01 3.24928499E-05 2.37927168E+01
9.56376382E+34 1.22680889E-09 1.60025188E-01 -1.71364745E-01 3.24928499E-05 2.37985883E+01
9.63006997E+34 1.23552905E-09 1.59101016E-01 -1.72897496E-01 3.24928499E-05 2.38044601E+01
9.69683583E+34 1.24431287E-09 1.58182669E-01 -1.74437501E-01 3.24928499E-05 2.38103320E+01
9.76406457E+34 1.25316081E-09 1.57270096E-01 -1.75984665E-01 3.24928499E-05 2.38162042E+01
9.83175942E+34 1.26207336E-09 1.56363242E-01 -1.77538897E-01 3.24928499E-05 2.38220767E+01
9.89992360E+34 1.27105100E-09 1.55462058E-01 -1.79100114E-01 3.24928499E-05 2.38279494E+01
9.96856037E+34 1.28009421E-09 1.54566491E-01 -1.80668229E-01 3.24928499E-05 2.38338223E+01
1.00376730E+35 1.28920350E-09 1.53676492E-01 -1.82243161E-01 3.24928499E-05 2.38396956E+01
1.01072648E+35 1.29837936E-09 1.52792009E-01 -1.83824834E-01 3.24928499E-05 2.38455691E+01
1.01773391E+35 1.30762227E-09 1.51912993E-01 -1.85413173E-01 3.24928499E-05 2.38514430E+01
1.02478992E+35 1.31693276E-09 1.51039394E-01 -1.87008104E-01 3.24928499E-05 2.38573173E+01
1.03189485E+35 1.32631132E-09 1.50171162E-01 -1.88609542E-01 3.24928499E-05 2.38631919E+01
1.03904904E+35 1.33575846E-09 1.49308249E-01 -1.90217395E-01 3.24928499E-05 2.38690670E+01
1.04625283E+35 1.34527470E-09 1.48450605E-01 -1.91831571E-01 3.24928499E-05 2.38749425E+01
1.05350656E+35 1.35486054E-09 1.47598182E-01 -1.93451965E-01 3.24928499E-05 2.38808184E+01
1.06081058E+35 1.36451653E-09 1.46750932E-01 -1.95078449E-01 3.24928499E-05 2.38866948E+01
1.06816525E+35 1.37424317E-09 1.45908806E-01 -1.96710889E-01 3.24928499E-05 2.38925717E+01
1.07557090E+35 1.38404099E-09 1.45071759E-01 -1.98349155E-01 3.24928499E-05 2.38984490E+01
1.08302790E+35 1.39391053E-09 1.44239742E-01 -1.99993148E-01 3.24928499E-05 2.39043269E+01
1.09053660E+35 1.40385232E-09 1.43412709E-01 -2.01642786E-01 3.24928499E-05 2.39102053E+01
1.09809735E+35 1.41386691E-09 1.42590612E-01 -2.03297981E-01 3.24928499E-05 2.39160843E+01
1.10571053E+35 1.42395482E-09 1.41773407E-01 -2.04958615E-01 3.24928499E-05 2.39219639E+01
1.11337649E+35 1.43411662E-09 1.40961047E-01 -2.06624527E-01 3.24928499E-05 2.39278441E+01
1.12109559E+35 1.44435285E-09 1.40153486E-01 -2.08295553E-01 3.24928499E-05 2.39337249E+01
1.12886822E+35 1.45466407E-09 1.39350680E-01 -2.09971537E-01 3.24928499E-05 2.39396064E+01
1.13669473E+35 1.46505083E-09 1.38552583E-01 -2.11652367E-01 3.24928499E-05 2.39454885E+01
1.14457550E+35 1.47551370E-09 1.37759152E-01 -2.13337941E-01 3.24928499E-05 2.39513713E+01
1.15251091E+35 1.48605323E-09 1.36970341E-01 -2.15028149E-01 3.24928499E-05 2.39572549E+01
1.16050134E+35 1.49667002E-09 1.36186107E-01 -2.16722852E-01 3.24928499E-05 2.39631393E+01
1.16854716E+35 1.50736461E-09 1.35406406E-01 -2.18421879E-01 3.24928499E-05 2.39690245E+01
1.17664877E+35 1.51813761E-09 1.34631196E-01 -2.20125062E-01 3.24928499E-05 2.39749104E+01
1.18480655E+35 1.52898958E-09 1.33860432E-01 -2.21832232E-01 3.24928499E-05 2.39807972E+01
1.19302088E+35 1.53992111E-09 1.33094074E-01 -2.23543234E-01 3.24928499E-05 2.39866849E+01
1.20129217E+35 1.55093279E-09 1.32332078E-01 -2.25257910E-01 3.24928499E-05 2.39925734E+01
1.20962080E+35 1.56202522E-09 1.31574402E-01 -2.26976101E-01 3.24928499E-05 2.39984629E+01
1.21800718E+35 1.57319900E-09 1.30821005E-01 -2.28697639E-01 3.24928499E-05 2.40043532E+01
1.22645169E+35 1.58445472E-09 1.30071846E-01 -2.30422355E-01 3.24928499E-05 2.40102446E+01
1.23495476E+35 1.59579299E-09 1.29326886E-01 -2.32150084E-01 3.24928499E-05 2.40161369E+01
1.24351677E+35 1.60721443E-09 1.28586085E-01 -2.33880654E-01 3.24928499E-05 2.40220302E+01
1.25213815E+35 1.61871963E-09 1.27849403E-01 -2.35613895E-01 3.24928499E-05 2.40279246E+01
1.26081930E+35 1.63030922E-09 1.27116800E-01 -2.37349635E-01 3.24928499E-05 2.40338200E+01
1.26956063E+35 1.64198382E-09 1.26388238E-01 -2.39087695E-01 3.24928499E-05 2.40397166E+01
1.27836257E+35 1.65374406E-09 1.25663677E-01 -2.40827872E-01 3.24928499E-05 2.40456142E+01
1.28722554E+35 1.66559056E-09 1.24943079E-01 -2.42569961E-01 3.24928499E-05 2.40515130E+01
1.29614995E+35 1.67752396E-09 1.24226407E-01 -2.44313751E-01 3.24928499E-05 2.40574129E+01
1.30513624E+35 1.68954490E-09 1.23513621E-01 -2.46059042E-01 3.24928499E-05 2.40633139E+01
1.31418482E+35 1.70165402E-09 1.22804686E-01 -2.47805637E-01 3.24928499E-05 2.40692162E+01
1.32329615E+35 1.71385196E-09 1.22099563E-01 -2.49553337E-01 3.24928499E-05 2.40751197E+01
1.33247064E+35 1.72613938E-09 1.21398217E-01 -2.51301942E-01 3.24928499E-05 2.40810244E+01
1.34170874E+35 1.73851693E-09 1.20700610E-01 -2.53051247E-01 3.24928499E-05 2.40869304E+01
1.35101089E+35 1.75098526E-09 1.20006707E-01 -2.54801044E-01 3.24928499E-05 2.40928377E+01
1.36037753E+35 1.76354505E-09 1.19316472E-01 -2.56551118E-01 3.24928499E-05 2.40987464E+01
1.36980911E+35 1.77619695E-09 1.18629869E-01 -2.58301233E-01 3.24928499E-05 2.41046565E+01
1.37930607E+35 1.78894164E-09 1.17946864E-01 -2.60051138E-01 3.24928499E-05 2.41105680E+01
1.38886889E+35 1.80177980E-09 1.17267421E-01 -2.61800581E-01 3.24928499E-05 2.41164808E+01
1.39849800E+35 1.81471210E-09 1.16591507E-01 -2.63549324E-01 3.24928499E-05 2.41223950E+01
1.40819387E+35 1.82773923E-09 1.15919087E-01 -2.65297148E-01 3.24928499E-05 2.41283106E+01
1.41795696E+35 1.84086187E-09 1.15250127E-01 -2.67043832E-01 3.24928499E-05 2.41342278E+01
1.42778774E+35 1.85408072E-09 1.14584595E-01 -2.68789146E-01 3.24928499E-05 2.41401465E+01
1.43768668E+35 1.86739648E-09 1.13922457E-01 -2.70532835E-01 3.24928499E-05 2.41460667E+01
1.44765425E+35 1.88080985E-09 1.13263680E-01 -2.72274639E-01 3.24928499E-05 2.41519886E+01
1.45769092E+35 1.89432153E-09 1.12608231E-01 -2.74014294E-01 3.24928499E-05 2.41579120E+01
1.46779718E+35 1.90793223E-09 1.11956080E-01 -2.75751534E-01 3.24928499E-05 2.41638370E+01
1.47797351E+35 1.92164267E-09 1.11307193E-01 -2.77486089E-01 3.24928499E-05 2.41697637E+01
1.48822039E+35 1.93545356E-09 1.10661539E-01 -2.79217688E-01 3.24928499E-05 2.41756921E+01
1.49853831E+35 1.94936564E-09 1.10019088E-01 -2.80946060E-01 3.24928499E-05 2.41816222E+01
1.50892777E+35 1.96337962E-09 1.09379808E-01 -2.82670937E-01 3.24928499E-05 2.41875540E+01
1.51938925E+35 1.97749624E-09 1.08743668E-01 -2.84392051E-01 3.24928499E-05 2.41934876E+01
1.52992327E+35 1.99171623E-09 1.08110639E-01 -2.86109124E-01 3.24928499E-05 2.41994230E+01
1.54053032E+35 2.00604034E-09 1.07480692E-01 -2.87821876E-01 3.24928499E-05 2.42053603E+01
1.55121091E+35 2.02046930E-09 1.06853801E-01 -2.89530053E-01 3.24928499E-05 2.42112994E+01
1.56196555E+35 2.03500387E-09 1.06229937E-01 -2.91233361E-01 3.24928499E-05 2.42172404E+01
1.57279475E+35 2.04964480E-09 1.05609072E-01 -2.92931499E-01 3.24928499E-05 2.42231833E+01
1.58369903E+35 2.06439284E-09 1.04991176E-01 -2.94624165E-01 3.24928499E-05 2.42291280E+01
1.59467891E+35 2.07924876E-09 1.04376223E-01 -2.96311058E-01 3.24928499E-05 2.42350747E+01
1.60573492E+35 2.09421331E-09 1.03764184E-01 -2.97991877E-01 3.24928499E-05 2.42410234E+01
1.61686757E+35 2.10928726E-09 1.03155033E-01 -2.99666327E-01 3.24928499E-05 2.42469741E+01
1.62807742E+35 2.12447140E-09 1.02548743E-01 -3.01334111E-01 3.24928499E-05 2.42529268E+01
1.63936497E+35 2.13976649E-09 1.01945289E-01 -3.02994933E-01 3.24928499E-05 2.42588816E+01
1.65073079E+35 2.15517333E-09 1.01344645E-01 -3.04648484E-01 3.24928499E-05 2.42648385E+01
1.66217541E+35 2.17069269E-09 1.00746786E-01 -3.06294447E-01 3.24928499E-05 2.42707975E+01
1.67369937E+35 2.18632538E-09 1.00151688E-01 -3.07932507E-01 3.24928499E-05 2.42767587E+01
1.68530323E+35 2.20207218E-09 9.95593263E-02 -3.09562352E-01 3.24928499E-05 2.42827220E+01
1.69698754E+35 2.21793389E-09 9.89696785E-02 -3.11183685E-01 3.24928499E-05 2.42886874E+01
1.70875285E+35 2.23391133E-09 9.83827211E-02 -3.12796205E-01 3.24928499E-05 2.42946551E+01
1.72059974E+35 2.25000531E-09 9.77984316E-02 -3.14399611E-01 3.24928499E-05 2.43006250E+01
1.73252876E+35 2.26621662E-09 9.72167879E-02 -3.15993591E-01 3.24928499E-05 2.43065972E+01
1.74454049E+35 2.28254611E-09 9.66377682E-02 -3.17577826E-01 3.24928499E-05 2.43125717E+01
1.75663549E+35 2.29899458E-09 9.60613515E-02 -3.19152001E-01 3.24928499E-05 2.43185484E+01
1.76881435E+35 2.31556287E-09 9.54875168E-02 -3.20715804E-01 3.24928499E-05 2.43245274E+01
1.78107765E+35 2.33225181E-09 9.49162439E-02 -3.22268928E-01 3.24928499E-05 2.43305088E+01
1.79342597E+35 2.34906224E-09 9.43475127E-02 -3.23811067E-01 3.24928499E-05 2.43364925E+01
1.80585990E+35 2.36599499E-09 9.37813037E-02 -3.25341911E-01 3.24928499E-05 2.43424785E+01
1.81838003E+35 2.38305092E-09 9.32175977E-02 -3.26861147E-01 3.24928499E-05 2.43484670E+01
1.83098697E+35 2.40023088E-09 9.26563760E-02 -3.28368460E-01 3.24928499E-05 2.43544578E+01
1.84368131E+35 2.41753572E-09 9.20976201E-02 -3.29863536E-01 3.24928499E-05 2.43604511E+01
1.85646367E+35 2.43496630E-09 9.15413122E-02 -3.31346065E-01 3.24928499E-05 2.43664468E+01
1.86933464E+35 2.45252349E-09 9.09874346E-02 -3.32815740E-01 3.24928499E-05 2.43724449E+01
1.88229485E+35 2.47020815E-09 9.04359701E-02 -3.34272254E-01 3.24928499E-05 2.43784455E+01
1.89534491E+35 2.48802117E-09 8.98869018E-02 -3.35715298E-01 3.24928499E-05 2.43844486E+01
1.90848546E+35 2.50596341E-09 8.93402131E-02 -3.37144563E-01 3.24928499E-05 2.43904542E+01
1.92171710E+35 2.52403577E-09 8.87958880E-02 -3.38559741E-01 3.24928499E-05 2.43964624E+01
1.93504048E+35 2.54223912E-09 8.82539107E-02 -3.39960525E-01 3.24928499E-05 2.44024732E+01
1.94845623E+35 2.56057437E-09 8.77142718E-02 -3.41346700E-01 3.24928499E-05 2.44084865E+01
1.96196500E+35 2.57904240E-09 8.71769592E-02 -3.42718006E-01 3.24928499E-05 2.44145024E+01
1.97556742E+35 2.59764412E-09 8.66419580E-02 -3.44074142E-01 3.24928499E-05 2.44205208E+01
1.98926415E+35 2.61638043E-09 8.61092542E-02 -3.45414809E-01 3.24928499E-05 2.44265418E+01
2.00305583E+35 2.63525225E-09 8.55788344E-02 -3.46739720E-01 3.24928499E-05 2.44325654E+01
2.01694314E+35 2.65426048E-09 8.50506862E-02 -3.48048594E-01 3.24928499E-05 2.44385916E+01
2.03092673E+35 2.67340605E-09 8.45247975E-02 -3.49341159E-01 3.24928499E-05 2.44446204E+01
2.04500727E+35 2.69268989E-09 8.40011572E-02 -3.50617156E-01 3.24928499E-05 2.44506519E+01
2.05918543E+35 2.71211291E-09 8.34797547E-02 -3.51876330E-01 3.24928499E-05 2.44566860E+01
2.07346188E+35 2.73167607E-09 8.29605802E-02 -3.53118436E-01 3.24928499E-05 2.44627229E+01
2.08783732E+35 2.75138030E-09 8.24436244E-02 -3.54343236E-01 3.24928499E-05 2.44687624E+01
2.10231242E+35 2.77122654E-09 8.19288786E-02 -3.55550501E-01 3.24928499E-05 2.44748046E+01
2.11688788E+35 2.79121575E-09 8.14163347E-02 -3.56740009E-01 3.24928499E-05 2.44808494E+01
2.13156439E+35 2.81134889E-09 8.09059853E-02 -3.57911553E-01 3.24928499E-05 2.44868969E+01
2.14634266E+35 2.83162691E-09 8.03978234E-02 -3.59064932E-01 3.24928499E-05 2.44929470E+01
2.16122338E+35 2.85205079E-09 7.98918427E-02 -3.60199957E-01 3.24928499E-05 2.44989998E+01
2.17620727E+35 2.87262149E-09 7.93880373E-02 -3.61316444E-01 3.24928499E-05 2.45050553E+01
2.19129505E+35 2.89334000E-09 7.88864018E-02 -3.62414221E-01 3.24928499E-05 2.45111135E+01
2.20648743E+35 2.91420730E-09 7.83869316E-02 -3.63493127E-01 3.24928499E-05 2.45171742E+01
2.22178514E+35 2.93522438E-09 7.78896221E-02 -3.64553010E-01 3.24928499E-05 2.45232376E+01
2.23718891E+35 2.95639222E-09 7.73944695E-02 -3.65593727E-01 3.24928499E-05 2.45293036E+01
2.25269947E+35 2.97771184E-09 7.69014704E-02 -3.66615147E-01 3.24928499E-05 2.45353723E+01
2.26831757E+35 2.99918424E-09 7.64106218E-02 -3.67617145E-01 3.24928499E-05 2.45414435E+01
2.28404396E+35 3.02081042E-09 7.59219211E-02 -3.68599608E-01 3.24928499E-05 2.45475174E+01
2.29987937E+35 3.04259140E-09 7.54353662E-02 -3.69562436E-01 3.24928499E-05 2.45535938E+01
2.31582457E+35 3.06452820E-09 7.49509553E-02 -3.70505541E-01 3.24928499E-05 2.45596727E+01
2.33188032E+35 3.08662186E-09 7.44686869E-02 -3.71428844E-01 3.24928499E-05 2.45657542E+01
2.34804739E+35 3.10887339E-09 7.39885602E-02 -3.72332275E-01 3.24928499E-05 2.45718381E+01
2.36432655E+35 3.13128385E-09 7.35105744E-02 -3.73215770E-01 3.24928499E-05 2.45779245E+01
2.38071856E+35 3.15385427E-09 7.30347292E-02 -3.74079273E-01 3.24928499E-05 2.45840135E+01
2.39722423E+35 3.17658570E-09 7.25610247E-02 -3.74922746E-01 3.24928499E-05 2.45901050E+01
2.41384433E+35 3.19947919E-09 7.20894610E-02 -3.75746164E-01 3.24928499E-05 2.45961989E+01
2.43057966E+35 3.22253581E-09 7.16200389E-02 -3.76549515E-01 3.24928499E-05 2.46022952E+01
2.44743101E+35 3.24575662E-09 7.11527582E-02 -3.77332777E-01 3.24928499E-05 2.46083939E+01
2.46439920E+35 3.26914270E-09 7.06876192E-02 -3.78095934E-01 3.24928499E-05 2.46144950E+01
2.48148503E+35 3.29269513E-09 7.02246252E-02 -3.78839037E-01 3.24928499E-05 2.46205985E+01
2.49868931E+35 3.31641501E-09 6.97637795E-02 -3.79562144E-01 3.24928499E-05 2.46267043E+01
2.51601288E+35 3.34030344E-09 6.93050856E-02 -3.80265330E-01 3.24928499E-05 2.46328124E+01
2.53345654E+35 3.36436152E-09 6.88485470E-02 -3.80948679E-01 3.24928499E-05 2.46389227E+01
2.55102115E+35 3.38859036E-09 6.83941676E-02 -3.81612287E-01 3.24928499E-05 2.46450353E+01
2.56870754E+35 3.41299110E-09 6.79419511E-02 -3.82256260E-01 3.24928499E-05 2.46511500E+01
2.58651654E+35 3.43756484E-09 6.74919015E-02 -3.82880713E-01 3.24928499E-05 2.46572668E+01
2.60444901E+35 3.46231274E-09 6.70440228E-02 -3.83485769E-01 3.24928499E-05 2.46633858E+01
2.62250582E+35 3.48723593E-09 6.65983191E-02 -3.84071565E-01 3.24928499E-05 2.46695067E+01
2.64068781E+35 3.51233556E-09 6.61547947E-02 -3.84638241E-01 3.24928499E-05 2.46756297E+01
2.65899585E+35 3.53761279E-09 6.57134538E-02 -3.85185950E-01 3.24928499E-05 2.46817546E+01
2.67743083E+35 3.56306879E-09 6.52743006E-02 -3.85714854E-01 3.24928499E-05 2.46878815E+01
2.69599362E+35 3.58870472E-09 6.48373396E-02 -3.86225126E-01 3.24928499E-05 2.46940102E+01
2.71468511E+35 3.61452177E-09 6.44025752E-02 -3.86716955E-01 3.24928499E-05 2.47001408E+01
2.73350618E+35 3.64052113E-09 6.39700118E-02 -3.87190536E-01 3.24928499E-05 2.47062732E+01
2.75245775E+35 3.66670399E-09 6.35396539E-02 -3.87646076E-01 3.24928499E-05 2.47124074E+01
2.77154070E+35 3.69307156E-09 6.31115060E-02 -3.88083786E-01 3.24928499E-05 2.47185433E+01
2.79075596E+35 3.71962505E-09 6.26855725E-02 -3.88503889E-01 3.24928499E-05 2.47246808E+01
2.81010444E+35 3.74636567E-09 6.22618581E-02 -3.88906616E-01 3.24928499E-05 2.47308199E+01
2.82958706E+35 3.77329467E-09 6.18403672E-02 -3.89292205E-01 3.24928499E-05 2.47369607E+01
2.84920476E+35 3.80041326E-09 6.14211043E-02 -3.89660905E-01 3.24928499E-05 2.47431030E+01
2.86895847E+35 3.82772270E-09 6.10040740E-02 -3.90012971E-01 3.24928499E-05 2.47492468E+01
2.88884913E+35 3.85522425E-09 6.05892807E-02 -3.90348679E-01 3.24928499E-05 2.47553921E+01
2.90887770E+35 3.88291915E-09 6.01767289E-02 -3.90668317E-01 3.24928499E-05 2.47615388E+01
2.92904512E+35 3.91080868E-09 5.97664230E-02 -3.90972181E-01 3.24928499E-05 2.47676868E+01
2.94935237E+35 3.93889413E-09 5.93583674E-02 -3.91260575E-01 3.24928499E-05 2.47738361E+01
2.96980041E+35 3.96717677E-09 5.89525665E-02 -3.91533798E-01 3.24928499E-05 2.47799865E+01
2.99039021E+35 3.99565790E-09 5.85490245E-02 -3.91792159E-01 3.24928499E-05 2.47861382E+01
3.01112277E+35 4.02433883E-09 5.81477457E-02 -3.92035975E-01 3.24928499E-05 2.47922910E+01
3.03199906E+35 4.05322086E-09 5.77487344E-02 -3.92265588E-01 3.24928499E-05 2.47984448E+01
3.05302009E+35 4.08230533E-09 5.73519946E-02 -3.92481350E-01 3.24928499E-05 2.48045997E+01
3.07418687E+35 4.11159356E-09 5.69575296E-02 -3.92683598E-01 3.24928499E-05 2.48107554E+01
3.09550039E+35 4.14108691E-09 5.65653377E-02 -3.92872545E-01 3.24928499E-05 2.48169121E+01
3.11696168E+35 4.17078675E-09 5.61754217E-02 -3.93048521E-01 3.24928499E-05 2.48230696E+01
3.13857176E+35 4.20069445E-09 5.57877843E-02 -3.93211869E-01 3.24928499E-05 2.48292279E+01
3.16033167E+35 4.23081140E-09 5.54024278E-02 -3.93362935E-01 3.24928499E-05 2.48353870E+01
3.18224244E+35 4.26113899E-09 5.50193543E-02 -3.93502070E-01 3.24928499E-05 2.48415468E+01
3.20430512E+35 4.29167862E-09 5.46385651E-02 -3.93629622E-01 3.24928499E-05 2.48477073E+01
3.22652076E+35 4.32243172E-09 5.42600612E-02 -3.93745934E-01 3.24928499E-05 2.48538682E+01
3.24889042E+35 4.35339971E-09 5.38838433E-02 -3.93851340E-01 3.24928499E-05 2.48600297E+01
3.27141517E+35 4.38458402E-09 5.35099113E-02 -3.93946167E-01 3.24928499E-05 2.48661916E+01
3.29409609E+35 4.41598610E-09 5.31382651E-02 -3.94030737E-01 3.24928499E-05 2.48723540E+01
3.31693426E+35 4.44760741E-09 5.27689040E-02 -3.94105371E-01 3.24928499E-05 2.48785168E+01
3.33993077E+35 4.47944942E-09 5.24018268E-02 -3.94170388E-01 3.24928499E-05 2.48846799E+01
3.36308671E+35 4.51151360E-09 5.20370321E-02 -3.94226102E-01 3.24928499E-05 2.48908433E+01
3.38640319E+35 4.54380145E-09 5.16745180E-02 -3.94272826E-01 3.24928499E-05 2.48970070E+01
3.40988133E+35 4.57631446E-09 5.13142824E-02 -3.94310882E-01 3.24928499E-05 2.49031709E+01
3.43352224E+35 4.60905415E-09 5.09563225E-02 -3.94340585E-01 3.24928499E-05 2.49093350E+01
3.45732706E+35 4.64202204E-09 5.06006356E-02 -3.94362248E-01 3.24928499E-05 2.49154991E+01
3.48129691E+35 4.67521967E-09 5.02472182E-02 -3.94376159E-01 3.24928499E-05 2.49216633E+01
3.50543295E+35 4.70864857E-09 4.98960668E-02 -3.94382600E-01 3.24928499E-05 2.49278275E+01
3.52973633E+35 4.74231032E-09 4.95471775E-02 -3.94381846E-01 3.24928499E-05 2.49339918E+01
3.55420821E+35 4.77620647E-09 4.92005459E-02 -3.94374185E-01 3.24928499E-05 2.49401561E+01
3.57884975E+35 4.81033862E-09 4.88561676E-02 -3.94359917E-01 3.24928499E-05 2.49463203E+01
3.60366213E+35 4.84470835E-09 4.85140376E-02 -3.94339337E-01 3.24928499E-05 2.49524844E+01
3.62864653E+35 4.87931726E-09 4.81741508E-02 -3.94312730E-01 3.24928499E-05 2.49586482E+01
3.65380416E+35 4.91416699E-09 4.78365017E-02 -3.94280357E-01 3.24928499E-05 2.49648119E+01
3.67913620E+35 4.94925915E-09 4.75010846E-02 -3.94242469E-01 3.24928499E-05 2.49709753E+01
3.70464388E+35 4.98459539E-09 4.71678935E-02 -3.94199317E-01 3.24928499E-05 2.49771385E+01
3.73032840E+35 5.02017736E-09 4.68369222E-02 -3.94151163E-01 3.24928499E-05 2.49833015E+01
3.75619099E+35 5.05600674E-09 4.65081641E-02 -3.94098274E-01 3.24928499E-05 2.49894641E+01
3.78223289E+35 5.09208520E-09 4.61816125E-02 -3.94040911E-01 3.24928499E-05 2.49956263E+01
3.80845533E+35 5.12841444E-09 4.58572604E-02 -3.93979325E-01 3.24928499E-05 2.50017881E+01
3.83485958E+35 5.16499617E-09 4.55351006E-02 -3.93913759E-01 3.24928499E-05 2.50079494E+01
3.86144690E+35 5.20183209E-09 4.52151255E-02 -3.93844448E-01 3.24928499E-05 2.50141101E+01
3.88821854E+35 5.23892398E-09 4.48973263E-02 -3.93771587E-01 3.24928499E-05 2.50202704E+01
3.91517579E+35 5.27627358E-09 4.45816936E-02 -3.93695353E-01 3.24928499E-05 2.50264301E+01
3.94231994E+35 5.31388265E-09 4.42682181E-02 -3.93615931E-01 3.24928499E-05 2.50325893E+01
3.96965229E+35 5.35175297E-09 4.39568904E-02 -3.93533501E-01 3.24928499E-05 2.50387479E+01
3.99717412E+35 5.38988633E-09 4.36477008E-02 -3.93448237E-01 3.24928499E-05 2.50449060E+01
4.02488677E+35 5.42828453E-09 4.33406394E-02 -3.93360308E-01 3.24928499E-05 2.50510634E+01
4.05279156E+35 5.46694938E-09 4.30356965E-02 -3.93269881E-01 3.24928499E-05 2.50572202E+01
4.08088980E+35 5.50588271E-09 4.27328617E-02 -3.93177112E-01 3.24928499E-05 2.50633764E+01
4.10918286E+35 5.54508636E-09 4.24321249E-02 -3.93082149E-01 3.24928499E-05 2.50695320E+01
4.13767207E+35 5.58456219E-09 4.21334756E-02 -3.92985137E-01 3.24928499E-05 2.50756870E+01
4.16635880E+35 5.62431205E-09 4.18369032E-02 -3.92886218E-01 3.24928499E-05 2.50818413E+01
4.19524442E+35 5.66433783E-09 4.15423972E-02 -3.92785544E-01 3.24928499E-05 2.50879949E+01
4.22433030E+35 5.70464142E-09 4.12499466E-02 -3.92683266E-01 3.24928499E-05 2.50941479E+01
4.25361784E+35 5.74522474E-09 4.09595406E-02 -3.92579526E-01 3.24928499E-05 2.51003000E+01
4.28310843E+35 5.78608970E-09 4.06711680E-02 -3.92474446E-01 3.24928499E-05 2.51064514E+01
4.31280347E+35 5.82723824E-09 4.03848177E-02 -3.92368136E-01 3.24928499E-05 2.51126021E+01
4.34270440E+35 5.86867230E-09 4.01004785E-02 -3.92260698E-01 3.24928499E-05 2.51187520E+01
4.37281263E+35 5.91039386E-09 3.98181390E-02 -3.92152240E-01 3.24928499E-05 2.51249012E+01
4.40312961E+35 5.95240489E-09 3.95377876E-02 -3.92042877E-01 3.24928499E-05 2.51310496E+01
4.43365677E+35 5.99470739E-09 3.92594129E-02 -3.91932722E-01 3.24928499E-05 2.51371973E+01
4.46439558E+35 6.03730335E-09 3.89830031E-02 -3.91821880E-01 3.24928499E-05 2.51433441E+01
4.49534750E+35 6.08019481E-09 3.87085467E-02 -3.91710445E-01 3.24928499E-05 2.51494901E+01
4.52651402E+35 6.12338379E-09 3.84360316E-02 -3.91598502E-01 3.24928499E-05 2.51556352E+01
4.55789661E+35 6.16687236E-09 3.81654462E-02 -3.91486133E-01 3.24928499E-05 2.51617795E+01
4.58949678E+35 6.21066258E-09 3.78967784E-02 -3.91373415E-01 3.24928499E-05 2.51679230E+01
4.62131604E+35 6.25475653E-09 3.76300161E-02 -3.91260420E-01 3.24928499E-05 2.51740657E+01
4.65335590E+35 6.29915631E-09 3.73651474E-02 -3.91147215E-01 3.24928499E-05 2.51802075E+01
4.68561790E+35 6.34386403E-09 3.71021602E-02 -3.91033866E-01 3.24928499E-05 2.51863485E+01
4.71810357E+35 6.38888183E-09 3.68410421E-02 -3.90920435E-01 3.24928499E-05 2.51924887E+01
4.75081447E+35 6.43421184E-09 3.65817810E-02 -3.90806982E-01 3.24928499E-05 2.51986280E+01
4.78375215E+35 6.47985622E-09 3.63243647E-02 -3.90693562E-01 3.24928499E-05 2.52047664E+01
4.81691819E+35 6.52581717E-09 3.60687807E-02 -3.90580220E-01 3.24928499E-05 2.52109040E+01
4.85031418E+35 6.57209685E-09 3.58150168E-02 -3.90466996E-01 3.24928499E-05 2.52170407E+01
4.88394170E+35 6.61869749E-09 3.55630609E-02 -3.90353943E-01 3.24928499E-05 2.52231766E+01
4.91780236E+35 6.66562130E-09 3.53129011E-02 -3.90241115E-01 3.24928499E-05 2.52293116E+01
4.95189778E+35 6.71287051E-09 3.50645250E-02 -3.90128547E-01 3.24928499E-05 2.52354457E+01
4.98622959E+35 6.76044737E-09 3.48179203E-02 -3.90016271E-01 3.24928499E-05 2.52415790E+01
5.02079942E+35 6.80835415E-09 3.45730747E-02 -3.89904314E-01 3.24928499E-05 2.52477114E+01
5.05560892E+35 6.85659313E-09 3.43299759E-02 -3.89792701E-01 3.24928499E-05 2.52538430E+01
5.09065976E+35 6.90516662E-09 3.40886118E-02 -3.89681454E-01 3.24928499E-05 2.52599737E+01
5.12595361E+35 6.95407692E-09 3.38489702E-02 -3.89570594E-01 3.24928499E-05 2.52661036E+01
5.16149216E+35 7.00332637E-09 3.36110391E-02 -3.89460147E-01 3.24928499E-05 2.52722327E+01
5.19727709E+35 7.05291731E-09 3.33748064E-02 -3.89350139E-01 3.24928499E-05 2.52783609E+01
5.23331013E+35 7.10285211E-09 3.31402603E-02 -3.89240595E-01 3.24928499E-05 2.52844883E+01
5.26959298E+35 7.15313315E-09 3.29073887E-02 -3.89131535E-01 3.24928499E-05 2.52906149E+01
5.30612739E+35 7.20376282E-09 3.26761799E-02 -3.89022976E-01 3.24928499E-05 2.52967406E+01
5.34291509E+35 7.25474354E-09 3.24466221E-02 -3.88914933E-01 3.24928499E-05 2.53028655E+01
5.37995784E+35 7.30607775E-09 3.22187035E-02 -3.88807422E-01 3.24928499E-05 2.53089895E+01
5.41725741E+35 7.35776788E-09 3.19924125E-02 -3.88700460E-01 3.24928499E-05 2.53151128E+01
5.45481559E+35 7.40981640E-09 3.17677375E-02 -3.88594065E-01 3.24928499E-05 2.53212352E+01
5.49263415E+35 7.46222579E-09 3.15446669E-02 -3.88488251E-01 3.24928499E-05 2.53273568E+01
5.53071492E+35 7.51499857E-09 3.13231893E-02 -3.88383029E-01 3.24928499E-05 2.53334776E+01
5.56905969E+35 7.56813723E-09 3.11032932E-02 -3.88278408E-01 3.24928499E-05 2.53395975E+01
5.60767032E+35 7.62164432E-09 3.08849673E-02 -3.88174395E-01 3.24928499E-05 2.53457167E+01
5.64654864E+35 7.67552238E-09 3.06682002E-02 -3.88070997E-01 3.24928499E-05 2.53518350E+01
5.68569650E+35 7.72977400E-09 3.04529808E-02 -3.87968227E-01 3.24928499E-05 2.53579526E+01
5.72511578E+35 7.78440176E-09 3.02392977E-02 -3.87866095E-01 3.24928499E-05 2.53640694E+01
5.76480835E+35 7.83940826E-09 3.00271400E-02 -3.87764610E-01 3.24928499E-05 2.53701853E+01
5.80477611E+35 7.89479613E-09 2.98164965E-02 -3.87663775E-01 3.24928499E-05 2.53763005E+01
5.84502097E+35 7.95056801E-09 2.96073563E-02 -3.87563591E-01 3.24928499E-05 2.53824148E+01
5.88554486E+35 8.00672658E-09 2.93997083E-02 -3.87464058E-01 3.24928499E-05 2.53885284E+01
5.92634969E+35 8.06327449E-09 2.91935418E-02 -3.87365178E-01 3.24928499E-05 2.53946412E+01
5.96743743E+35 8.12021447E-09 2.89888458E-02 -3.87266952E-01 3.24928499E-05 2.54007532E+01
6.00881004E+35 8.17754921E-09 2.87856097E-02 -3.87169381E-01 3.24928499E-05 2.54068645E+01
6.05046948E+35 8.23528147E-09 2.85838228E-02 -3.87072465E-01 3.24928499E-05 2.54129749E+01
6.09241775E+35 8.29341400E-09 2.83834743E-02 -3.86976200E-01 3.24928499E-05 2.54190847E+01
6.13465685E+35 8.35194958E-09 2.81845537E-02 -3.86880579E-01 3.24928499E-05 2.54251936E+01
6.17718879E+35 8.41089099E-09 2.79870505E-02 -3.86785593E-01 3.24928499E-05 2.54313019E+01
6.22001562E+35 8.47024104E-09 2.77909543E-02 -3.86691242E-01 3.24928499E-05 2.54374094E+01
6.26313936E+35 8.53000257E-09 2.75962550E-02 -3.86597529E-01 3.24928499E-05 2.54435162E+01
6.30656208E+35 8.59017843E-09 2.74029423E-02 -3.86504455E-01 3.24928499E-05 2.54496222E+01
6.35028586E+35 8.65077149E-09 2.72110063E-02 -3.86412022E-01 3.24928499E-05 2.54557275E+01
6.39431277E+35 8.71178465E-09 2.70204368E-02 -3.86320234E-01 3.24928499E-05 2.54618321E+01
6.43864493E+35 8.77322082E-09 2.68312240E-02 -3.86229091E-01 3.24928499E-05 2.54679360E+01
6.48328444E+35 8.83508292E-09 2.66433580E-02 -3.86138595E-01 3.24928499E-05 2.54740392E+01
6.52823344E+35 8.89737393E-09 2.64568289E-02 -3.86048748E-01 3.24928499E-05 2.54801416E+01
6.57349408E+35 8.96009680E-09 2.62716271E-02 -3.85959553E-01 3.24928499E-05 2.54862433E+01
6.61906851E+35 9.02325454E-09 2.60877429E-02 -3.85871009E-01 3.24928499E-05 2.54923443E+01
6.66495891E+35 9.08685016E-09 2.59051665E-02 -3.85783112E-01 3.24928499E-05 2.54984445E+01
6.71116747E+35 9.15088669E-09 2.57238886E-02 -3.85695856E-01 3.24928499E-05 2.55045441E+01
6.75769640E+35 9.21536719E-09 2.55438996E-02 -3.85609232E-01 3.24928499E-05 2.55106430E+01
6.80454792E+35 9.28029475E-09 2.53651900E-02 -3.85523238E-01 3.24928499E-05 2.55167412E+01
6.85172426E+35 9.34567246E-09 2.51877506E-02 -3.85437872E-01 3.24928499E-05 2.55228387E+01
6.89922767E+35 9.41150344E-09 2.50115720E-02 -3.85353136E-01 3.24928499E-05 2.55289355E+01
6.94706043E+35 9.47779084E-09 2.48366451E-02 -3.85269026E-01 3.24928499E-05 2.55350317E+01
6.99522482E+35 9.54453782E-09 2.46629605E-02 -3.85185538E-01 3.24928499E-05 2.55411271E+01
7.04372314E+35 9.61174757E-09 2.44905093E-02 -3.85102664E-01 3.24928499E-05 2.55472219E+01
7.09255770E+35 9.67942330E-09 2.43192824E-02 -3.85020398E-01 3.24928499E-05 2.55533160E+01
7.14173083E+35 9.74756824E-09 2.41492707E-02 -3.84938731E-01 3.24928499E-05 2.55594095E+01
7.19124488E+35 9.81618564E-09 2.39804655E-02 -3.84857650E-01 3.24928499E-05 2.55655023E+01
7.24110221E+35 9.88527879E-09 2.38128578E-02 -3.84777146E-01 3.24928499E-05 2.55715945E+01
7.29130521E+35 9.95485097E-09 2.36464388E-02 -3.84697212E-01 3.24928499E-05 2.55776861E+01
7.34185627E+35 1.00249055E-08 2.34811998E-02 -3.84617844E-01 3.24928499E-05 2.55837771E+01
7.39275780E+35 1.00954458E-08 2.33171322E-02 -3.84539040E-01 3.24928499E-05 2.55898675E+01
7.44401223E+35 1.01664751E-08 2.31542272E-02 -3.84460796E-01 3.24928499E-05 2.55959572E+01
7.49562202E+35 1.02379969E-08 2.29924765E-02 -3.84383099E-01 3.24928499E-05 2.56020463E+01
7.54758962E+35 1.03100146E-08 2.28318713E-02 -3.84305935E-01 3.24928499E-05 2.56081347E+01
7.59991751E+35 1.03825316E-08 2.26724034E-02 -3.84229288E-01 3.24928499E-05 2.56142226E+01
7.65260820E+35 1.04555514E-08 2.25140643E-02 -3.84153147E-01 3.24928499E-05 2.56203100E+01
7.70566419E+35 1.05290774E-08 2.23568458E-02 -3.84077502E-01 3.24928499E-05 2.56263967E+01
7.75908803E+35 1.06031133E-08 2.22007401E-02 -3.84002382E-01 3.24928499E-05 2.56324829E+01
7.81288225E+35 1.06776624E-08 2.20457395E-02 -3.83927799E-01 3.24928499E-05 2.56385684E+01
7.86704943E+35 1.07527284E-08 2.18918359E-02 -3.83853751E-01 3.24928499E-05 2.56446534E+01
7.92159216E+35 1.08283148E-08 2.17390213E-02 -3.83780232E-01 3.24928499E-05 2.56507378E+01
7.97651304E+35 1.09044252E-08 2.15872878E-02 -3.83707240E-01 3.24928499E-05 2.56568216E+01
8.03181468E+35 1.09810634E-08 2.14366276E-02 -3.83634769E-01 3.24928499E-05 2.56629048E+01
8.08749974E+35 1.10582329E-08 2.12870329E-02 -3.83562817E-01 3.24928499E-05 2.56689875E+01
8.14357086E+35 1.11359374E-08 2.11384960E-02 -3.83491379E-01 3.24928499E-05 2.56750696E+01
8.20003073E+35 1.12141806E-08 2.09910092E-02 -3.83420453E-01 3.24928499E-05 2.56811511E+01
8.25688204E+35 1.12929663E-08 2.08445648E-02 -3.83350034E-01 3.24928499E-05 2.56872321E+01
8.31412750E+35 1.13722982E-08 2.06991554E-02 -3.83280118E-01 3.24928499E-05 2.56933125E+01
8.37176984E+35 1.14521801E-08 2.05547734E-02 -3.83210702E-01 3.24928499E-05 2.56993924E+01
8.42981183E+35 1.15326159E-08 2.04114115E-02 -3.83141783E-01 3.24928499E-05 2.57054717E+01
8.48825622E+35 1.16136093E-08 2.02690621E-02 -3.83073357E-01 3.24928499E-05 2.57115505E+01
8.54710581E+35 1.16951643E-08 2.01277180E-02 -3.83005420E-01 3.24928499E-05 2.57176287E+01
8.60636341E+35 1.17772846E-08 1.99873719E-02 -3.82937968E-01 3.24928499E-05 2.57237064E+01
8.66603185E+35 1.18599744E-08 1.98480166E-02 -3.82870998E-01 3.24928499E-05 2.57297835E+01
8.72611397E+35 1.19432374E-08 1.97096449E-02 -3.82804507E-01 3.24928499E-05 2.57358602E+01
8.78661264E+35 1.20270777E-08 1.95722497E-02 -3.82738491E-01 3.24928499E-05 2.57419363E+01
8.84753076E+35 1.21114992E-08 1.94358241E-02 -3.82672946E-01 3.24928499E-05 2.57480119E+01
8.90887122E+35 1.21965061E-08 1.93003608E-02 -3.82607870E-01 3.24928499E-05 2.57540869E+01
8.97063696E+35 1.22821023E-08 1.91658531E-02 -3.82543258E-01 3.24928499E-05 2.57601615E+01
9.03283093E+35 1.23682919E-08 1.90322940E-02 -3.82479107E-01 3.24928499E-05 2.57662355E+01
9.09545609E+35 1.24550791E-08 1.88996766E-02 -3.82415414E-01 3.24928499E-05 2.57723090E+01
9.15851544E+35 1.25424680E-08 1.87679942E-02 -3.82352175E-01 3.24928499E-05 2.57783821E+01
9.22201198E+35 1.26304628E-08 1.86372401E-02 -3.82289388E-01 3.24928499E-05 2.57844546E+01
9.28594874E+35 1.27190677E-08 1.85074074E-02 -3.82227048E-01 3.24928499E-05 2.57905266E+01
9.35032878E+35 1.28082868E-08 1.83784897E-02 -3.82165153E-01 3.24928499E-05 2.57965981E+01
9.41515518E+35 1.28981245E-08 1.82504803E-02 -3.82103698E-01 3.24928499E-05 2.58026692E+01
9.48043101E+35 1.29885851E-08 1.81233726E-02 -3.82042681E-01 3.24928499E-05 2.58087397E+01
9.54615941E+35 1.30796729E-08 1.79971602E-02 -3.81982099E-01 3.24928499E-05 2.58148098E+01
9.61234351E+35 1.31713921E-08 1.78718366E-02 -3.81921948E-01 3.24928499E-05 2.58208794E+01
9.67898647E+35 1.32637473E-08 1.77473954E-02 -3.81862225E-01 3.24928499E-05 2.58269485E+01
9.74609147E+35 1.33567427E-08 1.76238303E-02 -3.81802927E-01 3.24928499E-05 2.58330172E+01
9.81366170E+35 1.34503829E-08 1.75011350E-02 -3.81744051E-01 3.24928499E-05 2.58390853E+01
9.88170041E+35 1.35446724E-08 1.73793032E-02 -3.81685594E-01 3.24928499E-05 2.58451531E+01
9.95021084E+35 1.36396155E-08 1.72583287E-02 -3.81627552E-01 3.24928499E-05 2.58512203E+01
1.00191962E+36 1.37352169E-08 1.71382054E-02 -3.81569924E-01 3.24928499E-05 2.58572871E+01
1.00886599E+36 1.38314811E-08 1.70189271E-02 -3.81512704E-01 3.24928499E-05 2.58633534E+01
1.01586052E+36 1.39284127E-08 1.69004878E-02 -3.81455892E-01 3.24928499E-05 2.58694193E+01
1.02290354E+36 1.40260163E-08 1.67828814E-02 -3.81399483E-01 3.24928499E-05 2.58754847E+01
1.02999540E+36 1.41242966E-08 1.66661020E-02 -3.81343475E-01 3.24928499E-05 2.58815497E+01
1.03713642E+36 1.42232583E-08 1.65501436E-02 -3.81287865E-01 3.24928499E-05 2.58876142E+01
1.04432695E+36 1.43229061E-08 1.64350004E-02 -3.81232650E-01 3.24928499E-05 2.58936783E+01
1.05156733E+36 1.44232448E-08 1.63206665E-02 -3.81177827E-01 3.24928499E-05 2.58997420E+01
1.05885791E+36 1.45242791E-08 1.62071361E-02 -3.81123393E-01 3.24928499E-05 2.59058052E+01
1.06619903E+36 1.46260139E-08 1.60944034E-02 -3.81069346E-01 3.24928499E-05 2.59118680E+01
1.07359106E+36 1.47284541E-08 1.59824627E-02 -3.81015682E-01 3.24928499E-05 2.59179304E+01
1.08103433E+36 1.48316044E-08 1.58713084E-02 -3.80962399E-01 3.24928499E-05 2.59239923E+01
1.08852920E+36 1.49354699E-08 1.57609348E-02 -3.80909494E-01 3.24928499E-05 2.59300538E+01
1.09607604E+36 1.50400555E-08 1.56513364E-02 -3.80856964E-01 3.24928499E-05 2.59361149E+01
1.10367520E+36 1.51453662E-08 1.55425075E-02 -3.80804806E-01 3.24928499E-05 2.59421756E+01
1.11132705E+36 1.52514071E-08 1.54344427E-02 -3.80753019E-01 3.24928499E-05 2.59482359E+01
1.11903195E+36 1.53581831E-08 1.53271365E-02 -3.80701598E-01 3.24928499E-05 2.59542957E+01
1.12679026E+36 1.54656994E-08 1.52205834E-02 -3.80650542E-01 3.24928499E-05 2.59603552E+01
1.13460237E+36 1.55739611E-08 1.51147782E-02 -3.80599847E-01 3.24928499E-05 2.59664142E+01
1.14246863E+36 1.56829734E-08 1.50097154E-02 -3.80549511E-01 3.24928499E-05 2.59724729E+01
1.15038944E+36 1.57927415E-08 1.49053898E-02 -3.80499532E-01 3.24928499E-05 2.59785311E+01
1.15836516E+36 1.59032706E-08 1.48017960E-02 -3.80449907E-01 3.24928499E-05 2.59845889E+01
1.16639617E+36 1.60145661E-08 1.46989289E-02 -3.80400633E-01 3.24928499E-05 2.59906464E+01
1.17448287E+36 1.61266331E-08 1.45967832E-02 -3.80351708E-01 3.24928499E-05 2.59967035E+01
1.18262563E+36 1.62394771E-08 1.44953539E-02 -3.80303129E-01 3.24928499E-05 2.60027601E+01
1.19082484E+36 1.63531035E-08 1.43946357E-02 -3.80254894E-01 3.24928499E-05 2.60088164E+01
1.19908090E+36 1.64675177E-08 1.42946237E-02 -3.80207000E-01 3.24928499E-05 2.60148723E+01
1.20739420E+36 1.65827250E-08 1.41953127E-02 -3.80159444E-01 3.24928499E-05 2.60209278E+01
1.21576514E+36 1.66987312E-08 1.40966979E-02 -3.80112225E-01 3.24928499E-05 2.60269830E+01
1.22419411E+36 1.68155416E-08 1.39987741E-02 -3.80065339E-01 3.24928499E-05 2.60330378E+01
1.23268152E+36 1.69331619E-08 1.39015365E-02 -3.80018785E-01 3.24928499E-05 2.60390922E+01
1.24122778E+36 1.70515976E-08 1.38049803E-02 -3.79972560E-01 3.24928499E-05 2.60451462E+01
1.24983329E+36 1.71708544E-08 1.37091004E-02 -3.79926661E-01 3.24928499E-05 2.60511999E+01
1.25849846E+36 1.72909381E-08 1.36138922E-02 -3.79881087E-01 3.24928499E-05 2.60572532E+01
1.26722370E+36 1.74118543E-08 1.35193509E-02 -3.79835835E-01 3.24928499E-05 2.60633061E+01
1.27600944E+36 1.75336089E-08 1.34254716E-02 -3.79790902E-01 3.24928499E-05 2.60693587E+01
1.28485609E+36 1.76562075E-08 1.33322497E-02 -3.79746286E-01 3.24928499E-05 2.60754109E+01
1.29376408E+36 1.77796562E-08 1.32396805E-02 -3.79701985E-01 3.24928499E-05 2.60814628E+01
1.30273382E+36 1.79039607E-08 1.31477594E-02 -3.79657998E-01 3.24928499E-05 2.60875143E+01
1.31176575E+36 1.80291271E-08 1.30564817E-02 -3.79614320E-01 3.24928499E-05 2.60935654E+01
1.32086030E+36 1.81551612E-08 1.29658429E-02 -3.79570951E-01 3.24928499E-05 2.60996163E+01
1.33001791E+36 1.82820691E-08 1.28758384E-02 -3.79527888E-01 3.24928499E-05 2.61056667E+01
1.33923900E+36 1.84098569E-08 1.27864637E-02 -3.79485128E-01 3.24928499E-05 2.61117169E+01
1.34852403E+36 1.85385307E-08 1.26977144E-02 -3.79442670E-01 3.24928499E-05 2.61177667E+01
1.35787342E+36 1.86680965E-08 1.26095860E-02 -3.79400512E-01 3.24928499E-05 2.61238161E+01
1.36728764E+36 1.87985607E-08 1.25220740E-02 -3.79358651E-01 3.24928499E-05 2.61298652E+01
1.37676713E+36 1.89299293E-08 1.24351742E-02 -3.79317085E-01 3.24928499E-05 2.61359140E+01
1.38631234E+36 1.90622087E-08 1.23488821E-02 -3.79275812E-01 3.24928499E-05 2.61419625E+01
1.39592373E+36 1.91954053E-08 1.22631934E-02 -3.79234829E-01 3.24928499E-05 2.61480106E+01
1.40560175E+36 1.93295253E-08 1.21781039E-02 -3.79194136E-01 3.24928499E-05 2.61540584E+01
1.41534687E+36 1.94645751E-08 1.20936094E-02 -3.79153729E-01 3.24928499E-05 2.61601059E+01
1.42515956E+36 1.96005613E-08 1.20097055E-02 -3.79113607E-01 3.24928499E-05 2.61661531E+01
1.43504027E+36 1.97374903E-08 1.19263880E-02 -3.79073768E-01 3.24928499E-05 2.61721999E+01
1.44498949E+36 1.98753686E-08 1.18436530E-02 -3.79034209E-01 3.24928499E-05 2.61782464E+01
1.45500769E+36 2.00142028E-08 1.17614961E-02 -3.78994928E-01 3.24928499E-05 2.61842926E+01
1.46509535E+36 2.01539996E-08 1.16799133E-02 -3.78955924E-01 3.24928499E-05 2.61903385E+01
1.47525294E+36 2.02947656E-08 1.15989006E-02 -3.78917194E-01 3.24928499E-05 2.61963841E+01
1.48548096E+36 2.04365075E-08 1.15184538E-02 -3.78878737E-01 3.24928499E-05 2.62024294E+01
1.49577989E+36 2.05792321E-08 1.14385691E-02 -3.78840551E-01 3.24928499E-05 2.62084744E+01
1.50615022E+36 2.07229463E-08 1.13592423E-02 -3.78802633E-01 3.24928499E-05 2.62145191E+01
1.51659245E+36 2.08676568E-08 1.12804696E-02 -3.78764982E-01 3.24928499E-05 2.62205634E+01
1.52710708E+36 2.10133706E-08 1.12022470E-02 -3.78727595E-01 3.24928499E-05 2.62266075E+01
1.53769461E+36 2.11600947E-08 1.11245706E-02 -3.78690472E-01 3.24928499E-05 2.62326513E+01
1.54835553E+36 2.13078360E-08 1.10474366E-02 -3.78653609E-01 3.24928499E-05 2.62386947E+01
1.55909038E+36 2.14566016E-08 1.09708411E-02 -3.78617006E-01 3.24928499E-05 2.62447379E+01
1.56989964E+36 2.16063986E-08 1.08947804E-02 -3.78580660E-01 3.24928499E-05 2.62507808E+01
1.58078385E+36 2.17572342E-08 1.08192505E-02 -3.78544569E-01 3.24928499E-05 2.62568234E+01
1.59174352E+36 2.19091155E-08 1.07442479E-02 -3.78508732E-01 3.24928499E-05 2.62628657E+01
1.60277918E+36 2.20620498E-08 1.06697687E-02 -3.78473146E-01 3.24928499E-05 2.62689078E+01
1.61389134E+36 2.22160445E-08 1.05958092E-02 -3.78437811E-01 3.24928499E-05 2.62749495E+01
1.62508055E+36 2.23711068E-08 1.05223658E-02 -3.78402723E-01 3.24928499E-05 2.62809910E+01
1.63634733E+36 2.25272441E-08 1.04494348E-02 -3.78367883E-01 3.24928499E-05 2.62870322E+01
1.64769222E+36 2.26844639E-08 1.03770126E-02 -3.78333286E-01 3.24928499E-05 2.62930731E+01
1.65911577E+36 2.28427738E-08 1.03050956E-02 -3.78298933E-01 3.24928499E-05 2.62991137E+01
1.67061852E+36 2.30021812E-08 1.02336803E-02 -3.78264821E-01 3.24928499E-05 2.63051541E+01
1.68220102E+36 2.31626938E-08 1.01627630E-02 -3.78230949E-01 3.24928499E-05 2.63111942E+01
1.69386382E+36 2.33243193E-08 1.00923403E-02 -3.78197314E-01 3.24928499E-05 2.63172340E+01
1.70560748E+36 2.34870653E-08 1.00224087E-02 -3.78163915E-01 3.24928499E-05 2.63232736E+01
1.71743256E+36 2.36509396E-08 9.95296473E-03 -3.78130751E-01 3.24928499E-05 2.63293128E+01
1.72933963E+36 2.38159501E-08 9.88400491E-03 -3.78097819E-01 3.24928499E-05 2.63353519E+01
1.74132924E+36 2.39821046E-08 9.81552585E-03 -3.78065118E-01 3.24928499E-05 2.63413906E+01
1.75340198E+36 2.41494111E-08 9.74752415E-03 -3.78032647E-01 3.24928499E-05 2.63474291E+01
1.76555842E+36 2.43178775E-08 9.67999644E-03 -3.78000403E-01 3.24928499E-05 2.63534674E+01
1.77779915E+36 2.44875119E-08 9.61293939E-03 -3.77968386E-01 3.24928499E-05 2.63595054E+01
1.79012473E+36 2.46583224E-08 9.54634966E-03 -3.77936593E-01 3.24928499E-05 2.63655431E+01
1.80253578E+36 2.48303172E-08 9.48022397E-03 -3.77905023E-01 3.24928499E-05 2.63715806E+01
1.81503287E+36 2.50035043E-08 9.41455905E-03 -3.77873674E-01 3.24928499E-05 2.63776178E+01
1.82761660E+36 2.51778922E-08 9.34935164E-03 -3.77842545E-01 3.24928499E-05 2.63836548E+01
1.84028757E+36 2.53534892E-08 9.28459851E-03 -3.77811634E-01 3.24928499E-05 2.63896915E+01
1.85304640E+36 2.55303035E-08 9.22029648E-03 -3.77780939E-01 3.24928499E-05 2.63957280E+01
1.86589368E+36 2.57083438E-08 9.15644236E-03 -3.77750460E-01 3.24928499E-05 2.64017642E+01
1.87883004E+36 2.58876184E-08 9.09303300E-03 -3.77720194E-01 3.24928499E-05 2.64078002E+01
1.89185608E+36 2.60681359E-08 9.03006525E-03 -3.77690140E-01 3.24928499E-05 2.64138360E+01
1.90497243E+36 2.62499049E-08 8.96753602E-03 -3.77660296E-01 3.24928499E-05 2.64198715E+01
1.91817972E+36 2.64329342E-08 8.90544221E-03 -3.77630662E-01 3.24928499E-05 2.64259068E+01
1.93147857E+36 2.66172324E-08 8.84378076E-03 -3.77601235E-01 3.24928499E-05 2.64319418E+01
1.94486963E+36 2.68028084E-08 8.78254862E-03 -3.77572014E-01 3.24928499E-05 2.64379767E+01
1.95835353E+36 2.69896710E-08 8.72174277E-03 -3.77542997E-01 3.24928499E-05 2.64440112E+01
1.97193091E+36 2.71778291E-08 8.66136022E-03 -3.77514184E-01 3.24928499E-05 2.64500456E+01
1.98560243E+36 2.73672917E-08 8.60139798E-03 -3.77485572E-01 3.24928499E-05 2.64560797E+01
1.99936873E+36 2.75580679E-08 8.54185310E-03 -3.77457160E-01 3.24928499E-05 2.64621136E+01
2.01323047E+36 2.77501668E-08 8.48272264E-03 -3.77428948E-01 3.24928499E-05 2.64681472E+01
2.02718832E+36 2.79435975E-08 8.42400368E-03 -3.77400932E-01 3.24928499E-05 2.64741807E+01
2.04124294E+36 2.81383692E-08 8.36569334E-03 -3.77373113E-01 3.24928499E-05 2.64802139E+01
2.05539500E+36 2.83344913E-08 8.30778874E-03 -3.77345488E-01 3.24928499E-05 2.64862469E+01
2.06964518E+36 2.85319732E-08 8.25028702E-03 -3.77318056E-01 3.24928499E-05 2.64922797E+01
2.08399415E+36 2.87308242E-08 8.19318536E-03 -3.77290817E-01 3.24928499E-05 2.64983122E+01
2.09844261E+36 2.89310538E-08 8.13648094E-03 -3.77263767E-01 3.24928499E-05 2.65043446E+01
2.11299124E+36 2.91326716E-08 8.08017098E-03 -3.77236907E-01 3.24928499E-05 2.65103767E+01
2.12764073E+36 2.93356873E-08 8.02425270E-03 -3.77210235E-01 3.24928499E-05 2.65164086E+01
2.14239180E+36 2.95401105E-08 7.96872334E-03 -3.77183749E-01 3.24928499E-05 2.65224403E+01
2.15724513E+36 2.97459510E-08 7.91358018E-03 -3.77157448E-01 3.24928499E-05 2.65284718E+01
2.17220144E+36 2.99532185E-08 7.85882050E-03 -3.77131331E-01 3.24928499E-05 2.65345030E+01
2.18726144E+36 3.01619231E-08 7.80444162E-03 -3.77105397E-01 3.24928499E-05 2.65405341E+01
2.20242586E+36 3.03720746E-08 7.75044085E-03 -3.77079644E-01 3.24928499E-05 2.65465650E+01
2.21769541E+36 3.05836831E-08 7.69681555E-03 -3.77054071E-01 3.24928499E-05 2.65525956E+01
2.23307082E+36 3.07967588E-08 7.64356307E-03 -3.77028676E-01 3.24928499E-05 2.65586261E+01
2.24855284E+36 3.10113116E-08 7.59068080E-03 -3.77003459E-01 3.24928499E-05 2.65646563E+01
2.26414219E+36 3.12273520E-08 7.53816615E-03 -3.76978418E-01 3.24928499E-05 2.65706864E+01
2.27983962E+36 3.14448902E-08 7.48601653E-03 -3.76953552E-01 3.24928499E-05 2.65767162E+01
2.29564589E+36 3.16639366E-08 7.43422937E-03 -3.76928859E-01 3.24928499E-05 2.65827459E+01
2.31156174E+36 3.18845017E-08 7.38280215E-03 -3.76904339E-01 3.24928499E-05 2.65887753E+01
2.32758794E+36 3.21065960E-08 7.33173233E-03 -3.76879990E-01 3.24928499E-05 2.65948046E+01
2.34372525E+36 3.23302300E-08 7.28101741E-03 -3.76855811E-01 3.24928499E-05 2.66008336E+01
2.35997443E+36 3.25554146E-08 7.23065490E-03 -3.76831801E-01 3.24928499E-05 2.66068625E+01
2.37633628E+36 3.27821603E-08 7.18064232E-03 -3.76807959E-01 3.24928499E-05 2.66128912E+01
2.39281156E+36 3.30104781E-08 7.13097723E-03 -3.76784283E-01 3.24928499E-05 2.66189197E+01
2.40940107E+36 3.32403789E-08 7.08165719E-03 -3.76760772E-01 3.24928499E-05 2.66249480E+01
2.42610559E+36 3.34718735E-08 7.03267978E-03 -3.76737425E-01 3.24928499E-05 2.66309761E+01
2.44292593E+36 3.37049731E-08 6.98404259E-03 -3.76714241E-01 3.24928499E-05 2.66370040E+01
2.45986288E+36 3.39396888E-08 6.93574326E-03 -3.76691218E-01 3.24928499E-05 2.66430318E+01
2.47691726E+36 3.41760318E-08 6.88777939E-03 -3.76668357E-01 3.24928499E-05 2.66490593E+01
2.49408987E+36 3.44140134E-08 6.84014866E-03 -3.76645654E-01 3.24928499E-05 2.66550867E+01
2.51138155E+36 3.46536450E-08 6.79284872E-03 -3.76623110E-01 3.24928499E-05 2.66611139E+01
2.52879311E+36 3.48949379E-08 6.74587726E-03 -3.76600724E-01 3.24928499E-05 2.66671409E+01
2.54632538E+36 3.51379037E-08 6.69923197E-03 -3.76578493E-01 3.24928499E-05 2.66731677E+01
2.56397921E+36 3.53825540E-08 6.65291058E-03 -3.76556417E-01 3.24928499E-05 2.66791944E+01
2.58175543E+36 3.56289005E-08 6.60691081E-03 -3.76534496E-01 3.24928499E-05 2.66852209E+01
2.59965490E+36 3.58769549E-08 6.56123042E-03 -3.76512727E-01 3.24928499E-05 2.66912472E+01
2.61767846E+36 3.61267291E-08 6.51586717E-03 -3.76491110E-01 3.24928499E-05 2.66972733E+01
2.63582699E+36 3.63782350E-08 6.47081883E-03 -3.76469644E-01 3.24928499E-05 2.67032993E+01
2.65410133E+36 3.66314846E-08 6.42608321E-03 -3.76448327E-01 3.24928499E-05 2.67093251E+01
2.67250238E+36 3.68864900E-08 6.38165811E-03 -3.76427159E-01 3.24928499E-05 2.67153507E+01
2.69103100E+36 3.71432633E-08 6.33754137E-03 -3.76406138E-01 3.24928499E-05 2.67213762E+01
2.70968808E+36 3.74018169E-08 6.29373082E-03 -3.76385264E-01 3.24928499E-05 2.67274014E+01
2.72847451E+36 3.76621631E-08 6.25022433E-03 -3.76364535E-01 3.24928499E-05 2.67334266E+01
2.74739119E+36 3.79243142E-08 6.20701977E-03 -3.76343951E-01 3.24928499E-05 2.67394515E+01
2.76643902E+36 3.81882829E-08 6.16411502E-03 -3.76323510E-01 3.24928499E-05 2.67454763E+01
2.78561890E+36 3.84540816E-08 6.12150799E-03 -3.76303212E-01 3.24928499E-05 2.67515009E+01
2.80493177E+36 3.87217232E-08 6.07919660E-03 -3.76283055E-01 3.24928499E-05 2.67575254E+01
2.82437853E+36 3.89912203E-08 6.03717878E-03 -3.76263038E-01 3.24928499E-05 2.67635497E+01
2.84396012E+36 3.92625859E-08 5.99545248E-03 -3.76243161E-01 3.24928499E-05 2.67695738E+01
2.86367746E+36 3.95358329E-08 5.95401566E-03 -3.76223422E-01 3.24928499E-05 2.67755978E+01
2.88353151E+36 3.98109743E-08 5.91286629E-03 -3.76203821E-01 3.24928499E-05 2.67816217E+01
2.90352321E+36 4.00880232E-08 5.87200238E-03 -3.76184356E-01 3.24928499E-05 2.67876453E+01
2.92365351E+36 4.03669930E-08 5.83142192E-03 -3.76165026E-01 3.24928499E-05 2.67936688E+01
2.94392338E+36 4.06478969E-08 5.79112293E-03 -3.76145832E-01 3.24928499E-05 2.67996922E+01
2.96433377E+36 4.09307483E-08 5.75110345E-03 -3.76126770E-01 3.24928499E-05 2.68057154E+01
2.98488568E+36 4.12155608E-08 5.71136152E-03 -3.76107842E-01 3.24928499E-05 2.68117385E+01
3.00558007E+36 4.15023478E-08 5.67189521E-03 -3.76089045E-01 3.24928499E-05 2.68177614E+01
3.02641794E+36 4.17911232E-08 5.63270259E-03 -3.76070379E-01 3.24928499E-05 2.68237841E+01
3.04740028E+36 4.20819007E-08 5.59378175E-03 -3.76051843E-01 3.24928499E-05 2.68298067E+01
3.06852809E+36 4.23746941E-08 5.55513078E-03 -3.76033436E-01 3.24928499E-05 2.68358292E+01
3.08980238E+36 4.26695176E-08 5.51674782E-03 -3.76015157E-01 3.24928499E-05 2.68418515E+01
3.11122416E+36 4.29663850E-08 5.47863098E-03 -3.75997005E-01 3.24928499E-05 2.68478737E+01
3.13279447E+36 4.32653106E-08 5.44077841E-03 -3.75978979E-01 3.24928499E-05 2.68538957E+01
3.15451432E+36 4.35663087E-08 5.40318826E-03 -3.75961079E-01 3.24928499E-05 2.68599176E+01
3.17638476E+36 4.38693937E-08 5.36585870E-03 -3.75943303E-01 3.24928499E-05 2.68659393E+01
3.19840682E+36 4.41745799E-08 5.32878792E-03 -3.75925651E-01 3.24928499E-05 2.68719609E+01
3.22058157E+36 4.44818821E-08 5.29197410E-03 -3.75908122E-01 3.24928499E-05 2.68779824E+01
3.24291006E+36 4.47913148E-08 5.25541546E-03 -3.75890714E-01 3.24928499E-05 2.68840037E+01
3.26539335E+36 4.51028927E-08 5.21911021E-03 -3.75873428E-01 3.24928499E-05 2.68900248E+01
3.28803252E+36 4.54166309E-08 5.18305658E-03 -3.75856261E-01 3.24928499E-05 2.68960459E+01
3.31082865E+36 4.57325443E-08 5.14725283E-03 -3.75839215E-01 3.24928499E-05 2.69020668E+01
3.33378282E+36 4.60506478E-08 5.11169721E-03 -3.75822286E-01 3.24928499E-05 2.69080875E+01
3.35689614E+36 4.63709569E-08 5.07638798E-03 -3.75805476E-01 3.24928499E-05 2.69141082E+01
3.38016970E+36 4.66934866E-08 5.04132343E-03 -3.75788782E-01 3.24928499E-05 2.69201287E+01
3.40360462E+36 4.70182525E-08 5.00650185E-03 -3.75772204E-01 3.24928499E-05 2.69261490E+01
3.42720202E+36 4.73452699E-08 4.97192155E-03 -3.75755742E-01 3.24928499E-05 2.69321692E+01
3.45096301E+36 4.76745546E-08 4.93758085E-03 -3.75739394E-01 3.24928499E-05 2.69381893E+01
3.47488875E+36 4.80061223E-08 4.90347807E-03 -3.75723160E-01 3.24928499E-05 2.69442093E+01
3.49898036E+36 4.83399887E-08 4.86961156E-03 -3.75707038E-01 3.24928499E-05 2.69502291E+01
3.52323900E+36 4.86761699E-08 4.83597967E-03 -3.75691029E-01 3.24928499E-05 2.69562488E+01
3.54766583E+36 4.90146818E-08 4.80258076E-03 -3.75675130E-01 3.24928499E-05 2.69622684E+01
3.57226201E+36 4.93555406E-08 4.76941322E-03 -3.75659343E-01 3.24928499E-05 2.69682879E+01
3.59702872E+36 4.96987627E-08 4.73647542E-03 -3.75643665E-01 3.24928499E-05 2.69743072E+01
3.62196714E+36 5.00443643E-08 4.70376577E-03 -3.75628095E-01 3.24928499E-05 2.69803264E+01
3.64707845E+36 5.03923620E-08 4.67128268E-03 -3.75612634E-01 3.24928499E-05 2.69863455E+01
3.67236387E+36 5.07427724E-08 4.63902457E-03 -3.75597281E-01 3.24928499E-05 2.69923644E+01
3.69782459E+36 5.10956121E-08 4.60698988E-03 -3.75582034E-01 3.24928499E-05 2.69983833E+01
3.72346183E+36 5.14508982E-08 4.57517704E-03 -3.75566893E-01 3.24928499E-05 2.70044020E+01
3.74927682E+36 5.18086475E-08 4.54358451E-03 -3.75551857E-01 3.24928499E-05 2.70104206E+01
3.77527078E+36 5.21688770E-08 4.51221075E-03 -3.75536925E-01 3.24928499E-05 2.70164390E+01
3.80144496E+36 5.25316041E-08 4.48105425E-03 -3.75522097E-01 3.24928499E-05 2.70224574E+01
3.82780060E+36 5.28968460E-08 4.45011349E-03 -3.75507373E-01 3.24928499E-05 2.70284756E+01
3.85433898E+36 5.32646201E-08 4.41938697E-03 -3.75492750E-01 3.24928499E-05 2.70344937E+01
3.88106134E+36 5.36349440E-08 4.38887319E-03 -3.75478229E-01 3.24928499E-05 2.70405117E+01
3.90796897E+36 5.40078354E-08 4.35857068E-03 -3.75463808E-01 3.24928499E-05 2.70465296E+01
3.93506316E+36 5.43833121E-08 4.32847796E-03 -3.75449488E-01 3.24928499E-05 2.70525474E+01
3.96234519E+36 5.47613920E-08 4.29859358E-03 -3.75435267E-01 3.24928499E-05 2.70585650E+01
3.98981636E+36 5.51420931E-08 4.26891608E-03 -3.75421145E-01 3.24928499E-05 2.70645825E+01
4.01747800E+36 5.55254337E-08 4.23944402E-03 -3.75407121E-01 3.24928499E-05 2.70706000E+01
4.04533142E+36 5.59114320E-08 4.21017598E-03 -3.75393194E-01 3.24928499E-05 2.70766173E+01
4.07337795E+36 5.63001064E-08 4.18111053E-03 -3.75379364E-01 3.24928499E-05 2.70826345E+01
4.10161892E+36 5.66914755E-08 4.15224627E-03 -3.75365630E-01 3.24928499E-05 2.70886516E+01
4.13005569E+36 5.70855581E-08 4.12358179E-03 -3.75351991E-01 3.24928499E-05 2.70946685E+01
4.15868962E+36 5.74823728E-08 4.09511571E-03 -3.75338447E-01 3.24928499E-05 2.71006854E+01
4.18752206E+36 5.78819386E-08 4.06684664E-03 -3.75324997E-01 3.24928499E-05 2.71067022E+01
4.21655441E+36 5.82842747E-08 4.03877322E-03 -3.75311640E-01 3.24928499E-05 2.71127188E+01
4.24578803E+36 5.86894002E-08 4.01089408E-03 -3.75298376E-01 3.24928499E-05 2.71187354E+01
4.27522434E+36 5.90973344E-08 3.98320787E-03 -3.75285204E-01 3.24928499E-05 2.71247518E+01
4.30486472E+36 5.95080969E-08 3.95571326E-03 -3.75272123E-01 3.24928499E-05 2.71307682E+01
4.33471061E+36 5.99217072E-08 3.92840890E-03 -3.75259133E-01 3.24928499E-05 2.71367844E+01
4.36476342E+36 6.03381851E-08 3.90129347E-03 -3.75246233E-01 3.24928499E-05 2.71428005E+01
4.39502459E+36 6.07575505E-08 3.87436567E-03 -3.75233423E-01 3.24928499E-05 2.71488166E+01
4.42549556E+36 6.11798234E-08 3.84762418E-03 -3.75220701E-01 3.24928499E-05 2.71548325E+01
4.45617778E+36 6.16050239E-08 3.82106772E-03 -3.75208068E-01 3.24928499E-05 2.71608483E+01
4.48707273E+36 6.20331723E-08 3.79469499E-03 -3.75195523E-01 3.24928499E-05 2.71668640E+01
4.51818188E+36 6.24642891E-08 3.76850471E-03 -3.75183064E-01 3.24928499E-05 2.71728797E+01
4.54950671E+36 6.28983949E-08 3.74249563E-03 -3.75170692E-01 3.24928499E-05 2.71788952E+01
4.58104871E+36 6.33355104E-08 3.71666647E-03 -3.75158405E-01 3.24928499E-05 2.71849106E+01
4.61280940E+36 6.37756564E-08 3.69101600E-03 -3.75146204E-01 3.24928499E-05 2.71909259E+01
4.64479028E+36 6.42188539E-08 3.66554296E-03 -3.75134087E-01 3.24928499E-05 2.71969411E+01
4.67699289E+36 6.46651242E-08 3.64024613E-03 -3.75122054E-01 3.24928499E-05 2.72029563E+01
4.70941877E+36 6.51144885E-08 3.61512427E-03 -3.75110105E-01 3.24928499E-05 2.72089713E+01
4.74206945E+36 6.55669683E-08 3.59017618E-03 -3.75098239E-01 3.24928499E-05 2.72149863E+01
4.77494651E+36 6.60225851E-08 3.56540065E-03 -3.75086455E-01 3.24928499E-05 2.72210011E+01
4.80805150E+36 6.64813608E-08 3.54079647E-03 -3.75074752E-01 3.24928499E-05 2.72270158E+01
4.84138601E+36 6.69433172E-08 3.51636247E-03 -3.75063131E-01 3.24928499E-05 2.72330305E+01
4.87495163E+36 6.74084763E-08 3.49209744E-03 -3.75051590E-01 3.24928499E-05 2.72390451E+01
4.90874996E+36 6.78768604E-08 3.46800023E-03 -3.75040129E-01 3.24928499E-05 2.72450595E+01
4.94278262E+36 6.83484919E-08 3.44406967E-03 -3.75028748E-01 3.24928499E-05 2.72510739E+01
4.97705123E+36 6.88233932E-08 3.42030459E-03 -3.75017445E-01 3.24928499E-05 2.72570882E+01
5.01155743E+36 6.93015871E-08 3.39670385E-03 -3.75006221E-01 3.24928499E-05 2.72631024E+01
5.04630286E+36 6.97830963E-08 3.37326631E-03 -3.74995074E-01 3.24928499E-05 2.72691165E+01
5.08128918E+36 7.02679438E-08 3.34999084E-03 -3.74984005E-01 3.24928499E-05 2.72751305E+01
5.11651806E+36 7.07561528E-08 3.32687630E-03 -3.74973013E-01 3.24928499E-05 2.72811445E+01
5.15199119E+36 7.12477465E-08 3.30392159E-03 -3.74962096E-01 3.24928499E-05 2.72871583E+01
5.18771026E+36 7.17427486E-08 3.28112559E-03 -3.74951255E-01 3.24928499E-05 2.72931721E+01
5.22367696E+36 7.22411825E-08 3.25848719E-03 -3.74940490E-01 3.24928499E-05 2.72991857E+01
5.25989303E+36 7.27430720E-08 3.23600532E-03 -3.74929799E-01 3.24928499E-05 2.73051993E+01
5.29636019E+36 7.32484412E-08 3.21367887E-03 -3.74919182E-01 3.24928499E-05 2.73112128E+01
5.33308017E+36 7.37573142E-08 3.19150677E-03 -3.74908638E-01 3.24928499E-05 2.73172262E+01
5.37005474E+36 7.42697152E-08 3.16948796E-03 -3.74898168E-01 3.24928499E-05 2.73232396E+01
5.40728565E+36 7.47856687E-08 3.14762136E-03 -3.74887770E-01 3.24928499E-05 2.73292528E+01
5.44477469E+36 7.53051994E-08 3.12590591E-03 -3.74877444E-01 3.24928499E-05 2.73352660E+01
5.48252364E+36 7.58283319E-08 3.10434058E-03 -3.74867190E-01 3.24928499E-05 2.73412791E+01
5.52053431E+36 7.63550914E-08 3.08292431E-03 -3.74857007E-01 3.24928499E-05 2.73472921E+01
5.55880850E+36 7.68855030E-08 3.06165608E-03 -3.74846894E-01 3.24928499E-05 2.73533050E+01
5.59734806E+36 7.74195919E-08 3.04053486E-03 -3.74836852E-01 3.24928499E-05 2.73593178E+01
5.63615481E+36 7.79573837E-08 3.01955962E-03 -3.74826878E-01 3.24928499E-05 2.73653306E+01
5.67523061E+36 7.84989040E-08 2.99872936E-03 -3.74816974E-01 3.24928499E-05 2.73713432E+01
5.71457732E+36 7.90441788E-08 2.97804306E-03 -3.74807139E-01 3.24928499E-05 2.73773558E+01
5.75419683E+36 7.95932339E-08 2.95749973E-03 -3.74797372E-01 3.24928499E-05 2.73833683E+01
5.79409103E+36 8.01460957E-08 2.93709838E-03 -3.74787672E-01 3.24928499E-05 2.73893808E+01
5.83426181E+36 8.07027905E-08 2.91683802E-03 -3.74778039E-01 3.24928499E-05 2.73953932E+01
5.87471110E+36 8.12633449E-08 2.89671768E-03 -3.74768473E-01 3.24928499E-05 2.74014054E+01
5.91544082E+36 8.18277857E-08 2.87673638E-03 -3.74758974E-01 3.24928499E-05 2.74074176E+01
5.95645293E+36 8.23961397E-08 2.85689316E-03 -3.74749540E-01 3.24928499E-05 2.74134298E+01
5.99774938E+36 8.29684342E-08 2.83718706E-03 -3.74740171E-01 3.24928499E-05 2.74194418E+01
6.03933214E+36 8.35446965E-08 2.81761713E-03 -3.74730867E-01 3.24928499E-05 2.74254538E+01
6.08120319E+36 8.41249540E-08 2.79818243E-03 -3.74721628E-01 3.24928499E-05 2.74314657E+01
6.12336454E+36 8.47092345E-08 2.77888201E-03 -3.74712453E-01 3.24928499E-05 2.74374776E+01
6.16581819E+36 8.52975658E-08 2.75971495E-03 -3.74703341E-01 3.24928499E-05 2.74434893E+01
6.20856618E+36 8.58899761E-08 2.74068033E-03 -3.74694292E-01 3.24928499E-05 2.74495010E+01
6.25161055E+36 8.64864936E-08 2.72177722E-03 -3.74685305E-01 3.24928499E-05 2.74555126E+01
6.29495334E+36 8.70871467E-08 2.70300471E-03 -3.74676381E-01 3.24928499E-05 2.74615242E+01
6.33859663E+36 8.76919643E-08 2.68436190E-03 -3.74667519E-01 3.24928499E-05 2.74675356E+01
6.38254250E+36 8.83009751E-08 2.66584789E-03 -3.74658718E-01 3.24928499E-05 2.74735470E+01
6.42679305E+36 8.89142081E-08 2.64746178E-03 -3.74649978E-01 3.24928499E-05 2.74795584E+01
6.47135040E+36 8.95316928E-08 2.62920269E-03 -3.74641298E-01 3.24928499E-05 2.74855696E+01
6.51621666E+36 9.01534585E-08 2.61106974E-03 -3.74632679E-01 3.24928499E-05 2.74915808E+01
6.56139398E+36 9.07795350E-08 2.59306206E-03 -3.74624119E-01 3.24928499E-05 2.74975920E+01
6.60688452E+36 9.14099521E-08 2.57517877E-03 -3.74615618E-01 3.24928499E-05 2.75036030E+01
6.65269045E+36 9.20447399E-08 2.55741901E-03 -3.74607177E-01 3.24928499E-05 2.75096140E+01
6.69881395E+36 9.26839287E-08 2.53978194E-03 -3.74598793E-01 3.24928499E-05 2.75156249E+01
6.74525724E+36 9.33275491E-08 2.52226669E-03 -3.74590468E-01 3.24928499E-05 2.75216358E+01
6.79202251E+36 9.39756317E-08 2.50487242E-03 -3.74582200E-01 3.24928499E-05 2.75276466E+01
6.83911201E+36 9.46282075E-08 2.48759830E-03 -3.74573989E-01 3.24928499E-05 2.75336573E+01
6.88652799E+36 9.52853077E-08 2.47044349E-03 -3.74565836E-01 3.24928499E-05 2.75396679E+01
6.93427270E+36 9.59469636E-08 2.45340717E-03 -3.74557738E-01 3.24928499E-05 2.75456785E+01
6.98234843E+36 9.66132067E-08 2.43648851E-03 -3.74549697E-01 3.24928499E-05 2.75516890E+01
7.03075747E+36 9.72840690E-08 2.41968670E-03 -3.74541711E-01 3.24928499E-05 2.75576995E+01
7.07950214E+36 9.79595824E-08 2.40300093E-03 -3.74533781E-01 3.24928499E-05 2.75637099E+01
7.12858475E+36 9.86397792E-08 2.38643040E-03 -3.74525905E-01 3.24928499E-05 2.75697202E+01
7.17800766E+36 9.93246918E-08 2.36997431E-03 -3.74518084E-01 3.24928499E-05 2.75757305E+01
7.22777322E+36 1.00014353E-07 2.35363186E-03 -3.74510317E-01 3.24928499E-05 2.75817407E+01
7.27788381E+36 1.00708796E-07 2.33740227E-03 -3.74502603E-01 3.24928499E-05 2.75877509E+01
7.32834182E+36 1.01408053E-07 2.32128476E-03 -3.74494943E-01 3.24928499E-05 2.75937609E+01
7.37914965E+36 1.02112158E-07 2.30527855E-03 -3.74487336E-01 3.24928499E-05 2.75997710E+01
7.43030974E+36 1.02821145E-07 2.28938287E-03 -3.74479782E-01 3.24928499E-05 2.76057809E+01
7.48182452E+36 1.03535047E-07 2.27359695E-03 -3.74472280E-01 3.24928499E-05 2.76117908E+01
7.53369647E+36 1.04253899E-07 2.25792004E-03 -3.74464829E-01 3.24928499E-05 2.76178007E+01
7.58592804E+36 1.04977735E-07 2.24235138E-03 -3.74457431E-01 3.24928499E-05 2.76238104E+01
7.63852173E+36 1.05706589E-07 2.22689021E-03 -3.74450083E-01 3.24928499E-05 2.76298202E+01
7.69148006E+36 1.06440496E-07 2.21153580E-03 -3.74442786E-01 3.24928499E-05 2.76358298E+01
7.74480556E+36 1.07179492E-07 2.19628741E-03 -3.74435540E-01 3.24928499E-05 2.76418394E+01
7.79850076E+36 1.07923611E-07 2.18114430E-03 -3.74428343E-01 3.24928499E-05 2.76478490E+01
7.85256824E+36 1.08672889E-07 2.16610574E-03 -3.74421197E-01 3.24928499E-05 2.76538585E+01
7.90701057E+36 1.09427361E-07 2.15117102E-03 -3.74414100E-01 3.24928499E-05 2.76598679E+01
7.96183035E+36 1.10187065E-07 2.13633940E-03 -3.74407052E-01 3.24928499E-05 2.76658773E+01
8.01703020E+36 1.10952036E-07 2.12161018E-03 -3.74400052E-01 3.24928499E-05 2.76718866E+01
8.07261275E+36 1.11722310E-07 2.10698265E-03 -3.74393101E-01 3.24928499E-05 2.76778959E+01
8.12858066E+36 1.12497924E-07 2.09245610E-03 -3.74386198E-01 3.24928499E-05 2.76839051E+01
8.18493660E+36 1.13278916E-07 2.07802983E-03 -3.74379343E-01 3.24928499E-05 2.76899142E+01
8.24168326E+36 1.14065323E-07 2.06370316E-03 -3.74372535E-01 3.24928499E-05 2.76959233E+01
8.29882335E+36 1.14857182E-07 2.04947539E-03 -3.74365775E-01 3.24928499E-05 2.77019324E+01
8.35635959E+36 1.15654531E-07 2.03534584E-03 -3.74359060E-01 3.24928499E-05 2.77079413E+01
8.41429473E+36 1.16457408E-07 2.02131382E-03 -3.74352393E-01 3.24928499E-05 2.77139503E+01
8.47263155E+36 1.17265851E-07 2.00737867E-03 -3.74345771E-01 3.24928499E-05 2.77199592E+01
8.53137281E+36 1.18079899E-07 1.99353971E-03 -3.74339196E-01 3.24928499E-05 2.77259680E+01
8.59052133E+36 1.18899592E-07 1.97979627E-03 -3.74332665E-01 3.24928499E-05 2.77319768E+01
8.65007993E+36 1.19724967E-07 1.96614770E-03 -3.74326180E-01 3.24928499E-05 2.77379855E+01
8.71005146E+36 1.20556064E-07 1.95259334E-03 -3.74319740E-01 3.24928499E-05 2.77439942E+01
8.77043877E+36 1.21392924E-07 1.93913253E-03 -3.74313344E-01 3.24928499E-05 2.77500028E+01
8.83124475E+36 1.22235585E-07 1.92576464E-03 -3.74306992E-01 3.24928499E-05 2.77560114E+01
8.89247230E+36 1.23084089E-07 1.91248901E-03 -3.74300685E-01 3.24928499E-05 2.77620199E+01
8.95412435E+36 1.23938476E-07 1.89930501E-03 -3.74294420E-01 3.24928499E-05 2.77680283E+01
9.01620383E+36 1.24798786E-07 1.88621201E-03 -3.74288200E-01 3.24928499E-05 2.77740368E+01
9.07871372E+36 1.25665060E-07 1.87320937E-03 -3.74282022E-01 3.24928499E-05 2.77800451E+01
9.14165699E+36 1.26537341E-07 1.86029647E-03 -3.74275887E-01 3.24928499E-05 2.77860535E+01
9.20503665E+36 1.27415669E-07 1.84747269E-03 -3.74269794E-01 3.24928499E-05 2.77920617E+01
9.26885572E+36 1.28300086E-07 1.83473741E-03 -3.74263743E-01 3.24928499E-05 2.77980699E+01
9.33311726E+36 1.29190636E-07 1.82209002E-03 -3.74257734E-01 3.24928499E-05 2.78040781E+01
9.39782432E+36 1.30087359E-07 1.80952991E-03 -3.74251767E-01 3.24928499E-05 2.78100862E+01
9.46298000E+36 1.30990300E-07 1.79705649E-03 -3.74245841E-01 3.24928499E-05 2.78160943E+01
9.52858741E+36 1.31899501E-07 1.78466914E-03 -3.74239955E-01 3.24928499E-05 2.78221024E+01
9.59464968E+36 1.32815005E-07 1.77236727E-03 -3.74234111E-01 3.24928499E-05 2.78281103E+01
9.66116997E+36 1.33736856E-07 1.76015030E-03 -3.74228307E-01 3.24928499E-05 2.78341183E+01
9.72815144E+36 1.34665099E-07 1.74801763E-03 -3.74222543E-01 3.24928499E-05 2.78401262E+01
9.79559730E+36 1.35599778E-07 1.73596869E-03 -3.74216818E-01 3.24928499E-05 2.78461340E+01
9.86351077E+36 1.36540936E-07 1.72400289E-03 -3.74211134E-01 3.24928499E-05 2.78521418E+01
9.93189508E+36 1.37488620E-07 1.71211965E-03 -3.74205488E-01 3.24928499E-05 2.78581496E+01
1.00007535E+37 1.38442874E-07 1.70031842E-03 -3.74199882E-01 3.24928499E-05 2.78641573E+01
1.00700893E+37 1.39403744E-07 1.68859861E-03 -3.74194314E-01 3.24928499E-05 2.78701649E+01
1.01399059E+37 1.40371275E-07 1.67695967E-03 -3.74188785E-01 3.24928499E-05 2.78761725E+01
1.02102065E+37 1.41345515E-07 1.66540104E-03 -3.74183293E-01 3.24928499E-05 2.78821801E+01
1.02809944E+37 1.42326509E-07 1.65392217E-03 -3.74177840E-01 3.24928499E-05 2.78881876E+01
1.03522732E+37 1.43314304E-07 1.64252249E-03 -3.74172425E-01 3.24928499E-05 2.78941951E+01
1.04240461E+37 1.44308948E-07 1.63120147E-03 -3.74167047E-01 3.24928499E-05 2.79002026E+01
1.04963167E+37 1.45310488E-07 1.61995855E-03 -3.74161706E-01 3.24928499E-05 2.79062100E+01
1.05690883E+37 1.46318971E-07 1.60879321E-03 -3.74156402E-01 3.24928499E-05 2.79122173E+01
1.06423644E+37 1.47334447E-07 1.59770490E-03 -3.74151134E-01 3.24928499E-05 2.79182246E+01
1.07161485E+37 1.48356962E-07 1.58669310E-03 -3.74145903E-01 3.24928499E-05 2.79242319E+01
1.07904442E+37 1.49386567E-07 1.57575726E-03 -3.74140708E-01 3.24928499E-05 2.79302391E+01
1.08652550E+37 1.50423310E-07 1.56489687E-03 -3.74135549E-01 3.24928499E-05 2.79362463E+01
1.09405845E+37 1.51467241E-07 1.55411141E-03 -3.74130426E-01 3.24928499E-05 2.79422535E+01
1.10164362E+37 1.52518410E-07 1.54340035E-03 -3.74125338E-01 3.24928499E-05 2.79482606E+01
1.10928138E+37 1.53576866E-07 1.53276319E-03 -3.74120285E-01 3.24928499E-05 2.79542677E+01
1.11697210E+37 1.54642661E-07 1.52219941E-03 -3.74115267E-01 3.24928499E-05 2.79602747E+01
1.12471613E+37 1.55715845E-07 1.51170851E-03 -3.74110284E-01 3.24928499E-05 2.79662817E+01
1.13251386E+37 1.56796470E-07 1.50128997E-03 -3.74105335E-01 3.24928499E-05 2.79722886E+01
1.14036565E+37 1.57884586E-07 1.49094331E-03 -3.74100420E-01 3.24928499E-05 2.79782955E+01
1.14827187E+37 1.58980247E-07 1.48066803E-03 -3.74095539E-01 3.24928499E-05 2.79843024E+01
1.15623291E+37 1.60083503E-07 1.47046362E-03 -3.74090692E-01 3.24928499E-05 2.79903092E+01
1.16424914E+37 1.61194409E-07 1.46032961E-03 -3.74085878E-01 3.24928499E-05 2.79963160E+01
1.17232095E+37 1.62313017E-07 1.45026550E-03 -3.74081098E-01 3.24928499E-05 2.80023227E+01
1.18044872E+37 1.63439380E-07 1.44027081E-03 -3.74076350E-01 3.24928499E-05 2.80083295E+01
1.18863284E+37 1.64573552E-07 1.43034507E-03 -3.74071636E-01 3.24928499E-05 2.80143361E+01
1.19687371E+37 1.65715587E-07 1.42048779E-03 -3.74066954E-01 3.24928499E-05 2.80203428E+01
1.20517170E+37 1.66865540E-07 1.41069850E-03 -3.74062304E-01 3.24928499E-05 2.80263494E+01
1.21352723E+37 1.68023466E-07 1.40097674E-03 -3.74057686E-01 3.24928499E-05 2.80323559E+01
1.22194069E+37 1.69189420E-07 1.39132203E-03 -3.74053100E-01 3.24928499E-05 2.80383625E+01
1.23041248E+37 1.70363458E-07 1.38173392E-03 -3.74048546E-01 3.24928499E-05 2.80443689E+01
1.23894300E+37 1.71545635E-07 1.37221193E-03 -3.74044024E-01 3.24928499E-05 2.80503754E+01
1.24753267E+37 1.72736008E-07 1.36275563E-03 -3.74039532E-01 3.24928499E-05 2.80563818E+01
1.25618189E+37 1.73934635E-07 1.35336455E-03 -3.74035072E-01 3.24928499E-05 2.80623882E+01
1.26489107E+37 1.75141571E-07 1.34403823E-03 -3.74030642E-01 3.24928499E-05 2.80683945E+01
1.27366064E+37 1.76356875E-07 1.33477625E-03 -3.74026243E-01 3.24928499E-05 2.80744008E+01
1.28249100E+37 1.77580605E-07 1.32557814E-03 -3.74021874E-01 3.24928499E-05 2.80804071E+01
1.29138259E+37 1.78812819E-07 1.31644347E-03 -3.74017535E-01 3.24928499E-05 2.80864133E+01
1.30033583E+37 1.80053577E-07 1.30737180E-03 -3.74013227E-01 3.24928499E-05 2.80924196E+01
1.30935113E+37 1.81302936E-07 1.29836269E-03 -3.74008948E-01 3.24928499E-05 2.80984257E+01
1.31842894E+37 1.82560957E-07 1.28941572E-03 -3.74004699E-01 3.24928499E-05 2.81044319E+01
1.32756969E+37 1.83827700E-07 1.28053045E-03 -3.74000478E-01 3.24928499E-05 2.81104380E+01
1.33677381E+37 1.85103226E-07 1.27170646E-03 -3.73996288E-01 3.24928499E-05 2.81164440E+01
1.34604174E+37 1.86387595E-07 1.26294332E-03 -3.73992126E-01 3.24928499E-05 2.81224501E+01
1.35537393E+37 1.87680869E-07 1.25424061E-03 -3.73987992E-01 3.24928499E-05 2.81284561E+01
1.36477082E+37 1.88983108E-07 1.24559793E-03 -3.73983888E-01 3.24928499E-05 2.81344620E+01
1.37423286E+37 1.90294377E-07 1.23701484E-03 -3.73979811E-01 3.24928499E-05 2.81404680E+01
1.38376050E+37 1.91614736E-07 1.22849094E-03 -3.73975763E-01 3.24928499E-05 2.81464739E+01
1.39335419E+37 1.92944250E-07 1.22002583E-03 -3.73971743E-01 3.24928499E-05 2.81524797E+01
1.40301440E+37 1.94282981E-07 1.21161909E-03 -3.73967750E-01 3.24928499E-05 2.81584856E+01
1.41274159E+37 1.95630994E-07 1.20327032E-03 -3.73963785E-01 3.24928499E-05 2.81644914E+01
1.42253621E+37 1.96988352E-07 1.19497912E-03 -3.73959847E-01 3.24928499E-05 2.81704971E+01
1.43239874E+37 1.98355122E-07 1.18674510E-03 -3.73955937E-01 3.24928499E-05 2.81765029E+01
1.44232964E+37 1.99731367E-07 1.17856785E-03 -3.73952053E-01 3.24928499E-05 2.81825086E+01
1.45232940E+37 2.01117153E-07 1.17044700E-03 -3.73948197E-01 3.24928499E-05 2.81885143E+01
1.46239849E+37 2.02512548E-07 1.16238214E-03 -3.73944367E-01 3.24928499E-05 2.81945199E+01
1.47253739E+37 2.03917617E-07 1.15437289E-03 -3.73940563E-01 3.24928499E-05 2.82005255E+01
1.48274658E+37 2.05332427E-07 1.14641887E-03 -3.73936786E-01 3.24928499E-05 2.82065311E+01
1.49302655E+37 2.06757046E-07 1.13851969E-03 -3.73933034E-01 3.24928499E-05 2.82125367E+01
1.50337779E+37 2.08191542E-07 1.13067498E-03 -3.73929309E-01 3.24928499E-05 2.82185422E+01
1.51380080E+37 2.09635984E-07 1.12288436E-03 -3.73925609E-01 3.24928499E-05 2.82245477E+01
1.52429607E+37 2.11090440E-07 1.11514746E-03 -3.73921935E-01 3.24928499E-05 2.82305532E+01
1.53486411E+37 2.12554980E-07 1.10746391E-03 -3.73918286E-01 3.24928499E-05 2.82365586E+01
1.54550541E+37 2.14029673E-07 1.09983333E-03 -3.73914662E-01 3.24928499E-05 2.82425640E+01
1.55622050E+37 2.15514591E-07 1.09225536E-03 -3.73911064E-01 3.24928499E-05 2.82485694E+01
1.56700987E+37 2.17009804E-07 1.08472965E-03 -3.73907490E-01 3.24928499E-05 2.82545748E+01
1.57787404E+37 2.18515383E-07 1.07725582E-03 -3.73903940E-01 3.24928499E-05 2.82605801E+01
1.58881354E+37 2.20031400E-07 1.06983352E-03 -3.73900416E-01 3.24928499E-05 2.82665854E+01
1.59982888E+37 2.21557928E-07 1.06246240E-03 -3.73896915E-01 3.24928499E-05 2.82725906E+01
1.61092059E+37 2.23095040E-07 1.05514210E-03 -3.73893439E-01 3.24928499E-05 2.82785959E+01
1.62208920E+37 2.24642808E-07 1.04787226E-03 -3.73889987E-01 3.24928499E-05 2.82846011E+01
1.63333524E+37 2.26201308E-07 1.04065255E-03 -3.73886558E-01 3.24928499E-05 2.82906063E+01
1.64465925E+37 2.27770612E-07 1.03348262E-03 -3.73883153E-01 3.24928499E-05 2.82966114E+01
1.65606177E+37 2.29350796E-07 1.02636211E-03 -3.73879772E-01 3.24928499E-05 2.83026166E+01
1.66754335E+37 2.30941936E-07 1.01929070E-03 -3.73876414E-01 3.24928499E-05 2.83086217E+01
1.67910453E+37 2.32544108E-07 1.01226804E-03 -3.73873079E-01 3.24928499E-05 2.83146267E+01
1.69074586E+37 2.34157387E-07 1.00529379E-03 -3.73869767E-01 3.24928499E-05 2.83206318E+01
1.70246790E+37 2.35781852E-07 9.98367628E-04 -3.73866479E-01 3.24928499E-05 2.83266368E+01
1.71427121E+37 2.37417579E-07 9.91489212E-04 -3.73863212E-01 3.24928499E-05 2.83326418E+01
1.72615636E+37 2.39064646E-07 9.84658216E-04 -3.73859968E-01 3.24928499E-05 2.83386468E+01
1.73812391E+37 2.40723133E-07 9.77874312E-04 -3.73856747E-01 3.24928499E-05 2.83446517E+01
1.75017442E+37 2.42393118E-07 9.71137176E-04 -3.73853548E-01 3.24928499E-05 2.83506566E+01
1.76230849E+37 2.44074681E-07 9.64446484E-04 -3.73850371E-01 3.24928499E-05 2.83566615E+01
1.77452668E+37 2.45767903E-07 9.57801916E-04 -3.73847216E-01 3.24928499E-05 2.83626664E+01
1.78682958E+37 2.47472863E-07 9.51203153E-04 -3.73844082E-01 3.24928499E-05 2.83686712E+01
1.79921778E+37 2.49189645E-07 9.44649880E-04 -3.73840971E-01 3.24928499E-05 2.83746760E+01
1.81169186E+37 2.50918329E-07 9.38141782E-04 -3.73837880E-01 3.24928499E-05 2.83806808E+01
1.82425243E+37 2.52658998E-07 9.31678547E-04 -3.73834811E-01 3.24928499E-05 2.83866856E+01
1.83690008E+37 2.54411735E-07 9.25259867E-04 -3.73831763E-01 3.24928499E-05 2.83926903E+01
1.84963542E+37 2.56176624E-07 9.18885433E-04 -3.73828737E-01 3.24928499E-05 2.83986950E+01
1.86245906E+37 2.57953749E-07 9.12554940E-04 -3.73825731E-01 3.24928499E-05 2.84046997E+01
1.87537160E+37 2.59743195E-07 9.06268085E-04 -3.73822745E-01 3.24928499E-05 2.84107044E+01
1.88837366E+37 2.61545047E-07 9.00024567E-04 -3.73819781E-01 3.24928499E-05 2.84167090E+01
1.90146587E+37 2.63359392E-07 8.93824087E-04 -3.73816837E-01 3.24928499E-05 2.84227137E+01
1.91464885E+37 2.65186315E-07 8.87666347E-04 -3.73813913E-01 3.24928499E-05 2.84287183E+01
1.92792322E+37 2.67025905E-07 8.81551053E-04 -3.73811009E-01 3.24928499E-05 2.84347228E+01
1.94128963E+37 2.68878249E-07 8.75477911E-04 -3.73808125E-01 3.24928499E-05 2.84407274E+01
1.95474871E+37 2.70743435E-07 8.69446632E-04 -3.73805262E-01 3.24928499E-05 2.84467319E+01
1.96830110E+37 2.72621553E-07 8.63456925E-04 -3.73802418E-01 3.24928499E-05 2.84527364E+01
1.98194745E+37 2.74512692E-07 8.57508505E-04 -3.73799593E-01 3.24928499E-05 2.84587409E+01
1.99568841E+37 2.76416942E-07 8.51601086E-04 -3.73796788E-01 3.24928499E-05 2.84647454E+01
2.00952464E+37 2.78334394E-07 8.45734386E-04 -3.73794003E-01 3.24928499E-05 2.84707498E+01
2.02345679E+37 2.80265140E-07 8.39908122E-04 -3.73791236E-01 3.24928499E-05 2.84767542E+01
2.03748554E+37 2.82209273E-07 8.34122018E-04 -3.73788489E-01 3.24928499E-05 2.84827586E+01
2.05161155E+37 2.84166884E-07 8.28375794E-04 -3.73785761E-01 3.24928499E-05 2.84887630E+01
2.06583550E+37 2.86138067E-07 8.22669177E-04 -3.73783051E-01 3.24928499E-05 2.84947673E+01
2.08015806E+37 2.88122916E-07 8.17001892E-04 -3.73780360E-01 3.24928499E-05 2.85007717E+01
2.09457992E+37 2.90121527E-07 8.11373669E-04 -3.73777688E-01 3.24928499E-05 2.85067760E+01
2.10910177E+37 2.92133994E-07 8.05784238E-04 -3.73775034E-01 3.24928499E-05 2.85127802E+01
2.12372430E+37 2.94160414E-07 8.00233331E-04 -3.73772398E-01 3.24928499E-05 2.85187845E+01
2.13844821E+37 2.96200883E-07 7.94720683E-04 -3.73769781E-01 3.24928499E-05 2.85247887E+01
2.15327420E+37 2.98255499E-07 7.89246029E-04 -3.73767182E-01 3.24928499E-05 2.85307930E+01
2.16820298E+37 3.00324359E-07 7.83809108E-04 -3.73764600E-01 3.24928499E-05 2.85367972E+01
2.18323526E+37 3.02407563E-07 7.78409659E-04 -3.73762036E-01 3.24928499E-05 2.85428013E+01
2.19837176E+37 3.04505210E-07 7.73047423E-04 -3.73759491E-01 3.24928499E-05 2.85488055E+01
2.21361321E+37 3.06617400E-07 7.67722145E-04 -3.73756962E-01 3.24928499E-05 2.85548096E+01
2.22896032E+37 3.08744234E-07 7.62433568E-04 -3.73754451E-01 3.24928499E-05 2.85608138E+01
2.24441384E+37 3.10885814E-07 7.57181440E-04 -3.73751958E-01 3.24928499E-05 2.85668179E+01
2.25997449E+37 3.13042241E-07 7.51965509E-04 -3.73749481E-01 3.24928499E-05 2.85728219E+01
2.27564303E+37 3.15213618E-07 7.46785526E-04 -3.73747022E-01 3.24928499E-05 2.85788260E+01
2.29142020E+37 3.17400051E-07 7.41641243E-04 -3.73744579E-01 3.24928499E-05 2.85848300E+01
2.30730676E+37 3.19601641E-07 7.36532412E-04 -3.73742154E-01 3.24928499E-05 2.85908340E+01
2.32330345E+37 3.21818496E-07 7.31458791E-04 -3.73739745E-01 3.24928499E-05 2.85968380E+01
2.33941106E+37 3.24050720E-07 7.26420135E-04 -3.73737353E-01 3.24928499E-05 2.86028420E+01
2.35563033E+37 3.26298420E-07 7.21416204E-04 -3.73734977E-01 3.24928499E-05 2.86088460E+01
2.37196206E+37 3.28561704E-07 7.16446759E-04 -3.73732618E-01 3.24928499E-05 2.86148499E+01
2.38840702E+37 3.30840679E-07 7.11511560E-04 -3.73730274E-01 3.24928499E-05 2.86208539E+01
2.40496599E+37 3.33135455E-07 7.06610373E-04 -3.73727947E-01 3.24928499E-05 2.86268578E+01
2.42163976E+37 3.35446140E-07 7.01742962E-04 -3.73725637E-01 3.24928499E-05 2.86328616E+01
2.43842914E+37 3.37772845E-07 6.96909095E-04 -3.73723342E-01 3.24928499E-05 2.86388655E+01
2.45533491E+37 3.40115682E-07 6.92108540E-04 -3.73721062E-01 3.24928499E-05 2.86448694E+01
2.47235790E+37 3.42474762E-07 6.87341067E-04 -3.73718799E-01 3.24928499E-05 2.86508732E+01
2.48949890E+37 3.44850197E-07 6.82606448E-04 -3.73716551E-01 3.24928499E-05 2.86568770E+01
2.50675875E+37 3.47242101E-07 6.77904457E-04 -3.73714319E-01 3.24928499E-05 2.86628808E+01
2.52413826E+37 3.49650589E-07 6.73234868E-04 -3.73712102E-01 3.24928499E-05 2.86688846E+01
2.54163826E+37 3.52075774E-07 6.68597458E-04 -3.73709900E-01 3.24928499E-05 2.86748883E+01
2.55925959E+37 3.54517774E-07 6.63992006E-04 -3.73707714E-01 3.24928499E-05 2.86808921E+01
2.57700309E+37 3.56976704E-07 6.59418290E-04 -3.73705542E-01 3.24928499E-05 2.86868958E+01
2.59486961E+37 3.59452682E-07 6.54876092E-04 -3.73703386E-01 3.24928499E-05 2.86928995E+01
2.61286000E+37 3.61945827E-07 6.50365195E-04 -3.73701244E-01 3.24928499E-05 2.86989032E+01
2.63097511E+37 3.64456256E-07 6.45885382E-04 -3.73699117E-01 3.24928499E-05 2.87049069E+01
2.64921582E+37 3.66984090E-07 6.41436439E-04 -3.73697005E-01 3.24928499E-05 2.87109105E+01
2.66758300E+37 3.69529450E-07 6.37018153E-04 -3.73694908E-01 3.24928499E-05 2.87169142E+01
2.68607751E+37 3.72092457E-07 6.32630314E-04 -3.73692825E-01 3.24928499E-05 2.87229178E+01
2.70470025E+37 3.74673234E-07 6.28272710E-04 -3.73690756E-01 3.24928499E-05 2.87289214E+01
2.72345210E+37 3.77271903E-07 6.23945134E-04 -3.73688701E-01 3.24928499E-05 2.87349250E+01
2.74233395E+37 3.79888589E-07 6.19647378E-04 -3.73686661E-01 3.24928499E-05 2.87409285E+01
2.76134672E+37 3.82523416E-07 6.15379237E-04 -3.73684635E-01 3.24928499E-05 2.87469321E+01
2.78049130E+37 3.85176511E-07 6.11140506E-04 -3.73682622E-01 3.24928499E-05 2.87529356E+01
2.79976862E+37 3.87848000E-07 6.06930982E-04 -3.73680624E-01 3.24928499E-05 2.87589392E+01
2.81917958E+37 3.90538011E-07 6.02750465E-04 -3.73678639E-01 3.24928499E-05 2.87649427E+01
2.83872512E+37 3.93246672E-07 5.98598755E-04 -3.73676668E-01 3.24928499E-05 2.87709462E+01
2.85840618E+37 3.95974112E-07 5.94475651E-04 -3.73674711E-01 3.24928499E-05 2.87769496E+01
2.87822368E+37 3.98720461E-07 5.90380958E-04 -3.73672767E-01 3.24928499E-05 2.87829531E+01
2.89817858E+37 4.01485851E-07 5.86314480E-04 -3.73670836E-01 3.24928499E-05 2.87889565E+01
2.91827182E+37 4.04270414E-07 5.82276021E-04 -3.73668919E-01 3.24928499E-05 2.87949600E+01
2.93850438E+37 4.07074282E-07 5.78265388E-04 -3.73667015E-01 3.24928499E-05 2.88009634E+01
2.95887721E+37 4.09897590E-07 5.74282391E-04 -3.73665124E-01 3.24928499E-05 2.88069668E+01
2.97939128E+37 4.12740472E-07 5.70326838E-04 -3.73663247E-01 3.24928499E-05 2.88129702E+01
3.00004758E+37 4.15603063E-07 5.66398539E-04 -3.73661382E-01 3.24928499E-05 2.88189735E+01
3.02084709E+37 4.18485501E-07 5.62497308E-04 -3.73659530E-01 3.24928499E-05 2.88249769E+01
3.04179080E+37 4.21387924E-07 5.58622957E-04 -3.73657690E-01 3.24928499E-05 2.88309802E+01
3.06287972E+37 4.24310469E-07 5.54775301E-04 -3.73655864E-01 3.24928499E-05 2.88369835E+01
3.08411485E+37 4.27253276E-07 5.50954156E-04 -3.73654050E-01 3.24928499E-05 2.88429869E+01
3.10549721E+37 4.30216486E-07 5.47159339E-04 -3.73652248E-01 3.24928499E-05 2.88489901E+01
3.12702781E+37 4.33200240E-07 5.43390669E-04 -3.73650459E-01 3.24928499E-05 2.88549934E+01
3.14870768E+37 4.36204680E-07 5.39647965E-04 -3.73648683E-01 3.24928499E-05 2.88609967E+01
3.17053786E+37 4.39229950E-07 5.35931049E-04 -3.73646918E-01 3.24928499E-05 2.88669999E+01
3.19251939E+37 4.42276195E-07 5.32239742E-04 -3.73645166E-01 3.24928499E-05 2.88730032E+01
3.21465332E+37 4.45343560E-07 5.28573868E-04 -3.73643425E-01 3.24928499E-05 2.88790064E+01
3.23694070E+37 4.48432191E-07 5.24933251E-04 -3.73641697E-01 3.24928499E-05 2.88850096E+01
3.25938261E+37 4.51542235E-07 5.21317719E-04 -3.73639981E-01 3.24928499E-05 2.88910128E+01
3.28198010E+37 4.54673842E-07 5.17727096E-04 -3.73638276E-01 3.24928499E-05 2.88970160E+01
3.30473427E+37 4.57827160E-07 5.14161213E-04 -3.73636583E-01 3.24928499E-05 2.89030192E+01
3.32764619E+37 4.61002341E-07 5.10619898E-04 -3.73634902E-01 3.24928499E-05 2.89090223E+01
3.35071696E+37 4.64199535E-07 5.07102981E-04 -3.73633233E-01 3.24928499E-05 2.89150254E+01
3.37394769E+37 4.67418895E-07 5.03610296E-04 -3.73631575E-01 3.24928499E-05 2.89210286E+01
3.39733947E+37 4.70660576E-07 5.00141673E-04 -3.73629928E-01 3.24928499E-05 2.89270317E+01
3.42089343E+37 4.73924731E-07 4.96696949E-04 -3.73628293E-01 3.24928499E-05 2.89330348E+01
3.44461069E+37 4.77211517E-07 4.93275958E-04 -3.73626669E-01 3.24928499E-05 2.89390379E+01
3.46849238E+37 4.80521090E-07 4.89878536E-04 -3.73625056E-01 3.24928499E-05 2.89450410E+01
3.49253965E+37 4.83853609E-07 4.86504521E-04 -3.73623455E-01 3.24928499E-05 2.89510440E+01
3.51675364E+37 4.87209232E-07 4.83153751E-04 -3.73621864E-01 3.24928499E-05 2.89570471E+01
3.54113550E+37 4.90588120E-07 4.79826066E-04 -3.73620284E-01 3.24928499E-05 2.89630501E+01
3.56568641E+37 4.93990434E-07 4.76521308E-04 -3.73618715E-01 3.24928499E-05 2.89690531E+01
3.59040753E+37 4.97416337E-07 4.73239318E-04 -3.73617157E-01 3.24928499E-05 2.89750561E+01
3.61530004E+37 5.00865991E-07 4.69979939E-04 -3.73615610E-01 3.24928499E-05 2.89810591E+01
3.64036513E+37 5.04339562E-07 4.66743015E-04 -3.73614074E-01 3.24928499E-05 2.89870621E+01
3.66560400E+37 5.07837216E-07 4.63528391E-04 -3.73612548E-01 3.24928499E-05 2.89930651E+01
3.69101785E+37 5.11359119E-07 4.60335915E-04 -3.73611032E-01 3.24928499E-05 2.89990681E+01
3.71660790E+37 5.14905440E-07 4.57165432E-04 -3.73609527E-01 3.24928499E-05 2.90050710E+01
3.74237537E+37 5.18476347E-07 4.54016792E-04 -3.73608033E-01 3.24928499E-05 2.90110739E+01
3.76832148E+37 5.22072012E-07 4.50889843E-04 -3.73606548E-01 3.24928499E-05 2.90170769E+01
3.79444748E+37 5.25692606E-07 4.47784437E-04 -3.73605074E-01 3.24928499E-05 2.90230798E+01
3.82075462E+37 5.29338302E-07 4.44700425E-04 -3.73603610E-01 3.24928499E-05 2.90290827E+01
3.84724414E+37 5.33009273E-07 4.41637660E-04 -3.73602156E-01 3.24928499E-05 2.90350856E+01
3.87391731E+37 5.36705696E-07 4.38595994E-04 -3.73600712E-01 3.24928499E-05 2.90410885E+01
3.90077542E+37 5.40427746E-07 4.35575282E-04 -3.73599279E-01 3.24928499E-05 2.90470913E+01
3.92781973E+37 5.44175601E-07 4.32575381E-04 -3.73597855E-01 3.24928499E-05 2.90530942E+01
3.95505154E+37 5.47949440E-07 4.29596146E-04 -3.73596440E-01 3.24928499E-05 2.90590970E+01
3.98247215E+37 5.51749444E-07 4.26637436E-04 -3.73595036E-01 3.24928499E-05 2.90650999E+01
4.01008287E+37 5.55575793E-07 4.23699108E-04 -3.73593641E-01 3.24928499E-05 2.90711027E+01
4.03788501E+37 5.59428671E-07 4.20781022E-04 -3.73592256E-01 3.24928499E-05 2.90771055E+01
4.06587991E+37 5.63308260E-07 4.17883039E-04 -3.73590880E-01 3.24928499E-05 2.90831083E+01
4.09406891E+37 5.67214748E-07 4.15005020E-04 -3.73589514E-01 3.24928499E-05 2.90891111E+01
4.12245333E+37 5.71148319E-07 4.12146828E-04 -3.73588157E-01 3.24928499E-05 2.90951139E+01
4.15103455E+37 5.75109162E-07 4.09308325E-04 -3.73586810E-01 3.24928499E-05 2.91011166E+01
4.17981392E+37 5.79097465E-07 4.06489377E-04 -3.73585472E-01 3.24928499E-05 2.91071194E+01
4.20879282E+37 5.83113420E-07 4.03689848E-04 -3.73584143E-01 3.24928499E-05 2.91131221E+01
4.23797264E+37 5.87157217E-07 4.00909605E-04 -3.73582823E-01 3.24928499E-05 2.91191249E+01
4.26735476E+37 5.91229051E-07 3.98148514E-04 -3.73581513E-01 3.24928499E-05 2.91251276E+01
4.29694059E+37 5.95329115E-07 3.95406443E-04 -3.73580211E-01 3.24928499E-05 2.91311303E+01
4.32673153E+37 5.99457604E-07 3.92683263E-04 -3.73578918E-01 3.24928499E-05 2.91371330E+01
4.35672902E+37 6.03614717E-07 3.89978841E-04 -3.73577635E-01 3.24928499E-05 2.91431357E+01
4.38693449E+37 6.07800652E-07 3.87293050E-04 -3.73576360E-01 3.24928499E-05 2.91491384E+01
4.41734937E+37 6.12015607E-07 3.84625760E-04 -3.73575094E-01 3.24928499E-05 2.91551410E+01
4.44797512E+37 6.16259785E-07 3.81976844E-04 -3.73573836E-01 3.24928499E-05 2.91611437E+01
4.47881320E+37 6.20533389E-07 3.79346176E-04 -3.73572588E-01 3.24928499E-05 2.91671464E+01
4.50986508E+37 6.24836621E-07 3.76733629E-04 -3.73571347E-01 3.24928499E-05 2.91731490E+01
4.54113225E+37 6.29169688E-07 3.74139079E-04 -3.73570116E-01 3.24928499E-05 2.91791516E+01
4.57261619E+37 6.33532797E-07 3.71562402E-04 -3.73568893E-01 3.24928499E-05 2.91851543E+01
4.60431841E+37 6.37926155E-07 3.69003475E-04 -3.73567678E-01 3.24928499E-05 2.91911569E+01
4.63624043E+37 6.42349972E-07 3.66462175E-04 -3.73566472E-01 3.24928499E-05 2.91971595E+01
4.66838376E+37 6.46804461E-07 3.63938381E-04 -3.73565274E-01 3.24928499E-05 2.92031621E+01
4.70074995E+37 6.51289832E-07 3.61431971E-04 -3.73564084E-01 3.24928499E-05 2.92091646E+01
4.73334053E+37 6.55806301E-07 3.58942828E-04 -3.73562903E-01 3.24928499E-05 2.92151672E+01
4.76615707E+37 6.60354082E-07 3.56470830E-04 -3.73561729E-01 3.24928499E-05 2.92211698E+01
4.79920112E+37 6.64933394E-07 3.54015861E-04 -3.73560564E-01 3.24928499E-05 2.92271723E+01
4.83247427E+37 6.69544455E-07 3.51577802E-04 -3.73559407E-01 3.24928499E-05 2.92331749E+01
4.86597811E+37 6.74187484E-07 3.49156538E-04 -3.73558257E-01 3.24928499E-05 2.92391774E+01
4.89971423E+37 6.78862703E-07 3.46751953E-04 -3.73557116E-01 3.24928499E-05 2.92451799E+01
4.93368424E+37 6.83570336E-07 3.44363931E-04 -3.73555983E-01 3.24928499E-05 2.92511825E+01
4.96788977E+37 6.88310608E-07 3.41992358E-04 -3.73554857E-01 3.24928499E-05 2.92571850E+01
5.00233245E+37 6.93083744E-07 3.39637122E-04 -3.73553739E-01 3.24928499E-05 2.92631875E+01
5.03701392E+37 6.97889972E-07 3.37298109E-04 -3.73552629E-01 3.24928499E-05 2.92691900E+01
5.07193584E+37 7.02729523E-07 3.34975208E-04 -3.73551526E-01 3.24928499E-05 2.92751924E+01
5.10709988E+37 7.07602626E-07 3.32668307E-04 -3.73550431E-01 3.24928499E-05 2.92811949E+01
5.14250771E+37 7.12509515E-07 3.30377298E-04 -3.73549344E-01 3.24928499E-05 2.92871974E+01
5.17816103E+37 7.17450423E-07 3.28102069E-04 -3.73548264E-01 3.24928499E-05 2.92931998E+01
5.21406153E+37 7.22425587E-07 3.25842512E-04 -3.73547191E-01 3.24928499E-05 2.92992023E+01
5.25021093E+37 7.27435244E-07 3.23598519E-04 -3.73546126E-01 3.24928499E-05 2.93052047E+01
5.28661096E+37 7.32479634E-07 3.21369984E-04 -3.73545068E-01 3.24928499E-05 2.93112072E+01
5.32326336E+37 7.37558996E-07 3.19156798E-04 -3.73544018E-01 3.24928499E-05 2.93172096E+01
5.36016986E+37 7.42673575E-07 3.16958858E-04 -3.73542974E-01 3.24928499E-05 2.93232120E+01
5.39733224E+37 7.47823612E-07 3.14776057E-04 -3.73541938E-01 3.24928499E-05 2.93292144E+01
5.43475227E+37 7.53009356E-07 3.12608291E-04 -3.73540909E-01 3.24928499E-05 2.93352168E+01
5.47243174E+37 7.58231052E-07 3.10455457E-04 -3.73539888E-01 3.24928499E-05 2.93412192E+01
5.51037244E+37 7.63488951E-07 3.08317452E-04 -3.73538873E-01 3.24928499E-05 2.93472216E+01
5.54857618E+37 7.68783303E-07 3.06194173E-04 -3.73537865E-01 3.24928499E-05 2.93532239E+01
5.58704479E+37 7.74114361E-07 3.04085520E-04 -3.73536864E-01 3.24928499E-05 2.93592263E+01
5.62578011E+37 7.79482379E-07 3.01991391E-04 -3.73535870E-01 3.24928499E-05 2.93652287E+01
5.66478398E+37 7.84887615E-07 2.99911686E-04 -3.73534883E-01 3.24928499E-05 2.93712310E+01
5.70405827E+37 7.90330325E-07 2.97846306E-04 -3.73533903E-01 3.24928499E-05 2.93772333E+01
5.74360485E+37 7.95810770E-07 2.95795152E-04 -3.73532929E-01 3.24928499E-05 2.93832357E+01
5.78342561E+37 8.01329211E-07 2.93758127E-04 -3.73531962E-01 3.24928499E-05 2.93892380E+01
5.82352245E+37 8.06885912E-07 2.91735132E-04 -3.73531002E-01 3.24928499E-05 2.93952403E+01
5.86389728E+37 8.12481137E-07 2.89726071E-04 -3.73530048E-01 3.24928499E-05 2.94012426E+01
5.90455203E+37 8.18115155E-07 2.87730849E-04 -3.73529101E-01 3.24928499E-05 2.94072449E+01
5.94548865E+37 8.23788234E-07 2.85749369E-04 -3.73528161E-01 3.24928499E-05 2.94132472E+01
5.98670908E+37 8.29500644E-07 2.83781537E-04 -3.73527227E-01 3.24928499E-05 2.94192495E+01
6.02821529E+37 8.35252660E-07 2.81827259E-04 -3.73526299E-01 3.24928499E-05 2.94252518E+01
6.07000927E+37 8.41044554E-07 2.79886442E-04 -3.73525378E-01 3.24928499E-05 2.94312541E+01
6.11209301E+37 8.46876603E-07 2.77958993E-04 -3.73524463E-01 3.24928499E-05 2.94372563E+01
6.15446852E+37 8.52749087E-07 2.76044820E-04 -3.73523555E-01 3.24928499E-05 2.94432586E+01
6.19713782E+37 8.58662285E-07 2.74143831E-04 -3.73522652E-01 3.24928499E-05 2.94492608E+01
6.24010295E+37 8.64616479E-07 2.72255935E-04 -3.73521756E-01 3.24928499E-05 2.94552631E+01
6.28336596E+37 8.70611955E-07 2.70381043E-04 -3.73520866E-01 3.24928499E-05 2.94612653E+01
6.32692892E+37 8.76648997E-07 2.68519064E-04 -3.73519983E-01 3.24928499E-05 2.94672675E+01
6.37079390E+37 8.82727894E-07 2.66669910E-04 -3.73519105E-01 3.24928499E-05 2.94732697E+01
6.41496300E+37 8.88848937E-07 2.64833492E-04 -3.73518233E-01 3.24928499E-05 2.94792720E+01
6.45943832E+37 8.95012417E-07 2.63009723E-04 -3.73517368E-01 3.24928499E-05 2.94852742E+01
6.50422200E+37 9.01218630E-07 2.61198515E-04 -3.73516508E-01 3.24928499E-05 2.94912764E+01
6.54931616E+37 9.07467870E-07 2.59399782E-04 -3.73515654E-01 3.24928499E-05 2.94972786E+01
6.59472296E+37 9.13760436E-07 2.57613438E-04 -3.73514806E-01 3.24928499E-05 2.95032807E+01
6.64044458E+37 9.20096629E-07 2.55839398E-04 -3.73513964E-01 3.24928499E-05 2.95092829E+01
6.68648318E+37 9.26476752E-07 2.54077577E-04 -3.73513128E-01 3.24928499E-05 2.95152851E+01
6.73284097E+37 9.32901108E-07 2.52327890E-04 -3.73512298E-01 3.24928499E-05 2.95212873E+01
6.77952016E+37 9.39370005E-07 2.50590254E-04 -3.73511473E-01 3.24928499E-05 2.95272894E+01
6.82652298E+37 9.45883751E-07 2.48864586E-04 -3.73510654E-01 3.24928499E-05 2.95332916E+01
6.87385168E+37 9.52442657E-07 2.47150803E-04 -3.73509840E-01 3.24928499E-05 2.95392937E+01
6.92150851E+37 9.59047036E-07 2.45448825E-04 -3.73509033E-01 3.24928499E-05 2.95452959E+01
6.96949574E+37 9.65697204E-07 2.43758568E-04 -3.73508230E-01 3.24928499E-05 2.95512980E+01
7.01781567E+37 9.72393478E-07 2.42079953E-04 -3.73507434E-01 3.24928499E-05 2.95573001E+01
7.06647061E+37 9.79136178E-07 2.40412900E-04 -3.73506642E-01 3.24928499E-05 2.95633022E+01
7.11546288E+37 9.85925625E-07 2.38757328E-04 -3.73505857E-01 3.24928499E-05 2.95693044E+01
7.16479481E+37 9.92762144E-07 2.37113159E-04 -3.73505076E-01 3.24928499E-05 2.95753065E+01
7.21446877E+37 9.99646061E-07 2.35480314E-04 -3.73504301E-01 3.24928499E-05 2.95813086E+01
7.26448711E+37 1.00657770E-06 2.33858714E-04 -3.73503532E-01 3.24928499E-05 2.95873107E+01
7.31485224E+37 1.01355741E-06 2.32248284E-04 -3.73502767E-01 3.24928499E-05 2.95933128E+01
7.36556655E+37 1.02058550E-06 2.30648945E-04 -3.73502008E-01 3.24928499E-05 2.95993148E+01
7.41663247E+37 1.02766232E-06 2.29060621E-04 -3.73501254E-01 3.24928499E-05 2.96053169E+01
7.46805243E+37 1.03478820E-06 2.27483236E-04 -3.73500506E-01 3.24928499E-05 2.96113190E+01
7.51982889E+37 1.04196348E-06 2.25916716E-04 -3.73499762E-01 3.24928499E-05 2.96173210E+01
7.57196431E+37 1.04918852E-06 2.24360984E-04 -3.73499024E-01 3.24928499E-05 2.96233231E+01
7.62446120E+37 1.05646364E-06 2.22815967E-04 -3.73498290E-01 3.24928499E-05 2.96293252E+01
7.67732205E+37 1.06378920E-06 2.21281592E-04 -3.73497562E-01 3.24928499E-05 2.96353272E+01
7.73054938E+37 1.07116555E-06 2.19757783E-04 -3.73496839E-01 3.24928499E-05 2.96413292E+01
7.78414575E+37 1.07859305E-06 2.18244470E-04 -3.73496121E-01 3.24928499E-05 2.96473313E+01
7.83811370E+37 1.08607203E-06 2.16741579E-04 -3.73495407E-01 3.24928499E-05 2.96533333E+01
7.89245581E+37 1.09360287E-06 2.15249039E-04 -3.73494699E-01 3.24928499E-05 2.96593353E+01
7.94717469E+37 1.10118593E-06 2.13766778E-04 -3.73493995E-01 3.24928499E-05 2.96653374E+01
8.00227293E+37 1.10882155E-06 2.12294726E-04 -3.73493297E-01 3.24928499E-05 2.96713394E+01
8.05775317E+37 1.11651012E-06 2.10832812E-04 -3.73492603E-01 3.24928499E-05 2.96773414E+01
8.11361806E+37 1.12425198E-06 2.09380967E-04 -3.73491914E-01 3.24928499E-05 2.96833434E+01
8.16987026E+37 1.13204753E-06 2.07939121E-04 -3.73491230E-01 3.24928499E-05 2.96893454E+01
8.22651246E+37 1.13989712E-06 2.06507205E-04 -3.73490550E-01 3.24928499E-05 2.96953474E+01
8.28354737E+37 1.14780113E-06 2.05085150E-04 -3.73489875E-01 3.24928499E-05 2.97013493E+01
8.34097770E+37 1.15575994E-06 2.03672890E-04 -3.73489205E-01 3.24928499E-05 2.97073513E+01
8.39880620E+37 1.16377393E-06 2.02270356E-04 -3.73488539E-01 3.24928499E-05 2.97133533E+01
8.45703563E+37 1.17184349E-06 2.00877481E-04 -3.73487878E-01 3.24928499E-05 2.97193553E+01
8.51566877E+37 1.17996898E-06 1.99494199E-04 -3.73487221E-01 3.24928499E-05 2.97253572E+01
8.57470841E+37 1.18815082E-06 1.98120444E-04 -3.73486569E-01 3.24928499E-05 2.97313592E+01
8.63415738E+37 1.19638938E-06 1.96756150E-04 -3.73485922E-01 3.24928499E-05 2.97373611E+01
8.69401852E+37 1.20468505E-06 1.95401252E-04 -3.73485279E-01 3.24928499E-05 2.97433631E+01
8.75429467E+37 1.21303824E-06 1.94055685E-04 -3.73484640E-01 3.24928499E-05 2.97493650E+01
8.81498872E+37 1.22144935E-06 1.92719386E-04 -3.73484006E-01 3.24928499E-05 2.97553670E+01
8.87610357E+37 1.22991877E-06 1.91392289E-04 -3.73483376E-01 3.24928499E-05 2.97613689E+01
8.93764213E+37 1.23844691E-06 1.90074332E-04 -3.73482751E-01 3.24928499E-05 2.97673708E+01
8.99960734E+37 1.24703417E-06 1.88765451E-04 -3.73482129E-01 3.24928499E-05 2.97733728E+01
9.06200216E+37 1.25568097E-06 1.87465585E-04 -3.73481512E-01 3.24928499E-05 2.97793747E+01
9.12482957E+37 1.26438772E-06 1.86174671E-04 -3.73480900E-01 3.24928499E-05 2.97853766E+01
9.18809256E+37 1.27315483E-06 1.84892648E-04 -3.73480291E-01 3.24928499E-05 2.97913785E+01
9.25179416E+37 1.28198273E-06 1.83619453E-04 -3.73479687E-01 3.24928499E-05 2.97973804E+01
9.31593741E+37 1.29087183E-06 1.82355028E-04 -3.73479087E-01 3.24928499E-05 2.98033823E+01
9.38052537E+37 1.29982256E-06 1.81099310E-04 -3.73478491E-01 3.24928499E-05 2.98093842E+01
9.44556111E+37 1.30883534E-06 1.79852240E-04 -3.73477899E-01 3.24928499E-05 2.98153861E+01
9.51104776E+37 1.31791061E-06 1.78613758E-04 -3.73477311E-01 3.24928499E-05 2.98213880E+01
9.57698843E+37 1.32704881E-06 1.77383806E-04 -3.73476727E-01 3.24928499E-05 2.98273898E+01
9.64338626E+37 1.33625035E-06 1.76162324E-04 -3.73476148E-01 3.24928499E-05 2.98333917E+01
9.71024444E+37 1.34551569E-06 1.74949255E-04 -3.73475572E-01 3.24928499E-05 2.98393936E+01
9.77756615E+37 1.35484527E-06 1.73744540E-04 -3.73475000E-01 3.24928499E-05 2.98453954E+01
9.84535461E+37 1.36423953E-06 1.72548121E-04 -3.73474432E-01 3.24928499E-05 2.98513973E+01
9.91361304E+37 1.37369892E-06 1.71359942E-04 -3.73473868E-01 3.24928499E-05 2.98573992E+01
9.98234472E+37 1.38322390E-06 1.70179946E-04 -3.73473308E-01 3.24928499E-05 2.98634010E+01
1.00515529E+38 1.39281491E-06 1.69008076E-04 -3.73472752E-01 3.24928499E-05 2.98694029E+01
1.01212409E+38 1.40247242E-06 1.67844276E-04 -3.73472200E-01 3.24928499E-05 2.98754047E+01
1.01914121E+38 1.41219688E-06 1.66688492E-04 -3.73471651E-01 3.24928499E-05 2.98814065E+01
1.02620698E+38 1.42198876E-06 1.65540667E-04 -3.73471107E-01 3.24928499E-05 2.98874084E+01
1.03332173E+38 1.43184853E-06 1.64400746E-04 -3.73470566E-01 3.24928499E-05 2.98934102E+01
1.04048582E+38 1.44177666E-06 1.63268677E-04 -3.73470028E-01 3.24928499E-05 2.98994120E+01
1.04769957E+38 1.45177363E-06 1.62144403E-04 -3.73469495E-01 3.24928499E-05 2.99054139E+01
1.05496333E+38 1.46183990E-06 1.61027872E-04 -3.73468965E-01 3.24928499E-05 2.99114157E+01
1.06227745E+38 1.47197596E-06 1.59919030E-04 -3.73468438E-01 3.24928499E-05 2.99174175E+01
1.06964229E+38 1.48218229E-06 1.58817825E-04 -3.73467916E-01 3.24928499E-05 2.99234193E+01
1.07705818E+38 1.49245939E-06 1.57724203E-04 -3.73467397E-01 3.24928499E-05 2.99294211E+01
1.08452549E+38 1.50280774E-06 1.56638113E-04 -3.73466881E-01 3.24928499E-05 2.99354229E+01
1.09204457E+38 1.51322783E-06 1.55559502E-04 -3.73466369E-01 3.24928499E-05 2.99414247E+01
1.09961578E+38 1.52372017E-06 1.54488319E-04 -3.73465861E-01 3.24928499E-05 2.99474265E+01
1.10723949E+38 1.53428525E-06 1.53424514E-04 -3.73465356E-01 3.24928499E-05 2.99534283E+01
1.11491604E+38 1.54492358E-06 1.52368034E-04 -3.73464855E-01 3.24928499E-05 2.99594301E+01
1.12264582E+38 1.55563566E-06 1.51318830E-04 -3.73464357E-01 3.24928499E-05 2.99654318E+01
1.13042920E+38 1.56642202E-06 1.50276851E-04 -3.73463862E-01 3.24928499E-05 2.99714336E+01
1.13826653E+38 1.57728315E-06 1.49242048E-04 -3.73463371E-01 3.24928499E-05 2.99774354E+01
1.14615820E+38 1.58821959E-06 1.48214371E-04 -3.73462883E-01 3.24928499E-05 2.99834371E+01
1.15410458E+38 1.59923185E-06 1.47193772E-04 -3.73462399E-01 3.24928499E-05 2.99894389E+01
1.16210606E+38 1.61032045E-06 1.46180201E-04 -3.73461918E-01 3.24928499E-05 2.99954407E+01
1.17016301E+38 1.62148594E-06 1.45173610E-04 -3.73461440E-01 3.24928499E-05 3.00014424E+01
1.17827582E+38 1.63272884E-06 1.44173951E-04 -3.73460966E-01 3.24928499E-05 3.00074442E+01
1.18644488E+38 1.64404968E-06 1.43181177E-04 -3.73460495E-01 3.24928499E-05 3.00134459E+01
1.19467057E+38 1.65544901E-06 1.42195239E-04 -3.73460027E-01 3.24928499E-05 3.00194477E+01
1.20295330E+38 1.66692738E-06 1.41216091E-04 -3.73459562E-01 3.24928499E-05 3.00254494E+01
1.21129344E+38 1.67848532E-06 1.40243685E-04 -3.73459100E-01 3.24928499E-05 3.00314511E+01
1.21969141E+38 1.69012340E-06 1.39277977E-04 -3.73458642E-01 3.24928499E-05 3.00374529E+01
1.22814761E+38 1.70184217E-06 1.38318919E-04 -3.73458187E-01 3.24928499E-05 3.00434546E+01
1.23666243E+38 1.71364218E-06 1.37366465E-04 -3.73457735E-01 3.24928499E-05 3.00494563E+01
1.24523628E+38 1.72552400E-06 1.36420570E-04 -3.73457286E-01 3.24928499E-05 3.00554581E+01
1.25386958E+38 1.73748820E-06 1.35481190E-04 -3.73456840E-01 3.24928499E-05 3.00614598E+01
1.26256274E+38 1.74953535E-06 1.34548278E-04 -3.73456397E-01 3.24928499E-05 3.00674615E+01
1.27131616E+38 1.76166602E-06 1.33621791E-04 -3.73455958E-01 3.24928499E-05 3.00734632E+01
1.28013027E+38 1.77388079E-06 1.32701684E-04 -3.73455521E-01 3.24928499E-05 3.00794649E+01
1.28900549E+38 1.78618025E-06 1.31787913E-04 -3.73455087E-01 3.24928499E-05 3.00854666E+01
1.29794224E+38 1.79856498E-06 1.30880435E-04 -3.73454657E-01 3.24928499E-05 3.00914683E+01
1.30694096E+38 1.81103558E-06 1.29979207E-04 -3.73454229E-01 3.24928499E-05 3.00974700E+01
1.31600206E+38 1.82359263E-06 1.29084184E-04 -3.73453804E-01 3.24928499E-05 3.01034717E+01
1.32512598E+38 1.83623675E-06 1.28195326E-04 -3.73453382E-01 3.24928499E-05 3.01094734E+01
1.33431316E+38 1.84896853E-06 1.27312588E-04 -3.73452963E-01 3.24928499E-05 3.01154751E+01
1.34356403E+38 1.86178857E-06 1.26435929E-04 -3.73452547E-01 3.24928499E-05 3.01214768E+01
1.35287904E+38 1.87469750E-06 1.25565307E-04 -3.73452134E-01 3.24928499E-05 3.01274784E+01
1.36225863E+38 1.88769593E-06 1.24700681E-04 -3.73451724E-01 3.24928499E-05 3.01334801E+01
1.37170325E+38 1.90078448E-06 1.23842009E-04 -3.73451316E-01 3.24928499E-05 3.01394818E+01
1.38121335E+38 1.91396377E-06 1.22989250E-04 -3.73450911E-01 3.24928499E-05 3.01454835E+01
1.39078939E+38 1.92723443E-06 1.22142363E-04 -3.73450510E-01 3.24928499E-05 3.01514851E+01
1.40043182E+38 1.94059710E-06 1.21301309E-04 -3.73450110E-01 3.24928499E-05 3.01574868E+01
1.41014110E+38 1.95405241E-06 1.20466046E-04 -3.73449714E-01 3.24928499E-05 3.01634885E+01
1.41991769E+38 1.96760102E-06 1.19636535E-04 -3.73449320E-01 3.24928499E-05 3.01694901E+01
1.42976206E+38 1.98124355E-06 1.18812737E-04 -3.73448929E-01 3.24928499E-05 3.01754918E+01
1.43967469E+38 1.99498067E-06 1.17994611E-04 -3.73448541E-01 3.24928499E-05 3.01814934E+01
1.44965604E+38 2.00881302E-06 1.17182119E-04 -3.73448155E-01 3.24928499E-05 3.01874951E+01
1.45970659E+38 2.02274128E-06 1.16375223E-04 -3.73447773E-01 3.24928499E-05 3.01934967E+01
1.46982683E+38 2.03676611E-06 1.15573883E-04 -3.73447392E-01 3.24928499E-05 3.01994984E+01
1.48001723E+38 2.05088817E-06 1.14778061E-04 -3.73447015E-01 3.24928499E-05 3.02055000E+01
1.49027827E+38 2.06510814E-06 1.13987720E-04 -3.73446639E-01 3.24928499E-05 3.02115016E+01
1.50061046E+38 2.07942669E-06 1.13202821E-04 -3.73446267E-01 3.24928499E-05 3.02175033E+01
1.51101429E+38 2.09384452E-06 1.12423327E-04 -3.73445897E-01 3.24928499E-05 3.02235049E+01
1.52149024E+38 2.10836231E-06 1.11649201E-04 -3.73445530E-01 3.24928499E-05 3.02295065E+01
1.53203882E+38 2.12298075E-06 1.10880406E-04 -3.73445165E-01 3.24928499E-05 3.02355082E+01
1.54266054E+38 2.13770054E-06 1.10116905E-04 -3.73444802E-01 3.24928499E-05 3.02415098E+01
1.55335590E+38 2.15252238E-06 1.09358662E-04 -3.73444443E-01 3.24928499E-05 3.02475114E+01
1.56412541E+38 2.16744699E-06 1.08605640E-04 -3.73444085E-01 3.24928499E-05 3.02535130E+01
1.57496958E+38 2.18247506E-06 1.07857804E-04 -3.73443730E-01 3.24928499E-05 3.02595146E+01
1.58588894E+38 2.19760733E-06 1.07115118E-04 -3.73443378E-01 3.24928499E-05 3.02655162E+01
1.59688401E+38 2.21284451E-06 1.06377546E-04 -3.73443028E-01 3.24928499E-05 3.02715178E+01
1.60795530E+38 2.22818733E-06 1.05645053E-04 -3.73442680E-01 3.24928499E-05 3.02775195E+01
1.61910335E+38 2.24363653E-06 1.04917604E-04 -3.73442335E-01 3.24928499E-05 3.02835211E+01
1.63032869E+38 2.25919283E-06 1.04195164E-04 -3.73441992E-01 3.24928499E-05 3.02895227E+01
1.64163186E+38 2.27485699E-06 1.03477699E-04 -3.73441651E-01 3.24928499E-05 3.02955242E+01
1.65301339E+38 2.29062975E-06 1.02765175E-04 -3.73441313E-01 3.24928499E-05 3.03015258E+01
1.66447383E+38 2.30651186E-06 1.02057558E-04 -3.73440977E-01 3.24928499E-05 3.03075274E+01
1.67601373E+38 2.32250408E-06 1.01354813E-04 -3.73440644E-01 3.24928499E-05 3.03135290E+01
1.68763363E+38 2.33860718E-06 1.00656908E-04 -3.73440313E-01 3.24928499E-05 3.03195306E+01
1.69933410E+38 2.35482192E-06 9.99638086E-05 -3.73439984E-01 3.24928499E-05 3.03255322E+01
1.71111569E+38 2.37114908E-06 9.92754820E-05 -3.73439657E-01 3.24928499E-05 3.03315338E+01
1.72297895E+38 2.38758944E-06 9.85918954E-05 -3.73439333E-01 3.24928499E-05 3.03375353E+01
1.73492447E+38 2.40414378E-06 9.79130160E-05 -3.73439010E-01 3.24928499E-05 3.03435369E+01
1.74695281E+38 2.42081289E-06 9.72388115E-05 -3.73438691E-01 3.24928499E-05 3.03495385E+01
1.75906454E+38 2.43759756E-06 9.65692497E-05 -3.73438373E-01 3.24928499E-05 3.03555401E+01
1.77126024E+38 2.45449861E-06 9.59042986E-05 -3.73438057E-01 3.24928499E-05 3.03615416E+01
1.78354049E+38 2.47151684E-06 9.52439265E-05 -3.73437744E-01 3.24928499E-05 3.03675432E+01
1.79590588E+38 2.48865305E-06 9.45881018E-05 -3.73437433E-01 3.24928499E-05 3.03735448E+01
1.80835701E+38 2.50590807E-06 9.39367932E-05 -3.73437123E-01 3.24928499E-05 3.03795463E+01
1.82089446E+38 2.52328272E-06 9.32899696E-05 -3.73436816E-01 3.24928499E-05 3.03855479E+01
1.83351883E+38 2.54077782E-06 9.26476001E-05 -3.73436512E-01 3.24928499E-05 3.03915494E+01
1.84623072E+38 2.55839423E-06 9.20096541E-05 -3.73436209E-01 3.24928499E-05 3.03975510E+01
1.85903075E+38 2.57613277E-06 9.13761010E-05 -3.73435908E-01 3.24928499E-05 3.04035525E+01
1.87191952E+38 2.59399429E-06 9.07469107E-05 -3.73435610E-01 3.24928499E-05 3.04095541E+01
1.88489766E+38 2.61197964E-06 9.01220531E-05 -3.73435313E-01 3.24928499E-05 3.04155556E+01
1.89796576E+38 2.63008969E-06 8.95014982E-05 -3.73435018E-01 3.24928499E-05 3.04215572E+01
1.91112448E+38 2.64832530E-06 8.88852166E-05 -3.73434726E-01 3.24928499E-05 3.04275587E+01
1.92437442E+38 2.66668734E-06 8.82731788E-05 -3.73434436E-01 3.24928499E-05 3.04335602E+01
1.93771622E+38 2.68517668E-06 8.76653555E-05 -3.73434147E-01 3.24928499E-05 3.04395618E+01
1.95115052E+38 2.70379420E-06 8.70617177E-05 -3.73433861E-01 3.24928499E-05 3.04455633E+01
1.96467797E+38 2.72254081E-06 8.64622367E-05 -3.73433576E-01 3.24928499E-05 3.04515648E+01
1.97829920E+38 2.74141739E-06 8.58668837E-05 -3.73433294E-01 3.24928499E-05 3.04575664E+01
1.99201487E+38 2.76042484E-06 8.52756303E-05 -3.73433013E-01 3.24928499E-05 3.04635679E+01
2.00582563E+38 2.77956406E-06 8.46884484E-05 -3.73432734E-01 3.24928499E-05 3.04695694E+01
2.01973214E+38 2.79883599E-06 8.41053098E-05 -3.73432458E-01 3.24928499E-05 3.04755709E+01
2.03373506E+38 2.81824152E-06 8.35261868E-05 -3.73432183E-01 3.24928499E-05 3.04815725E+01
2.04783507E+38 2.83778160E-06 8.29510516E-05 -3.73431910E-01 3.24928499E-05 3.04875740E+01
2.06203283E+38 2.85745715E-06 8.23798769E-05 -3.73431639E-01 3.24928499E-05 3.04935755E+01
2.07632903E+38 2.87726911E-06 8.18126353E-05 -3.73431369E-01 3.24928499E-05 3.04995770E+01
2.09072434E+38 2.89721842E-06 8.12492997E-05 -3.73431102E-01 3.24928499E-05 3.05055785E+01
2.10521946E+38 2.91730605E-06 8.06898433E-05 -3.73430837E-01 3.24928499E-05 3.05115800E+01
2.11981508E+38 2.93753295E-06 8.01342393E-05 -3.73430573E-01 3.24928499E-05 3.05175815E+01
2.13451188E+38 2.95790008E-06 7.95824612E-05 -3.73430311E-01 3.24928499E-05 3.05235830E+01
2.14931058E+38 2.97840841E-06 7.90344826E-05 -3.73430051E-01 3.24928499E-05 3.05295845E+01
2.16421188E+38 2.99905893E-06 7.84902775E-05 -3.73429793E-01 3.24928499E-05 3.05355860E+01
2.17921649E+38 3.01985263E-06 7.79498197E-05 -3.73429536E-01 3.24928499E-05 3.05415875E+01
2.19432513E+38 3.04079048E-06 7.74130836E-05 -3.73429282E-01 3.24928499E-05 3.05475890E+01
2.20953852E+38 3.06187351E-06 7.68800434E-05 -3.73429029E-01 3.24928499E-05 3.05535905E+01
2.22485738E+38 3.08310270E-06 7.63506737E-05 -3.73428777E-01 3.24928499E-05 3.05595920E+01
2.24028245E+38 3.10447907E-06 7.58249492E-05 -3.73428528E-01 3.24928499E-05 3.05655935E+01
2.25581447E+38 3.12600365E-06 7.53028449E-05 -3.73428280E-01 3.24928499E-05 3.05715950E+01
2.27145416E+38 3.14767746E-06 7.47843358E-05 -3.73428034E-01 3.24928499E-05 3.05775965E+01
2.28720229E+38 3.16950153E-06 7.42693971E-05 -3.73427790E-01 3.24928499E-05 3.05835980E+01
2.30305960E+38 3.19147691E-06 7.37580043E-05 -3.73427547E-01 3.24928499E-05 3.05895995E+01
2.31902685E+38 3.21360465E-06 7.32501329E-05 -3.73427306E-01 3.24928499E-05 3.05956009E+01
2.33510481E+38 3.23588580E-06 7.27457587E-05 -3.73427066E-01 3.24928499E-05 3.06016024E+01
2.35129423E+38 3.25832143E-06 7.22448576E-05 -3.73426829E-01 3.24928499E-05 3.06076039E+01
2.36759589E+38 3.28091261E-06 7.17474057E-05 -3.73426593E-01 3.24928499E-05 3.06136054E+01
2.38401058E+38 3.30366041E-06 7.12533792E-05 -3.73426358E-01 3.24928499E-05 3.06196068E+01
2.40053907E+38 3.32656592E-06 7.07627545E-05 -3.73426125E-01 3.24928499E-05 3.06256083E+01
2.41718215E+38 3.34963024E-06 7.02755083E-05 -3.73425894E-01 3.24928499E-05 3.06316098E+01
2.43394062E+38 3.37285447E-06 6.97916172E-05 -3.73425665E-01 3.24928499E-05 3.06376113E+01
2.45081528E+38 3.39623971E-06 6.93110581E-05 -3.73425436E-01 3.24928499E-05 3.06436127E+01
2.46780693E+38 3.41978708E-06 6.88338082E-05 -3.73425210E-01 3.24928499E-05 3.06496142E+01
2.48491638E+38 3.44349771E-06 6.83598445E-05 -3.73424985E-01 3.24928499E-05 3.06556156E+01
2.50214446E+38 3.46737272E-06 6.78891445E-05 -3.73424762E-01 3.24928499E-05 3.06616171E+01
2.51949197E+38 3.49141326E-06 6.74216858E-05 -3.73424540E-01 3.24928499E-05 3.06676186E+01
2.53695976E+38 3.51562048E-06 6.69574459E-05 -3.73424319E-01 3.24928499E-05 3.06736200E+01
2.55454866E+38 3.53999552E-06 6.64964027E-05 -3.73424101E-01 3.24928499E-05 3.06796215E+01
2.57225950E+38 3.56453956E-06 6.60385342E-05 -3.73423883E-01 3.24928499E-05 3.06856229E+01
2.59009313E+38 3.58925377E-06 6.55838186E-05 -3.73423668E-01 3.24928499E-05 3.06916244E+01
2.60805040E+38 3.61413932E-06 6.51322340E-05 -3.73423453E-01 3.24928499E-05 3.06976258E+01
2.62613217E+38 3.63919740E-06 6.46837591E-05 -3.73423240E-01 3.24928499E-05 3.07036273E+01
2.64433930E+38 3.66442921E-06 6.42383723E-05 -3.73423029E-01 3.24928499E-05 3.07096287E+01
2.66267267E+38 3.68983596E-06 6.37960523E-05 -3.73422819E-01 3.24928499E-05 3.07156302E+01
2.68113314E+38 3.71541885E-06 6.33567782E-05 -3.73422611E-01 3.24928499E-05 3.07216316E+01
2.69972160E+38 3.74117911E-06 6.29205288E-05 -3.73422404E-01 3.24928499E-05 3.07276330E+01
2.71843893E+38 3.76711797E-06 6.24872834E-05 -3.73422198E-01 3.24928499E-05 3.07336345E+01
2.73728603E+38 3.79323666E-06 6.20570212E-05 -3.73421994E-01 3.24928499E-05 3.07396359E+01
2.75626380E+38 3.81953644E-06 6.16297218E-05 -3.73421791E-01 3.24928499E-05 3.07456374E+01
2.77537314E+38 3.84601855E-06 6.12053647E-05 -3.73421590E-01 3.24928499E-05 3.07516388E+01
2.79461497E+38 3.87268427E-06 6.07839296E-05 -3.73421390E-01 3.24928499E-05 3.07576402E+01
2.81399020E+38 3.89953486E-06 6.03653965E-05 -3.73421191E-01 3.24928499E-05 3.07636417E+01
2.83349977E+38 3.92657160E-06 5.99497454E-05 -3.73420994E-01 3.24928499E-05 3.07696431E+01
2.85314459E+38 3.95379580E-06 5.95369564E-05 -3.73420798E-01 3.24928499E-05 3.07756445E+01
2.87292562E+38 3.98120874E-06 5.91270097E-05 -3.73420603E-01 3.24928499E-05 3.07816459E+01
2.89284378E+38 4.00881174E-06 5.87198859E-05 -3.73420410E-01 3.24928499E-05 3.07876474E+01
2.91290004E+38 4.03660611E-06 5.83155655E-05 -3.73420218E-01 3.24928499E-05 3.07936488E+01
2.93309535E+38 4.06459318E-06 5.79140292E-05 -3.73420028E-01 3.24928499E-05 3.07996502E+01
2.95343068E+38 4.09277428E-06 5.75152578E-05 -3.73419838E-01 3.24928499E-05 3.08056516E+01
2.97390699E+38 4.12115077E-06 5.71192322E-05 -3.73419650E-01 3.24928499E-05 3.08116531E+01
2.99452527E+38 4.14972400E-06 5.67259336E-05 -3.73419464E-01 3.24928499E-05 3.08176545E+01
3.01528649E+38 4.17849532E-06 5.63353432E-05 -3.73419278E-01 3.24928499E-05 3.08236559E+01
3.03619166E+38 4.20746612E-06 5.59474423E-05 -3.73419094E-01 3.24928499E-05 3.08296573E+01
3.05724176E+38 4.23663777E-06 5.55622125E-05 -3.73418912E-01 3.24928499E-05 3.08356587E+01
3.07843780E+38 4.26601167E-06 5.51796352E-05 -3.73418730E-01 3.24928499E-05 3.08416601E+01
3.09978079E+38 4.29558922E-06 5.47996923E-05 -3.73418550E-01 3.24928499E-05 3.08476615E+01
3.12127176E+38 4.32537184E-06 5.44223657E-05 -3.73418371E-01 3.24928499E-05 3.08536629E+01
3.14291173E+38 4.35536094E-06 5.40476372E-05 -3.73418193E-01 3.24928499E-05 3.08596644E+01
3.16470172E+38 4.38555796E-06 5.36754890E-05 -3.73418016E-01 3.24928499E-05 3.08656658E+01
3.18664279E+38 4.41596433E-06 5.33059033E-05 -3.73417841E-01 3.24928499E-05 3.08716672E+01
3.20873598E+38 4.44658152E-06 5.29388626E-05 -3.73417667E-01 3.24928499E-05 3.08776686E+01
3.23098234E+38 4.47741097E-06 5.25743492E-05 -3.73417494E-01 3.24928499E-05 3.08836700E+01
3.25338293E+38 4.50845417E-06 5.22123458E-05 -3.73417322E-01 3.24928499E-05 3.08896714E+01
3.27593883E+38 4.53971259E-06 5.18528350E-05 -3.73417151E-01 3.24928499E-05 3.08956728E+01
3.29865111E+38 4.57118773E-06 5.14957998E-05 -3.73416982E-01 3.24928499E-05 3.09016742E+01
3.32152086E+38 4.60288108E-06 5.11412230E-05 -3.73416813E-01 3.24928499E-05 3.09076756E+01
3.34454916E+38 4.63479417E-06 5.07890877E-05 -3.73416646E-01 3.24928499E-05 3.09136770E+01
3.36773712E+38 4.66692852E-06 5.04393772E-05 -3.73416480E-01 3.24928499E-05 3.09196783E+01
3.39108585E+38 4.69928565E-06 5.00920747E-05 -3.73416316E-01 3.24928499E-05 3.09256797E+01
3.41459645E+38 4.73186712E-06 4.97471636E-05 -3.73416152E-01 3.24928499E-05 3.09316811E+01
3.43827005E+38 4.76467448E-06 4.94046275E-05 -3.73415989E-01 3.24928499E-05 3.09376825E+01
3.46210779E+38 4.79770929E-06 4.90644501E-05 -3.73415828E-01 3.24928499E-05 3.09436839E+01
3.48611079E+38 4.83097313E-06 4.87266150E-05 -3.73415668E-01 3.24928499E-05 3.09496853E+01
3.51028021E+38 4.86446760E-06 4.83911061E-05 -3.73415508E-01 3.24928499E-05 3.09556867E+01
3.53461719E+38 4.89819428E-06 4.80579075E-05 -3.73415350E-01 3.24928499E-05 3.09616881E+01
3.55912290E+38 4.93215480E-06 4.77270032E-05 -3.73415193E-01 3.24928499E-05 3.09676894E+01
3.58379852E+38 4.96635076E-06 4.73983775E-05 -3.73415037E-01 3.24928499E-05 3.09736908E+01
3.60864521E+38 5.00078381E-06 4.70720145E-05 -3.73414882E-01 3.24928499E-05 3.09796922E+01
3.63366416E+38 5.03545558E-06 4.67478988E-05 -3.73414728E-01 3.24928499E-05 3.09856936E+01
3.65885658E+38 5.07036773E-06 4.64260149E-05 -3.73414576E-01 3.24928499E-05 3.09916950E+01
3.68422365E+38 5.10552193E-06 4.61063474E-05 -3.73414424E-01 3.24928499E-05 3.09976963E+01
3.70976659E+38 5.14091986E-06 4.57888810E-05 -3.73414273E-01 3.24928499E-05 3.10036977E+01
3.73548663E+38 5.17656321E-06 4.54736006E-05 -3.73414124E-01 3.24928499E-05 3.10096991E+01
3.76138498E+38 5.21245367E-06 4.51604912E-05 -3.73413975E-01 3.24928499E-05 3.10157005E+01
3.78746289E+38 5.24859296E-06 4.48495377E-05 -3.73413828E-01 3.24928499E-05 3.10217018E+01
3.81372160E+38 5.28498281E-06 4.45407254E-05 -3.73413681E-01 3.24928499E-05 3.10277032E+01
3.84016236E+38 5.32162495E-06 4.42340394E-05 -3.73413535E-01 3.24928499E-05 3.10337046E+01
3.86678644E+38 5.35852113E-06 4.39294652E-05 -3.73413391E-01 3.24928499E-05 3.10397059E+01
3.89359510E+38 5.39567312E-06 4.36269883E-05 -3.73413247E-01 3.24928499E-05 3.10457073E+01
3.92058963E+38 5.43308269E-06 4.33265940E-05 -3.73413105E-01 3.24928499E-05 3.10517087E+01
3.94777132E+38 5.47075161E-06 4.30282682E-05 -3.73412963E-01 3.24928499E-05 3.10577100E+01
3.97514145E+38 5.50868170E-06 4.27319966E-05 -3.73412823E-01 3.24928499E-05 3.10637114E+01
4.00270135E+38 5.54687476E-06 4.24377651E-05 -3.73412683E-01 3.24928499E-05 3.10697128E+01
4.03045232E+38 5.58533261E-06 4.21455595E-05 -3.73412544E-01 3.24928499E-05 3.10757141E+01
4.05839569E+38 5.62405710E-06 4.18553659E-05 -3.73412407E-01 3.24928499E-05 3.10817155E+01
4.08653279E+38 5.66305006E-06 4.15671706E-05 -3.73412270E-01 3.24928499E-05 3.10877168E+01
4.11486497E+38 5.70231337E-06 4.12809596E-05 -3.73412134E-01 3.24928499E-05 3.10937182E+01
4.14339357E+38 5.74184889E-06 4.09967195E-05 -3.73411999E-01 3.24928499E-05 3.10997196E+01
4.17211997E+38 5.78165851E-06 4.07144365E-05 -3.73411865E-01 3.24928499E-05 3.11057209E+01
4.20104553E+38 5.82174413E-06 4.04340972E-05 -3.73411732E-01 3.24928499E-05 3.11117223E+01
4.23017163E+38 5.86210767E-06 4.01556882E-05 -3.73411600E-01 3.24928499E-05 3.11177236E+01
4.25949967E+38 5.90275105E-06 3.98791963E-05 -3.73411469E-01 3.24928499E-05 3.11237250E+01
4.28903103E+38 5.94367622E-06 3.96046082E-05 -3.73411338E-01 3.24928499E-05 3.11297263E+01
4.31876714E+38 5.98488512E-06 3.93319108E-05 -3.73411209E-01 3.24928499E-05 3.11357277E+01
4.34870942E+38 6.02637973E-06 3.90610912E-05 -3.73411081E-01 3.24928499E-05 3.11417290E+01
4.37885928E+38 6.06816202E-06 3.87921363E-05 -3.73410953E-01 3.24928499E-05 3.11477304E+01
4.40921818E+38 6.11023399E-06 3.85250333E-05 -3.73410826E-01 3.24928499E-05 3.11537317E+01
4.43978755E+38 6.15259765E-06 3.82597695E-05 -3.73410700E-01 3.24928499E-05 3.11597331E+01
4.47056887E+38 6.19525501E-06 3.79963322E-05 -3.73410575E-01 3.24928499E-05 3.11657344E+01
4.50156359E+38 6.23820813E-06 3.77347089E-05 -3.73410451E-01 3.24928499E-05 3.11717358E+01
4.53277320E+38 6.28145904E-06 3.74748870E-05 -3.73410328E-01 3.24928499E-05 3.11777371E+01
4.56419919E+38 6.32500981E-06 3.72168542E-05 -3.73410205E-01 3.24928499E-05 3.11837385E+01
4.59584306E+38 6.36886252E-06 3.69605981E-05 -3.73410084E-01 3.24928499E-05 3.11897398E+01
4.62770632E+38 6.41301926E-06 3.67061065E-05 -3.73409963E-01 3.24928499E-05 3.11957411E+01
4.65979048E+38 6.45748215E-06 3.64533672E-05 -3.73409843E-01 3.24928499E-05 3.12017425E+01
4.69209709E+38 6.50225330E-06 3.62023682E-05 -3.73409724E-01 3.24928499E-05 3.12077438E+01
4.72462768E+38 6.54733485E-06 3.59530974E-05 -3.73409606E-01 3.24928499E-05 3.12137452E+01
4.75738381E+38 6.59272896E-06 3.57055431E-05 -3.73409488E-01 3.24928499E-05 3.12197465E+01
4.79036704E+38 6.63843778E-06 3.54596933E-05 -3.73409371E-01 3.24928499E-05 3.12257478E+01
4.82357894E+38 6.68446351E-06 3.52155364E-05 -3.73409256E-01 3.24928499E-05 3.12317492E+01
4.85702111E+38 6.73080833E-06 3.49730606E-05 -3.73409140E-01 3.24928499E-05 3.12377505E+01
4.89069513E+38 6.77747447E-06 3.47322545E-05 -3.73409026E-01 3.24928499E-05 3.12437518E+01
4.92460261E+38 6.82446414E-06 3.44931064E-05 -3.73408913E-01 3.24928499E-05 3.12497532E+01
4.95874518E+38 6.87177960E-06 3.42556050E-05 -3.73408800E-01 3.24928499E-05 3.12557545E+01
4.99312446E+38 6.91942310E-06 3.40197390E-05 -3.73408688E-01 3.24928499E-05 3.12617558E+01
5.02774209E+38 6.96739692E-06 3.37854970E-05 -3.73408577E-01 3.24928499E-05 3.12677572E+01
5.06259973E+38 7.01570334E-06 3.35528680E-05 -3.73408466E-01 3.24928499E-05 3.12737585E+01
5.09769904E+38 7.06434467E-06 3.33218407E-05 -3.73408357E-01 3.24928499E-05 3.12797598E+01
5.13304169E+38 7.11332323E-06 3.30924042E-05 -3.73408248E-01 3.24928499E-05 3.12857611E+01
5.16862938E+38 7.16264137E-06 3.28645476E-05 -3.73408140E-01 3.24928499E-05 3.12917625E+01
5.20446380E+38 7.21230143E-06 3.26382598E-05 -3.73408032E-01 3.24928499E-05 3.12977638E+01
5.24054666E+38 7.26230579E-06 3.24135302E-05 -3.73407926E-01 3.24928499E-05 3.13037651E+01
5.27687968E+38 7.31265683E-06 3.21903480E-05 -3.73407820E-01 3.24928499E-05 3.13097664E+01
5.31346461E+38 7.36335695E-06 3.19687025E-05 -3.73407715E-01 3.24928499E-05 3.13157678E+01
5.35030318E+38 7.41440859E-06 3.17485832E-05 -3.73407610E-01 3.24928499E-05 3.13217691E+01
5.38739715E+38 7.46581417E-06 3.15299795E-05 -3.73407506E-01 3.24928499E-05 3.13277704E+01
5.42474830E+38 7.51757614E-06 3.13128811E-05 -3.73407403E-01 3.24928499E-05 3.13337717E+01
5.46235841E+38 7.56969699E-06 3.10972775E-05 -3.73407301E-01 3.24928499E-05 3.13397730E+01
5.50022927E+38 7.62217919E-06 3.08831585E-05 -3.73407200E-01 3.24928499E-05 3.13457744E+01
5.53836269E+38 7.67502526E-06 3.06705138E-05 -3.73407099E-01 3.24928499E-05 3.13517757E+01
5.57676049E+38 7.72823771E-06 3.04593333E-05 -3.73406998E-01 3.24928499E-05 3.13577770E+01
5.61542451E+38 7.78181908E-06 3.02496069E-05 -3.73406899E-01 3.24928499E-05 3.13637783E+01
5.65435659E+38 7.83577194E-06 3.00413245E-05 -3.73406800E-01 3.24928499E-05 3.13697796E+01
5.69355858E+38 7.89009886E-06 2.98344764E-05 -3.73406702E-01 3.24928499E-05 3.13757809E+01
5.73303237E+38 7.94480242E-06 2.96290525E-05 -3.73406604E-01 3.24928499E-05 3.13817823E+01
5.77277983E+38 7.99988525E-06 2.94250430E-05 -3.73406508E-01 3.24928499E-05 3.13877836E+01
5.81280286E+38 8.05534998E-06 2.92224383E-05 -3.73406411E-01 3.24928499E-05 3.13937849E+01
5.85310337E+38 8.11119924E-06 2.90212287E-05 -3.73406316E-01 3.24928499E-05 3.13997862E+01
5.89368329E+38 8.16743571E-06 2.88214044E-05 -3.73406221E-01 3.24928499E-05 3.14057875E+01
5.93454455E+38 8.22406207E-06 2.86229561E-05 -3.73406127E-01 3.24928499E-05 3.14117888E+01
5.97568910E+38 8.28108103E-06 2.84258742E-05 -3.73406033E-01 3.24928499E-05 3.14177901E+01
6.01711892E+38 8.33849530E-06 2.82301494E-05 -3.73405940E-01 3.24928499E-05 3.14237914E+01
6.05883596E+38 8.39630763E-06 2.80357722E-05 -3.73405848E-01 3.24928499E-05 3.14297927E+01
6.10084224E+38 8.45452077E-06 2.78427334E-05 -3.73405757E-01 3.24928499E-05 3.14357940E+01
6.14313975E+38 8.51313751E-06 2.76510238E-05 -3.73405666E-01 3.24928499E-05 3.14417953E+01
6.18573050E+38 8.57216064E-06 2.74606342E-05 -3.73405575E-01 3.24928499E-05 3.14477967E+01
6.22861655E+38 8.63159299E-06 2.72715556E-05 -3.73405486E-01 3.24928499E-05 3.14537980E+01
6.27179992E+38 8.69143738E-06 2.70837789E-05 -3.73405396E-01 3.24928499E-05 3.14597993E+01
6.31528269E+38 8.75169667E-06 2.68972951E-05 -3.73405308E-01 3.24928499E-05 3.14658006E+01
6.35906692E+38 8.81237375E-06 2.67120954E-05 -3.73405220E-01 3.24928499E-05 3.14718019E+01
6.40315472E+38 8.87347151E-06 2.65281708E-05 -3.73405133E-01 3.24928499E-05 3.14778032E+01
6.44754817E+38 8.93499286E-06 2.63455127E-05 -3.73405046E-01 3.24928499E-05 3.14838045E+01
6.49224941E+38 8.99694074E-06 2.61641123E-05 -3.73404960E-01 3.24928499E-05 3.14898058E+01
6.53726057E+38 9.05931811E-06 2.59839609E-05 -3.73404875E-01 3.24928499E-05 3.14958071E+01
6.58258379E+38 9.12212794E-06 2.58050500E-05 -3.73404790E-01 3.24928499E-05 3.15018084E+01
6.62822124E+38 9.18537324E-06 2.56273710E-05 -3.73404705E-01 3.24928499E-05 3.15078097E+01
6.67417510E+38 9.24905702E-06 2.54509154E-05 -3.73404622E-01 3.24928499E-05 3.15138110E+01
6.72044756E+38 9.31318233E-06 2.52756748E-05 -3.73404538E-01 3.24928499E-05 3.15198123E+01
6.76704082E+38 9.37775222E-06 2.51016408E-05 -3.73404456E-01 3.24928499E-05 3.15258136E+01
6.81395713E+38 9.44276978E-06 2.49288051E-05 -3.73404374E-01 3.24928499E-05 3.15318149E+01
6.86119870E+38 9.50823811E-06 2.47571595E-05 -3.73404292E-01 3.24928499E-05 3.15378161E+01
6.90876781E+38 9.57416033E-06 2.45866958E-05 -3.73404211E-01 3.24928499E-05 3.15438174E+01
6.95666671E+38 9.64053960E-06 2.44174058E-05 -3.73404131E-01 3.24928499E-05 3.15498187E+01
7.00489770E+38 9.70737908E-06 2.42492815E-05 -3.73404051E-01 3.24928499E-05 3.15558200E+01
7.05346308E+38 9.77468196E-06 2.40823148E-05 -3.73403972E-01 3.24928499E-05 3.15618213E+01
7.10236516E+38 9.84245146E-06 2.39164977E-05 -3.73403893E-01 3.24928499E-05 3.15678226E+01
7.15160629E+38 9.91069081E-06 2.37518224E-05 -3.73403815E-01 3.24928499E-05 3.15738239E+01
7.20118880E+38 9.97940326E-06 2.35882810E-05 -3.73403738E-01 3.24928499E-05 3.15798252E+01
7.25111508E+38 1.00485921E-05 2.34258656E-05 -3.73403661E-01 3.24928499E-05 3.15858265E+01
7.30138750E+38 1.01182606E-05 2.32645685E-05 -3.73403584E-01 3.24928499E-05 3.15918278E+01
7.35200846E+38 1.01884122E-05 2.31043821E-05 -3.73403508E-01 3.24928499E-05 3.15978291E+01
7.40298037E+38 1.02590501E-05 2.29452986E-05 -3.73403432E-01 3.24928499E-05 3.16038303E+01
7.45430568E+38 1.03301777E-05 2.27873105E-05 -3.73403357E-01 3.24928499E-05 3.16098316E+01
7.50598683E+38 1.04017985E-05 2.26304102E-05 -3.73403283E-01 3.24928499E-05 3.16158329E+01
7.55802629E+38 1.04739159E-05 2.24745903E-05 -3.73403209E-01 3.24928499E-05 3.16218342E+01
7.61042654E+38 1.05465332E-05 2.23198433E-05 -3.73403136E-01 3.24928499E-05 3.16278355E+01
7.66319009E+38 1.06196540E-05 2.21661618E-05 -3.73403063E-01 3.24928499E-05 3.16338368E+01
7.71631945E+38 1.06932817E-05 2.20135384E-05 -3.73402990E-01 3.24928499E-05 3.16398381E+01
7.76981716E+38 1.07674199E-05 2.18619660E-05 -3.73402918E-01 3.24928499E-05 3.16458393E+01
7.82368577E+38 1.08420721E-05 2.17114372E-05 -3.73402847E-01 3.24928499E-05 3.16518406E+01
7.87792785E+38 1.09172419E-05 2.15619449E-05 -3.73402776E-01 3.24928499E-05 3.16578419E+01
7.93254600E+38 1.09929328E-05 2.14134819E-05 -3.73402706E-01 3.24928499E-05 3.16638432E+01
7.98754282E+38 1.10691485E-05 2.12660411E-05 -3.73402636E-01 3.24928499E-05 3.16698445E+01
8.04292094E+38 1.11458926E-05 2.11196156E-05 -3.73402566E-01 3.24928499E-05 3.16758458E+01
8.09868299E+38 1.12231688E-05 2.09741982E-05 -3.73402497E-01 3.24928499E-05 3.16818470E+01
8.15483165E+38 1.13009808E-05 2.08297822E-05 -3.73402429E-01 3.24928499E-05 3.16878483E+01
8.21136959E+38 1.13793322E-05 2.06863605E-05 -3.73402360E-01 3.24928499E-05 3.16938496E+01
8.26829951E+38 1.14582268E-05 2.05439264E-05 -3.73402293E-01 3.24928499E-05 3.16998509E+01
8.32562413E+38 1.15376684E-05 2.04024729E-05 -3.73402226E-01 3.24928499E-05 3.17058522E+01
8.38334618E+38 1.16176608E-05 2.02619935E-05 -3.73402159E-01 3.24928499E-05 3.17118534E+01
8.44146843E+38 1.16982078E-05 2.01224813E-05 -3.73402093E-01 3.24928499E-05 3.17178547E+01
8.49999363E+38 1.17793132E-05 1.99839298E-05 -3.73402027E-01 3.24928499E-05 3.17238560E+01
8.55892460E+38 1.18609809E-05 1.98463322E-05 -3.73401962E-01 3.24928499E-05 3.17298573E+01
8.61826414E+38 1.19432149E-05 1.97096821E-05 -3.73401897E-01 3.24928499E-05 3.17358585E+01
8.67801509E+38 1.20260189E-05 1.95739728E-05 -3.73401833E-01 3.24928499E-05 3.17418598E+01
8.73818029E+38 1.21093971E-05 1.94391980E-05 -3.73401769E-01 3.24928499E-05 3.17478611E+01
8.79876262E+38 1.21933533E-05 1.93053512E-05 -3.73401705E-01 3.24928499E-05 3.17538624E+01
8.85976497E+38 1.22778916E-05 1.91724260E-05 -3.73401642E-01 3.24928499E-05 3.17598636E+01
8.92119025E+38 1.23630160E-05 1.90404160E-05 -3.73401579E-01 3.24928499E-05 3.17658649E+01
8.98304140E+38 1.24487306E-05 1.89093150E-05 -3.73401517E-01 3.24928499E-05 3.17718662E+01
9.04532137E+38 1.25350394E-05 1.87791167E-05 -3.73401455E-01 3.24928499E-05 3.17778675E+01
9.10803313E+38 1.26219466E-05 1.86498149E-05 -3.73401394E-01 3.24928499E-05 3.17838687E+01
9.17117967E+38 1.27094564E-05 1.85214033E-05 -3.73401333E-01 3.24928499E-05 3.17898700E+01
9.23476401E+38 1.27975728E-05 1.83938760E-05 -3.73401273E-01 3.24928499E-05 3.17958713E+01
9.29878919E+38 1.28863002E-05 1.82672267E-05 -3.73401212E-01 3.24928499E-05 3.18018725E+01
9.36325825E+38 1.29756428E-05 1.81414495E-05 -3.73401153E-01 3.24928499E-05 3.18078738E+01
9.42817429E+38 1.30656047E-05 1.80165383E-05 -3.73401093E-01 3.24928499E-05 3.18138751E+01
9.49354039E+38 1.31561904E-05 1.78924872E-05 -3.73401035E-01 3.24928499E-05 3.18198763E+01
9.55935968E+38 1.32474041E-05 1.77692902E-05 -3.73400976E-01 3.24928499E-05 3.18258776E+01
9.62563529E+38 1.33392502E-05 1.76469416E-05 -3.73400918E-01 3.24928499E-05 3.18318789E+01
9.69237040E+38 1.34317330E-05 1.75254353E-05 -3.73400860E-01 3.24928499E-05 3.18378801E+01
9.75956819E+38 1.35248571E-05 1.74047657E-05 -3.73400803E-01 3.24928499E-05 3.18438814E+01
9.82723187E+38 1.36186268E-05 1.72849269E-05 -3.73400746E-01 3.24928499E-05 3.18498827E+01
9.89536466E+38 1.37130466E-05 1.71659133E-05 -3.73400690E-01 3.24928499E-05 3.18558839E+01
9.96396982E+38 1.38081210E-05 1.70477191E-05 -3.73400634E-01 3.24928499E-05 3.18618852E+01
1.00330506E+39 1.39038545E-05 1.69303388E-05 -3.73400578E-01 3.24928499E-05 3.18678865E+01
1.01026104E+39 1.40002518E-05 1.68137667E-05 -3.73400523E-01 3.24928499E-05 3.18738877E+01
1.01726524E+39 1.40973175E-05 1.66979972E-05 -3.73400468E-01 3.24928499E-05 3.18798890E+01
1.02431800E+39 1.41950561E-05 1.65830249E-05 -3.73400413E-01 3.24928499E-05 3.18858903E+01
1.03141966E+39 1.42934723E-05 1.64688442E-05 -3.73400359E-01 3.24928499E-05 3.18918915E+01
1.03857055E+39 1.43925708E-05 1.63554497E-05 -3.73400305E-01 3.24928499E-05 3.18978928E+01
1.04577102E+39 1.44923564E-05 1.62428360E-05 -3.73400252E-01 3.24928499E-05 3.19038941E+01
1.05302142E+39 1.45928338E-05 1.61309976E-05 -3.73400199E-01 3.24928499E-05 3.19098953E+01
1.06032208E+39 1.46940079E-05 1.60199294E-05 -3.73400146E-01 3.24928499E-05 3.19158966E+01
1.06767335E+39 1.47958833E-05 1.59096258E-05 -3.73400094E-01 3.24928499E-05 3.19218978E+01
1.07507560E+39 1.48984651E-05 1.58000818E-05 -3.73400042E-01 3.24928499E-05 3.19278991E+01
1.08252916E+39 1.50017581E-05 1.56912920E-05 -3.73399990E-01 3.24928499E-05 3.19339004E+01
1.09003440E+39 1.51057673E-05 1.55832513E-05 -3.73399939E-01 3.24928499E-05 3.19399016E+01
1.09759168E+39 1.52104975E-05 1.54759546E-05 -3.73399888E-01 3.24928499E-05 3.19459029E+01
1.10520135E+39 1.53159538E-05 1.53693966E-05 -3.73399837E-01 3.24928499E-05 3.19519041E+01
1.11286377E+39 1.54221413E-05 1.52635723E-05 -3.73399787E-01 3.24928499E-05 3.19579054E+01
1.12057932E+39 1.55290650E-05 1.51584766E-05 -3.73399737E-01 3.24928499E-05 3.19639067E+01
1.12834837E+39 1.56367299E-05 1.50541046E-05 -3.73399688E-01 3.24928499E-05 3.19699079E+01
1.13617128E+39 1.57451414E-05 1.49504512E-05 -3.73399638E-01 3.24928499E-05 3.19759092E+01
1.14404842E+39 1.58543044E-05 1.48475115E-05 -3.73399590E-01 3.24928499E-05 3.19819104E+01
1.15198018E+39 1.59642243E-05 1.47452807E-05 -3.73399541E-01 3.24928499E-05 3.19879117E+01
1.15996692E+39 1.60749063E-05 1.46437537E-05 -3.73399493E-01 3.24928499E-05 3.19939129E+01
1.16800905E+39 1.61863556E-05 1.45429258E-05 -3.73399445E-01 3.24928499E-05 3.19999142E+01
1.17610692E+39 1.62985776E-05 1.44427921E-05 -3.73399397E-01 3.24928499E-05 3.20059155E+01
1.18426094E+39 1.64115777E-05 1.43433479E-05 -3.73399350E-01 3.24928499E-05 3.20119167E+01
1.19247149E+39 1.65253612E-05 1.42445884E-05 -3.73399303E-01 3.24928499E-05 3.20179180E+01
1.20073897E+39 1.66399335E-05 1.41465089E-05 -3.73399257E-01 3.24928499E-05 3.20239192E+01
1.20906377E+39 1.67553002E-05 1.40491047E-05 -3.73399211E-01 3.24928499E-05 3.20299205E+01
1.21744628E+39 1.68714668E-05 1.39523713E-05 -3.73399165E-01 3.24928499E-05 3.20359217E+01
1.22588691E+39 1.69884387E-05 1.38563038E-05 -3.73399119E-01 3.24928499E-05 3.20419230E+01
1.23438606E+39 1.71062216E-05 1.37608978E-05 -3.73399074E-01 3.24928499E-05 3.20479242E+01
1.24294413E+39 1.72248211E-05 1.36661488E-05 -3.73399029E-01 3.24928499E-05 3.20539255E+01
1.25156153E+39 1.73442429E-05 1.35720521E-05 -3.73398984E-01 3.24928499E-05 3.20599267E+01
1.26023869E+39 1.74644926E-05 1.34786033E-05 -3.73398940E-01 3.24928499E-05 3.20659280E+01
1.26897600E+39 1.75855760E-05 1.33857980E-05 -3.73398896E-01 3.24928499E-05 3.20719292E+01
1.27777388E+39 1.77074989E-05 1.32936317E-05 -3.73398852E-01 3.24928499E-05 3.20779305E+01
1.28663277E+39 1.78302671E-05 1.32020999E-05 -3.73398809E-01 3.24928499E-05 3.20839317E+01
1.29555307E+39 1.79538864E-05 1.31111984E-05 -3.73398766E-01 3.24928499E-05 3.20899330E+01
1.30453522E+39 1.80783629E-05 1.30209228E-05 -3.73398723E-01 3.24928499E-05 3.20959342E+01
1.31357964E+39 1.82037023E-05 1.29312688E-05 -3.73398680E-01 3.24928499E-05 3.21019355E+01
1.32268677E+39 1.83299107E-05 1.28422321E-05 -3.73398638E-01 3.24928499E-05 3.21079367E+01
1.33185703E+39 1.84569941E-05 1.27538085E-05 -3.73398596E-01 3.24928499E-05 3.21139380E+01
1.34109088E+39 1.85849586E-05 1.26659937E-05 -3.73398554E-01 3.24928499E-05 3.21199392E+01
1.35038874E+39 1.87138103E-05 1.25787835E-05 -3.73398513E-01 3.24928499E-05 3.21259405E+01
1.35975107E+39 1.88435553E-05 1.24921738E-05 -3.73398472E-01 3.24928499E-05 3.21319417E+01
1.36917830E+39 1.89741998E-05 1.24061605E-05 -3.73398431E-01 3.24928499E-05 3.21379430E+01
1.37867090E+39 1.91057501E-05 1.23207394E-05 -3.73398390E-01 3.24928499E-05 3.21439442E+01
1.38822931E+39 1.92382125E-05 1.22359064E-05 -3.73398350E-01 3.24928499E-05 3.21499455E+01
1.39785399E+39 1.93715932E-05 1.21516576E-05 -3.73398310E-01 3.24928499E-05 3.21559467E+01
1.40754539E+39 1.95058987E-05 1.20679889E-05 -3.73398270E-01 3.24928499E-05 3.21619480E+01
1.41730399E+39 1.96411353E-05 1.19848962E-05 -3.73398231E-01 3.24928499E-05 3.21679492E+01
1.42713024E+39 1.97773095E-05 1.19023757E-05 -3.73398192E-01 3.24928499E-05 3.21739505E+01
1.43702462E+39 1.99144278E-05 1.18204234E-05 -3.73398153E-01 3.24928499E-05 3.21799517E+01
1.44698760E+39 2.00524968E-05 1.17390353E-05 -3.73398114E-01 3.24928499E-05 3.21859530E+01
1.45701965E+39 2.01915230E-05 1.16582077E-05 -3.73398076E-01 3.24928499E-05 3.21919542E+01
1.46712126E+39 2.03315130E-05 1.15779365E-05 -3.73398038E-01 3.24928499E-05 3.21979554E+01
1.47729290E+39 2.04724737E-05 1.14982181E-05 -3.73398000E-01 3.24928499E-05 3.22039567E+01
1.48753506E+39 2.06144116E-05 1.14190486E-05 -3.73397963E-01 3.24928499E-05 3.22099579E+01
1.49784823E+39 2.07573336E-05 1.13404242E-05 -3.73397925E-01 3.24928499E-05 3.22159592E+01
1.50823290E+39 2.09012465E-05 1.12623411E-05 -3.73397888E-01 3.24928499E-05 3.22219604E+01
1.51868957E+39 2.10461571E-05 1.11847957E-05 -3.73397851E-01 3.24928499E-05 3.22279617E+01
1.52921874E+39 2.11920724E-05 1.11077842E-05 -3.73397815E-01 3.24928499E-05 3.22339629E+01
1.53982090E+39 2.13389994E-05 1.10313030E-05 -3.73397779E-01 3.24928499E-05 3.22399642E+01
1.55049657E+39 2.14869450E-05 1.09553484E-05 -3.73397742E-01 3.24928499E-05 3.22459654E+01
1.56124626E+39 2.16359163E-05 1.08799167E-05 -3.73397707E-01 3.24928499E-05 3.22519666E+01
1.57207047E+39 2.17859205E-05 1.08050045E-05 -3.73397671E-01 3.24928499E-05 3.22579679E+01
1.58296973E+39 2.19369646E-05 1.07306080E-05 -3.73397636E-01 3.24928499E-05 3.22639691E+01
1.59394456E+39 2.20890559E-05 1.06567238E-05 -3.73397601E-01 3.24928499E-05 3.22699704E+01
1.60499547E+39 2.22422017E-05 1.05833483E-05 -3.73397566E-01 3.24928499E-05 3.22759716E+01
1.61612300E+39 2.23964093E-05 1.05104780E-05 -3.73397531E-01 3.24928499E-05 3.22819728E+01
1.62732768E+39 2.25516860E-05 1.04381095E-05 -3.73397497E-01 3.24928499E-05 3.22879741E+01
1.63861004E+39 2.27080392E-05 1.03662393E-05 -3.73397463E-01 3.24928499E-05 3.22939753E+01
1.64997062E+39 2.28654765E-05 1.02948639E-05 -3.73397429E-01 3.24928499E-05 3.22999766E+01
1.66140997E+39 2.30240052E-05 1.02239800E-05 -3.73397395E-01 3.24928499E-05 3.23059778E+01
1.67292862E+39 2.31836331E-05 1.01535841E-05 -3.73397362E-01 3.24928499E-05 3.23119790E+01
1.68452714E+39 2.33443676E-05 1.00836729E-05 -3.73397329E-01 3.24928499E-05 3.23179803E+01
1.69620607E+39 2.35062166E-05 1.00142431E-05 -3.73397296E-01 3.24928499E-05 3.23239815E+01
1.70796597E+39 2.36691876E-05 9.94529138E-06 -3.73397263E-01 3.24928499E-05 3.23299828E+01
1.71980740E+39 2.38332886E-05 9.87681440E-06 -3.73397231E-01 3.24928499E-05 3.23359840E+01
1.73173093E+39 2.39985272E-05 9.80880891E-06 -3.73397198E-01 3.24928499E-05 3.23419852E+01
1.74373712E+39 2.41649115E-05 9.74127167E-06 -3.73397166E-01 3.24928499E-05 3.23479865E+01
1.75582656E+39 2.43324493E-05 9.67419944E-06 -3.73397134E-01 3.24928499E-05 3.23539877E+01
1.76799981E+39 2.45011487E-05 9.60758904E-06 -3.73397103E-01 3.24928499E-05 3.23599889E+01
1.78025746E+39 2.46710177E-05 9.54143728E-06 -3.73397071E-01 3.24928499E-05 3.23659902E+01
1.79260009E+39 2.48420644E-05 9.47574100E-06 -3.73397040E-01 3.24928499E-05 3.23719914E+01
1.80502829E+39 2.50142970E-05 9.41049706E-06 -3.73397009E-01 3.24928499E-05 3.23779927E+01
1.81754266E+39 2.51877236E-05 9.34570235E-06 -3.73396979E-01 3.24928499E-05 3.23839939E+01
1.83014380E+39 2.53623527E-05 9.28135379E-06 -3.73396948E-01 3.24928499E-05 3.23899951E+01
1.84283229E+39 2.55381924E-05 9.21744829E-06 -3.73396918E-01 3.24928499E-05 3.23959964E+01
1.85560876E+39 2.57152513E-05 9.15398280E-06 -3.73396888E-01 3.24928499E-05 3.24019976E+01
1.86847381E+39 2.58935377E-05 9.09095430E-06 -3.73396858E-01 3.24928499E-05 3.24079988E+01
1.88142805E+39 2.60730602E-05 9.02835977E-06 -3.73396828E-01 3.24928499E-05 3.24140001E+01
1.89447210E+39 2.62538273E-05 8.96619624E-06 -3.73396798E-01 3.24928499E-05 3.24200013E+01
1.90760659E+39 2.64358477E-05 8.90446072E-06 -3.73396769E-01 3.24928499E-05 3.24260025E+01
1.92083214E+39 2.66191301E-05 8.84315028E-06 -3.73396740E-01 3.24928499E-05 3.24320038E+01
1.93414939E+39 2.68036832E-05 8.78226199E-06 -3.73396711E-01 3.24928499E-05 3.24380050E+01
1.94755896E+39 2.69895158E-05 8.72179294E-06 -3.73396682E-01 3.24928499E-05 3.24440062E+01
1.96106151E+39 2.71766367E-05 8.66174024E-06 -3.73396654E-01 3.24928499E-05 3.24500075E+01
1.97465766E+39 2.73650550E-05 8.60210102E-06 -3.73396626E-01 3.24928499E-05 3.24560087E+01
1.98834808E+39 2.75547796E-05 8.54287245E-06 -3.73396598E-01 3.24928499E-05 3.24620099E+01
2.00213342E+39 2.77458196E-05 8.48405169E-06 -3.73396570E-01 3.24928499E-05 3.24680112E+01
2.01601433E+39 2.79381841E-05 8.42563593E-06 -3.73396542E-01 3.24928499E-05 3.24740124E+01
2.02999148E+39 2.81318823E-05 8.36762239E-06 -3.73396514E-01 3.24928499E-05 3.24800136E+01
2.04406554E+39 2.83269233E-05 8.31000830E-06 -3.73396487E-01 3.24928499E-05 3.24860149E+01
2.05823716E+39 2.85233166E-05 8.25279090E-06 -3.73396460E-01 3.24928499E-05 3.24920161E+01
2.07250705E+39 2.87210715E-05 8.19596746E-06 -3.73396433E-01 3.24928499E-05 3.24980173E+01
2.08687586E+39 2.89201975E-05 8.13953528E-06 -3.73396406E-01 3.24928499E-05 3.25040186E+01
2.10134430E+39 2.91207040E-05 8.08349166E-06 -3.73396380E-01 3.24928499E-05 3.25100198E+01
2.11591305E+39 2.93226006E-05 8.02783392E-06 -3.73396353E-01 3.24928499E-05 3.25160210E+01
2.13058280E+39 2.95258970E-05 7.97255940E-06 -3.73396327E-01 3.24928499E-05 3.25220222E+01
2.14535426E+39 2.97306029E-05 7.91766547E-06 -3.73396301E-01 3.24928499E-05 3.25280235E+01
2.16022813E+39 2.99367280E-05 7.86314951E-06 -3.73396275E-01 3.24928499E-05 3.25340247E+01
2.17520512E+39 3.01442822E-05 7.80900891E-06 -3.73396249E-01 3.24928499E-05 3.25400259E+01
2.19028595E+39 3.03532753E-05 7.75524108E-06 -3.73396224E-01 3.24928499E-05 3.25460272E+01
2.20547133E+39 3.05637175E-05 7.70184348E-06 -3.73396198E-01 3.24928499E-05 3.25520284E+01
2.22076200E+39 3.07756186E-05 7.64881353E-06 -3.73396173E-01 3.24928499E-05 3.25580296E+01
2.23615867E+39 3.09889888E-05 7.59614872E-06 -3.73396148E-01 3.24928499E-05 3.25640309E+01
2.25166210E+39 3.12038384E-05 7.54384652E-06 -3.73396123E-01 3.24928499E-05 3.25700321E+01
2.26727301E+39 3.14201775E-05 7.49190445E-06 -3.73396099E-01 3.24928499E-05 3.25760333E+01
2.28299215E+39 3.16380166E-05 7.44032002E-06 -3.73396074E-01 3.24928499E-05 3.25820345E+01
2.29882027E+39 3.18573659E-05 7.38909076E-06 -3.73396050E-01 3.24928499E-05 3.25880358E+01
2.31475813E+39 3.20782359E-05 7.33821424E-06 -3.73396026E-01 3.24928499E-05 3.25940370E+01
2.33080649E+39 3.23006373E-05 7.28768803E-06 -3.73396002E-01 3.24928499E-05 3.26000382E+01
2.34696611E+39 3.25245806E-05 7.23750970E-06 -3.73395978E-01 3.24928499E-05 3.26060395E+01
2.36323777E+39 3.27500765E-05 7.18767688E-06 -3.73395954E-01 3.24928499E-05 3.26120407E+01
2.37962224E+39 3.29771358E-05 7.13818717E-06 -3.73395931E-01 3.24928499E-05 3.26180419E+01
2.39612030E+39 3.32057693E-05 7.08903822E-06 -3.73395908E-01 3.24928499E-05 3.26240431E+01
2.41273275E+39 3.34359880E-05 7.04022768E-06 -3.73395884E-01 3.24928499E-05 3.26300444E+01
2.42946037E+39 3.36678027E-05 6.99175321E-06 -3.73395861E-01 3.24928499E-05 3.26360456E+01
2.44630396E+39 3.39012247E-05 6.94361251E-06 -3.73395839E-01 3.24928499E-05 3.26420468E+01
2.46326434E+39 3.41362649E-05 6.89580328E-06 -3.73395816E-01 3.24928499E-05 3.26480480E+01
2.48034230E+39 3.43729348E-05 6.84832324E-06 -3.73395793E-01 3.24928499E-05 3.26540493E+01
2.49753866E+39 3.46112454E-05 6.80117011E-06 -3.73395771E-01 3.24928499E-05 3.26600505E+01
2.51485424E+39 3.48512083E-05 6.75434165E-06 -3.73395749E-01 3.24928499E-05 3.26660517E+01
2.53228988E+39 3.50928349E-05 6.70783562E-06 -3.73395727E-01 3.24928499E-05 3.26720530E+01
2.54984640E+39 3.53361367E-05 6.66164981E-06 -3.73395705E-01 3.24928499E-05 3.26780542E+01
2.56752464E+39 3.55811253E-05 6.61578200E-06 -3.73395683E-01 3.24928499E-05 3.26840554E+01
2.58532544E+39 3.58278124E-05 6.57023000E-06 -3.73395661E-01 3.24928499E-05 3.26900566E+01
2.60324966E+39 3.60762098E-05 6.52499166E-06 -3.73395640E-01 3.24928499E-05 3.26960579E+01
2.62129814E+39 3.63263294E-05 6.48006479E-06 -3.73395619E-01 3.24928499E-05 3.27020591E+01
2.63947176E+39 3.65781830E-05 6.43544726E-06 -3.73395597E-01 3.24928499E-05 3.27080603E+01
2.65777138E+39 3.68317828E-05 6.39113694E-06 -3.73395576E-01 3.24928499E-05 3.27140615E+01
2.67619787E+39 3.70871408E-05 6.34713172E-06 -3.73395556E-01 3.24928499E-05 3.27200628E+01
2.69475211E+39 3.73442692E-05 6.30342949E-06 -3.73395535E-01 3.24928499E-05 3.27260640E+01
2.71343499E+39 3.76031804E-05 6.26002816E-06 -3.73395514E-01 3.24928499E-05 3.27320652E+01
2.73224740E+39 3.78638865E-05 6.21692567E-06 -3.73395494E-01 3.24928499E-05 3.27380664E+01
2.75119023E+39 3.81264002E-05 6.17411995E-06 -3.73395473E-01 3.24928499E-05 3.27440677E+01
2.77026440E+39 3.83907338E-05 6.13160897E-06 -3.73395453E-01 3.24928499E-05 3.27500689E+01
2.78947081E+39 3.86569001E-05 6.08939069E-06 -3.73395433E-01 3.24928499E-05 3.27560701E+01
2.80881038E+39 3.89249118E-05 6.04746311E-06 -3.73395413E-01 3.24928499E-05 3.27620713E+01
2.82828403E+39 3.91947816E-05 6.00582420E-06 -3.73395394E-01 3.24928499E-05 3.27680725E+01
2.84789269E+39 3.94665224E-05 5.96447200E-06 -3.73395374E-01 3.24928499E-05 3.27740738E+01
2.86763731E+39 3.97401472E-05 5.92340453E-06 -3.73395354E-01 3.24928499E-05 3.27800750E+01
2.88751881E+39 4.00156691E-05 5.88261982E-06 -3.73395335E-01 3.24928499E-05 3.27860762E+01
2.90753815E+39 4.02931012E-05 5.84211592E-06 -3.73395316E-01 3.24928499E-05 3.27920774E+01
2.92769629E+39 4.05724567E-05 5.80189091E-06 -3.73395297E-01 3.24928499E-05 3.27980787E+01
2.94799418E+39 4.08537490E-05 5.76194287E-06 -3.73395278E-01 3.24928499E-05 3.28040799E+01
2.96843280E+39 4.11369916E-05 5.72226988E-06 -3.73395259E-01 3.24928499E-05 3.28100811E+01
2.98901313E+39 4.14221978E-05 5.68287006E-06 -3.73395240E-01 3.24928499E-05 3.28160823E+01
3.00973613E+39 4.17093815E-05 5.64374152E-06 -3.73395222E-01 3.24928499E-05 3.28220835E+01
3.03060282E+39 4.19985562E-05 5.60488239E-06 -3.73395203E-01 3.24928499E-05 3.28280848E+01
3.05161417E+39 4.22897357E-05 5.56629082E-06 -3.73395185E-01 3.24928499E-05 3.28340860E+01
3.07277119E+39 4.25829341E-05 5.52796497E-06 -3.73395167E-01 3.24928499E-05 3.28400872E+01
3.09407490E+39 4.28781651E-05 5.48990301E-06 -3.73395149E-01 3.24928499E-05 3.28460884E+01
3.11552631E+39 4.31754431E-05 5.45210312E-06 -3.73395131E-01 3.24928499E-05 3.28520897E+01
3.13712644E+39 4.34747821E-05 5.41456349E-06 -3.73395113E-01 3.24928499E-05 3.28580909E+01
3.15887633E+39 4.37761964E-05 5.37728234E-06 -3.73395095E-01 3.24928499E-05 3.28640921E+01
3.18077701E+39 4.40797004E-05 5.34025789E-06 -3.73395078E-01 3.24928499E-05 3.28700933E+01
3.20282953E+39 4.43853087E-05 5.30348836E-06 -3.73395060E-01 3.24928499E-05 3.28760945E+01
3.22503494E+39 4.46930357E-05 5.26697200E-06 -3.73395043E-01 3.24928499E-05 3.28820958E+01
3.24739430E+39 4.50028963E-05 5.23070707E-06 -3.73395026E-01 3.24928499E-05 3.28880970E+01
3.26990868E+39 4.53149051E-05 5.19469184E-06 -3.73395009E-01 3.24928499E-05 3.28940982E+01
3.29257915E+39 4.56290771E-05 5.15892459E-06 -3.73394992E-01 3.24928499E-05 3.29000994E+01
3.31540680E+39 4.59454273E-05 5.12340361E-06 -3.73394975E-01 3.24928499E-05 3.29061006E+01
3.33839272E+39 4.62639708E-05 5.08812720E-06 -3.73394958E-01 3.24928499E-05 3.29121019E+01
3.36153799E+39 4.65847227E-05 5.05309368E-06 -3.73394941E-01 3.24928499E-05 3.29181031E+01
3.38484374E+39 4.69076984E-05 5.01830138E-06 -3.73394925E-01 3.24928499E-05 3.29241043E+01
3.40831107E+39 4.72329133E-05 4.98374864E-06 -3.73394909E-01 3.24928499E-05 3.29301055E+01
3.43194109E+39 4.75603830E-05 4.94943381E-06 -3.73394892E-01 3.24928499E-05 3.29361067E+01
3.45573495E+39 4.78901231E-05 4.91535525E-06 -3.73394876E-01 3.24928499E-05 3.29421080E+01
3.47969376E+39 4.82221492E-05 4.88151133E-06 -3.73394860E-01 3.24928499E-05 3.29481092E+01
3.50381869E+39 4.85564773E-05 4.84790044E-06 -3.73394844E-01 3.24928499E-05 3.29541104E+01
3.52811088E+39 4.88931233E-05 4.81452098E-06 -3.73394828E-01 3.24928499E-05 3.29601116E+01
3.55257148E+39 4.92321033E-05 4.78137134E-06 -3.73394813E-01 3.24928499E-05 3.29661128E+01
3.57720167E+39 4.95734335E-05 4.74844995E-06 -3.73394797E-01 3.24928499E-05 3.29721140E+01
3.60200263E+39 4.99171302E-05 4.71575524E-06 -3.73394781E-01 3.24928499E-05 3.29781153E+01
3.62697553E+39 5.02632097E-05 4.68328564E-06 -3.73394766E-01 3.24928499E-05 3.29841165E+01
3.65212157E+39 5.06116886E-05 4.65103960E-06 -3.73394751E-01 3.24928499E-05 3.29901177E+01
3.67744195E+39 5.09625835E-05 4.61901560E-06 -3.73394735E-01 3.24928499E-05 3.29961189E+01
3.70293788E+39 5.13159112E-05 4.58721208E-06 -3.73394720E-01 3.24928499E-05 3.30021201E+01
3.72861057E+39 5.16716885E-05 4.55562755E-06 -3.73394705E-01 3.24928499E-05 3.30081214E+01
3.75446125E+39 5.20299325E-05 4.52426049E-06 -3.73394691E-01 3.24928499E-05 3.30141226E+01
3.78049116E+39 5.23906602E-05 4.49310940E-06 -3.73394676E-01 3.24928499E-05 3.30201238E+01
3.80670153E+39 5.27538888E-05 4.46217280E-06 -3.73394661E-01 3.24928499E-05 3.30261250E+01
3.83309362E+39 5.31196358E-05 4.43144921E-06 -3.73394646E-01 3.24928499E-05 3.30321262E+01
3.85966869E+39 5.34879184E-05 4.40093716E-06 -3.73394632E-01 3.24928499E-05 3.30381274E+01
3.88642800E+39 5.38587544E-05 4.37063520E-06 -3.73394618E-01 3.24928499E-05 3.30441287E+01
3.91337284E+39 5.42321615E-05 4.34054188E-06 -3.73394603E-01 3.24928499E-05 3.30501299E+01
3.94050449E+39 5.46081573E-05 4.31065576E-06 -3.73394589E-01 3.24928499E-05 3.30561311E+01
3.96782425E+39 5.49867600E-05 4.28097542E-06 -3.73394575E-01 3.24928499E-05 3.30621323E+01
3.99533341E+39 5.53679876E-05 4.25149944E-06 -3.73394561E-01 3.24928499E-05 3.30681335E+01
4.02303330E+39 5.57518582E-05 4.22222641E-06 -3.73394547E-01 3.24928499E-05 3.30741347E+01
4.05092523E+39 5.61383902E-05 4.19315493E-06 -3.73394533E-01 3.24928499E-05 3.30801360E+01
4.07901054E+39 5.65276021E-05 4.16428363E-06 -3.73394520E-01 3.24928499E-05 3.30861372E+01
4.10729057E+39 5.69195124E-05 4.13561111E-06 -3.73394506E-01 3.24928499E-05 3.30921384E+01
4.13576666E+39 5.73141399E-05 4.10713601E-06 -3.73394493E-01 3.24928499E-05 3.30981396E+01
4.16444018E+39 5.77115033E-05 4.07885698E-06 -3.73394479E-01 3.24928499E-05 3.31041408E+01
4.19331249E+39 5.81116217E-05 4.05077265E-06 -3.73394466E-01 3.24928499E-05 3.31101420E+01
4.22238498E+39 5.85145141E-05 4.02288170E-06 -3.73394453E-01 3.24928499E-05 3.31161433E+01
4.25165903E+39 5.89201998E-05 3.99518279E-06 -3.73394439E-01 3.24928499E-05 3.31221445E+01
4.28113604E+39 5.93286981E-05 3.96767459E-06 -3.73394426E-01 3.24928499E-05 3.31281457E+01
4.31081742E+39 5.97400286E-05 3.94035580E-06 -3.73394413E-01 3.24928499E-05 3.31341469E+01
4.34070457E+39 6.01542108E-05 3.91322510E-06 -3.73394401E-01 3.24928499E-05 3.31401481E+01
4.37079894E+39 6.05712646E-05 3.88628122E-06 -3.73394388E-01 3.24928499E-05 3.31461493E+01
4.40110195E+39 6.09912099E-05 3.85952284E-06 -3.73394375E-01 3.24928499E-05 3.31521505E+01
4.43161506E+39 6.14140667E-05 3.83294872E-06 -3.73394362E-01 3.24928499E-05 3.31581518E+01
4.46233971E+39 6.18398551E-05 3.80655756E-06 -3.73394350E-01 3.24928499E-05 3.31641530E+01
4.49327738E+39 6.22685956E-05 3.78034811E-06 -3.73394337E-01 3.24928499E-05 3.31701542E+01
4.52442954E+39 6.27003086E-05 3.75431913E-06 -3.73394325E-01 3.24928499E-05 3.31761554E+01
4.55579769E+39 6.31350146E-05 3.72846937E-06 -3.73394313E-01 3.24928499E-05 3.31821566E+01
4.58738331E+39 6.35727345E-05 3.70279759E-06 -3.73394301E-01 3.24928499E-05 3.31881578E+01
4.61918791E+39 6.40134892E-05 3.67730257E-06 -3.73394289E-01 3.24928499E-05 3.31941590E+01
4.65121302E+39 6.44572996E-05 3.65198309E-06 -3.73394277E-01 3.24928499E-05 3.32001603E+01
4.68346016E+39 6.49041869E-05 3.62683794E-06 -3.73394265E-01 3.24928499E-05 3.32061615E+01
4.71593087E+39 6.53541726E-05 3.60186593E-06 -3.73394253E-01 3.24928499E-05 3.32121627E+01
4.74862670E+39 6.58072781E-05 3.57706586E-06 -3.73394241E-01 3.24928499E-05 3.32181639E+01
4.78154922E+39 6.62635249E-05 3.55243655E-06 -3.73394229E-01 3.24928499E-05 3.32241651E+01
4.81469999E+39 6.67229350E-05 3.52797682E-06 -3.73394218E-01 3.24928499E-05 3.32301663E+01
4.84808059E+39 6.71855302E-05 3.50368550E-06 -3.73394206E-01 3.24928499E-05 3.32361675E+01
4.88169263E+39 6.76513325E-05 3.47956144E-06 -3.73394195E-01 3.24928499E-05 3.32421688E+01
4.91553770E+39 6.81203643E-05 3.45560348E-06 -3.73394183E-01 3.24928499E-05 3.32481700E+01
4.94961742E+39 6.85926480E-05 3.43181048E-06 -3.73394172E-01 3.24928499E-05 3.32541712E+01
4.98393341E+39 6.90682059E-05 3.40818130E-06 -3.73394161E-01 3.24928499E-05 3.32601724E+01
5.01848732E+39 6.95470610E-05 3.38471482E-06 -3.73394150E-01 3.24928499E-05 3.32661736E+01
5.05328080E+39 7.00292360E-05 3.36140991E-06 -3.73394139E-01 3.24928499E-05 3.32721748E+01
5.08831550E+39 7.05147540E-05 3.33826546E-06 -3.73394128E-01 3.24928499E-05 3.32781760E+01
5.12359309E+39 7.10036380E-05 3.31528038E-06 -3.73394117E-01 3.24928499E-05 3.32841773E+01
5.15911527E+39 7.14959116E-05 3.29245355E-06 -3.73394106E-01 3.24928499E-05 3.32901785E+01
5.19488373E+39 7.19915981E-05 3.26978389E-06 -3.73394095E-01 3.24928499E-05 3.32961797E+01
5.23090017E+39 7.24907212E-05 3.24727033E-06 -3.73394084E-01 3.24928499E-05 3.33021809E+01
5.26716632E+39 7.29933048E-05 3.22491177E-06 -3.73394074E-01 3.24928499E-05 3.33081821E+01
5.30368390E+39 7.34993728E-05 3.20270716E-06 -3.73394063E-01 3.24928499E-05 3.33141833E+01
5.34045466E+39 7.40089494E-05 3.18065544E-06 -3.73394053E-01 3.24928499E-05 3.33201845E+01
5.37748036E+39 7.45220590E-05 3.15875556E-06 -3.73394042E-01 3.24928499E-05 3.33261857E+01
5.41476275E+39 7.50387259E-05 3.13700646E-06 -3.73394032E-01 3.24928499E-05 3.33321870E+01
5.45230363E+39 7.55589750E-05 3.11540711E-06 -3.73394022E-01 3.24928499E-05 3.33381882E+01
5.49010478E+39 7.60828309E-05 3.09395648E-06 -3.73394012E-01 3.24928499E-05 3.33441894E+01
5.52816800E+39 7.66103188E-05 3.07265355E-06 -3.73394002E-01 3.24928499E-05 3.33501906E+01
5.56649513E+39 7.71414638E-05 3.05149729E-06 -3.73393992E-01 3.24928499E-05 3.33561918E+01
5.60508797E+39 7.76762913E-05 3.03048670E-06 -3.73393982E-01 3.24928499E-05 3.33621930E+01
5.64394838E+39 7.82148267E-05 3.00962078E-06 -3.73393972E-01 3.24928499E-05 3.33681942E+01
5.68307822E+39 7.87570959E-05 2.98889853E-06 -3.73393962E-01 3.24928499E-05 3.33741954E+01
5.72247934E+39 7.93031246E-05 2.96831895E-06 -3.73393952E-01 3.24928499E-05 3.33801966E+01
5.76215364E+39 7.98529390E-05 2.94788108E-06 -3.73393942E-01 3.24928499E-05 3.33861979E+01
5.80210299E+39 8.04065652E-05 2.92758393E-06 -3.73393933E-01 3.24928499E-05 3.33921991E+01
5.84232932E+39 8.09640298E-05 2.90742652E-06 -3.73393923E-01 3.24928499E-05 3.33982003E+01
5.88283455E+39 8.15253594E-05 2.88740791E-06 -3.73393914E-01 3.24928499E-05 3.34042015E+01
5.92362059E+39 8.20905806E-05 2.86752714E-06 -3.73393904E-01 3.24928499E-05 3.34102027E+01
5.96468941E+39 8.26597206E-05 2.84778325E-06 -3.73393895E-01 3.24928499E-05 3.34162039E+01
6.00604296E+39 8.32328065E-05 2.82817531E-06 -3.73393886E-01 3.24928499E-05 3.34222051E+01
6.04768322E+39 8.38098656E-05 2.80870237E-06 -3.73393876E-01 3.24928499E-05 3.34282063E+01
6.08961217E+39 8.43909255E-05 2.78936351E-06 -3.73393867E-01 3.24928499E-05 3.34342075E+01
6.13183182E+39 8.49760139E-05 2.77015780E-06 -3.73393858E-01 3.24928499E-05 3.34402088E+01
6.17434418E+39 8.55651587E-05 2.75108434E-06 -3.73393849E-01 3.24928499E-05 3.34462100E+01
6.21715128E+39 8.61583882E-05 2.73214220E-06 -3.73393840E-01 3.24928499E-05 3.34522112E+01
6.26025516E+39 8.67557305E-05 2.71333048E-06 -3.73393831E-01 3.24928499E-05 3.34582124E+01
6.30365789E+39 8.73572143E-05 2.69464829E-06 -3.73393822E-01 3.24928499E-05 3.34642136E+01
6.34736153E+39 8.79628681E-05 2.67609473E-06 -3.73393813E-01 3.24928499E-05 3.34702148E+01
6.39136817E+39 8.85727210E-05 2.65766892E-06 -3.73393805E-01 3.24928499E-05 3.34762160E+01
6.43567991E+39 8.91868021E-05 2.63936998E-06 -3.73393796E-01 3.24928499E-05 3.34822172E+01
6.48029887E+39 8.98051406E-05 2.62119703E-06 -3.73393787E-01 3.24928499E-05 3.34882184E+01
6.52522717E+39 9.04277661E-05 2.60314921E-06 -3.73393779E-01 3.24928499E-05 3.34942197E+01
6.57046696E+39 9.10547083E-05 2.58522566E-06 -3.73393770E-01 3.24928499E-05 3.35002209E+01
6.61602041E+39 9.16859971E-05 2.56742551E-06 -3.73393762E-01 3.24928499E-05 3.35062221E+01
6.66188968E+39 9.23216627E-05 2.54974793E-06 -3.73393753E-01 3.24928499E-05 3.35122233E+01
6.70807696E+39 9.29617353E-05 2.53219206E-06 -3.73393745E-01 3.24928499E-05 3.35182245E+01
6.75458446E+39 9.36062457E-05 2.51475707E-06 -3.73393737E-01 3.24928499E-05 3.35242257E+01
6.80141440E+39 9.42552245E-05 2.49744212E-06 -3.73393729E-01 3.24928499E-05 3.35302269E+01
6.84856902E+39 9.49087027E-05 2.48024640E-06 -3.73393720E-01 3.24928499E-05 3.35362281E+01
6.89605056E+39 9.55667115E-05 2.46316907E-06 -3.73393712E-01 3.24928499E-05 3.35422293E+01
6.94386129E+39 9.62292823E-05 2.44620933E-06 -3.73393704E-01 3.24928499E-05 3.35482305E+01
6.99200350E+39 9.68964467E-05 2.42936636E-06 -3.73393696E-01 3.24928499E-05 3.35542318E+01
7.04047948E+39 9.75682367E-05 2.41263936E-06 -3.73393688E-01 3.24928499E-05 3.35602330E+01
7.08929155E+39 9.82446842E-05 2.39602753E-06 -3.73393681E-01 3.24928499E-05 3.35662342E+01
7.13844204E+39 9.89258215E-05 2.37953008E-06 -3.73393673E-01 3.24928499E-05 3.35722354E+01
7.18793329E+39 9.96116812E-05 2.36314622E-06 -3.73393665E-01 3.24928499E-05 3.35782366E+01
7.23776766E+39 1.00302296E-04 2.34687517E-06 -3.73393657E-01 3.24928499E-05 3.35842378E+01
7.28794754E+39 1.00997699E-04 2.33071615E-06 -3.73393650E-01 3.24928499E-05 3.35902390E+01
7.33847532E+39 1.01697923E-04 2.31466839E-06 -3.73393642E-01 3.24928499E-05 3.35962402E+01
7.38935341E+39 1.02403002E-04 2.29873112E-06 -3.73393634E-01 3.24928499E-05 3.36022414E+01
7.44058424E+39 1.03112969E-04 2.28290359E-06 -3.73393627E-01 3.24928499E-05 3.36082426E+01
7.49217026E+39 1.03827859E-04 2.26718504E-06 -3.73393619E-01 3.24928499E-05 3.36142438E+01
7.54411393E+39 1.04547705E-04 2.25157471E-06 -3.73393612E-01 3.24928499E-05 3.36202451E+01
7.59641773E+39 1.05272541E-04 2.23607187E-06 -3.73393605E-01 3.24928499E-05 3.36262463E+01
7.64908415E+39 1.06002403E-04 2.22067577E-06 -3.73393597E-01 3.24928499E-05 3.36322475E+01
7.70211571E+39 1.06737325E-04 2.20538568E-06 -3.73393590E-01 3.24928499E-05 3.36382487E+01
7.75551494E+39 1.07477342E-04 2.19020086E-06 -3.73393583E-01 3.24928499E-05 3.36442499E+01
7.80928439E+39 1.08222490E-04 2.17512060E-06 -3.73393576E-01 3.24928499E-05 3.36502511E+01
7.86342663E+39 1.08972804E-04 2.16014417E-06 -3.73393569E-01 3.24928499E-05 3.36562523E+01
7.91794424E+39 1.09728320E-04 2.14527085E-06 -3.73393562E-01 3.24928499E-05 3.36622535E+01
7.97283983E+39 1.10489075E-04 2.13049995E-06 -3.73393555E-01 3.24928499E-05 3.36682547E+01
8.02811601E+39 1.11255103E-04 2.11583075E-06 -3.73393548E-01 3.24928499E-05 3.36742559E+01
8.08377542E+39 1.12026442E-04 2.10126255E-06 -3.73393541E-01 3.24928499E-05 3.36802571E+01
8.13982072E+39 1.12803130E-04 2.08679466E-06 -3.73393534E-01 3.24928499E-05 3.36862583E+01
8.19625459E+39 1.13585201E-04 2.07242638E-06 -3.73393527E-01 3.24928499E-05 3.36922596E+01
8.25307972E+39 1.14372696E-04 2.05815703E-06 -3.73393520E-01 3.24928499E-05 3.36982608E+01
8.31029882E+39 1.15165649E-04 2.04398594E-06 -3.73393513E-01 3.24928499E-05 3.37042620E+01
8.36791462E+39 1.15964101E-04 2.02991242E-06 -3.73393507E-01 3.24928499E-05 3.37102632E+01
8.42592987E+39 1.16768088E-04 2.01593579E-06 -3.73393500E-01 3.24928499E-05 3.37162644E+01
8.48434735E+39 1.17577649E-04 2.00205540E-06 -3.73393494E-01 3.24928499E-05 3.37222656E+01
8.54316984E+39 1.18392823E-04 1.98827059E-06 -3.73393487E-01 3.24928499E-05 3.37282668E+01
8.60240016E+39 1.19213649E-04 1.97458068E-06 -3.73393481E-01 3.24928499E-05 3.37342680E+01
8.66204111E+39 1.20040165E-04 1.96098504E-06 -3.73393474E-01 3.24928499E-05 3.37402692E+01
8.72209557E+39 1.20872412E-04 1.94748300E-06 -3.73393468E-01 3.24928499E-05 3.37462704E+01
8.78256638E+39 1.21710429E-04 1.93407394E-06 -3.73393461E-01 3.24928499E-05 3.37522716E+01
8.84345644E+39 1.22554255E-04 1.92075719E-06 -3.73393455E-01 3.24928499E-05 3.37582728E+01
8.90476866E+39 1.23403933E-04 1.90753214E-06 -3.73393449E-01 3.24928499E-05 3.37642740E+01
8.96650596E+39 1.24259500E-04 1.89439815E-06 -3.73393442E-01 3.24928499E-05 3.37702753E+01
9.02867128E+39 1.25121000E-04 1.88135459E-06 -3.73393436E-01 3.24928499E-05 3.37762765E+01
9.09126761E+39 1.25988473E-04 1.86840084E-06 -3.73393430E-01 3.24928499E-05 3.37822777E+01
9.15429791E+39 1.26861959E-04 1.85553628E-06 -3.73393424E-01 3.24928499E-05 3.37882789E+01
9.21776521E+39 1.27741502E-04 1.84276030E-06 -3.73393418E-01 3.24928499E-05 3.37942801E+01
9.28167253E+39 1.28627142E-04 1.83007228E-06 -3.73393412E-01 3.24928499E-05 3.38002813E+01
9.34602293E+39 1.29518923E-04 1.81747162E-06 -3.73393406E-01 3.24928499E-05 3.38062825E+01
9.41081947E+39 1.30416887E-04 1.80495773E-06 -3.73393400E-01 3.24928499E-05 3.38122837E+01
9.47606525E+39 1.31321076E-04 1.79253000E-06 -3.73393394E-01 3.24928499E-05 3.38182849E+01
9.54176338E+39 1.32231534E-04 1.78018783E-06 -3.73393388E-01 3.24928499E-05 3.38242861E+01
9.60791700E+39 1.33148304E-04 1.76793065E-06 -3.73393382E-01 3.24928499E-05 3.38302873E+01
9.67452927E+39 1.34071430E-04 1.75575786E-06 -3.73393377E-01 3.24928499E-05 3.38362885E+01
9.74160336E+39 1.35000957E-04 1.74366889E-06 -3.73393371E-01 3.24928499E-05 3.38422897E+01
9.80914248E+39 1.35936928E-04 1.73166315E-06 -3.73393365E-01 3.24928499E-05 3.38482909E+01
9.87714986E+39 1.36879388E-04 1.71974007E-06 -3.73393360E-01 3.24928499E-05 3.38542922E+01
9.94562873E+39 1.37828382E-04 1.70789909E-06 -3.73393354E-01 3.24928499E-05 3.38602934E+01
1.00145824E+40 1.38783955E-04 1.69613964E-06 -3.73393348E-01 3.24928499E-05 3.38662946E+01
1.00840141E+40 1.39746154E-04 1.68446116E-06 -3.73393343E-01 3.24928499E-05 3.38722958E+01
1.01539272E+40 1.40715023E-04 1.67286309E-06 -3.73393337E-01 3.24928499E-05 3.38782970E+01
1.02243249E+40 1.41690610E-04 1.66134487E-06 -3.73393332E-01 3.24928499E-05 3.38842982E+01
1.02952108E+40 1.42672961E-04 1.64990596E-06 -3.73393326E-01 3.24928499E-05 3.38902994E+01
1.03665881E+40 1.43662122E-04 1.63854581E-06 -3.73393321E-01 3.24928499E-05 3.38963006E+01
1.04384603E+40 1.44658141E-04 1.62726388E-06 -3.73393316E-01 3.24928499E-05 3.39023018E+01
1.05108308E+40 1.45661066E-04 1.61605963E-06 -3.73393310E-01 3.24928499E-05 3.39083030E+01
1.05837030E+40 1.46670944E-04 1.60493253E-06 -3.73393305E-01 3.24928499E-05 3.39143042E+01
1.06570805E+40 1.47687823E-04 1.59388203E-06 -3.73393300E-01 3.24928499E-05 3.39203054E+01
1.07309666E+40 1.48711753E-04 1.58290763E-06 -3.73393295E-01 3.24928499E-05 3.39263066E+01
1.08053651E+40 1.49742781E-04 1.57200879E-06 -3.73393289E-01 3.24928499E-05 3.39323078E+01
1.08802793E+40 1.50780958E-04 1.56118499E-06 -3.73393284E-01 3.24928499E-05 3.39383090E+01
1.09557130E+40 1.51826333E-04 1.55043571E-06 -3.73393279E-01 3.24928499E-05 3.39443103E+01
1.10316696E+40 1.52878955E-04 1.53976045E-06 -3.73393274E-01 3.24928499E-05 3.39503115E+01
1.11081528E+40 1.53938875E-04 1.52915869E-06 -3.73393269E-01 3.24928499E-05 3.39563127E+01
1.11851663E+40 1.55006143E-04 1.51862993E-06 -3.73393264E-01 3.24928499E-05 3.39623139E+01
1.12627137E+40 1.56080811E-04 1.50817366E-06 -3.73393259E-01 3.24928499E-05 3.39683151E+01
1.13407988E+40 1.57162930E-04 1.49778938E-06 -3.73393254E-01 3.24928499E-05 3.39743163E+01
1.14194252E+40 1.58252551E-04 1.48747661E-06 -3.73393249E-01 3.24928499E-05 3.39803175E+01
1.14985968E+40 1.59349727E-04 1.47723484E-06 -3.73393245E-01 3.24928499E-05 3.39863187E+01
1.15783173E+40 1.60454509E-04 1.46706359E-06 -3.73393240E-01 3.24928499E-05 3.39923199E+01
1.16585904E+40 1.61566951E-04 1.45696237E-06 -3.73393235E-01 3.24928499E-05 3.39983211E+01
1.17394201E+40 1.62687105E-04 1.44693071E-06 -3.73393230E-01 3.24928499E-05 3.40043223E+01
1.18208103E+40 1.63815026E-04 1.43696811E-06 -3.73393225E-01 3.24928499E-05 3.40103235E+01
1.19027646E+40 1.64950766E-04 1.42707411E-06 -3.73393221E-01 3.24928499E-05 3.40163247E+01
1.19852872E+40 1.66094381E-04 1.41724823E-06 -3.73393216E-01 3.24928499E-05 3.40223259E+01
1.20683819E+40 1.67245924E-04 1.40749001E-06 -3.73393211E-01 3.24928499E-05 3.40283271E+01
1.21520528E+40 1.68405451E-04 1.39779898E-06 -3.73393207E-01 3.24928499E-05 3.40343283E+01
1.22363037E+40 1.69573018E-04 1.38817467E-06 -3.73393202E-01 3.24928499E-05 3.40403295E+01
1.23211387E+40 1.70748679E-04 1.37861663E-06 -3.73393198E-01 3.24928499E-05 3.40463308E+01
1.24065619E+40 1.71932490E-04 1.36912440E-06 -3.73393193E-01 3.24928499E-05 3.40523320E+01
1.24925774E+40 1.73124510E-04 1.35969753E-06 -3.73393189E-01 3.24928499E-05 3.40583332E+01
1.25791891E+40 1.74324793E-04 1.35033556E-06 -3.73393184E-01 3.24928499E-05 3.40643344E+01
1.26664014E+40 1.75533399E-04 1.34103806E-06 -3.73393180E-01 3.24928499E-05 3.40703356E+01
1.27542183E+40 1.76750383E-04 1.33180457E-06 -3.73393175E-01 3.24928499E-05 3.40763368E+01
1.28426441E+40 1.77975806E-04 1.32263465E-06 -3.73393171E-01 3.24928499E-05 3.40823380E+01
1.29316829E+40 1.79209724E-04 1.31352788E-06 -3.73393167E-01 3.24928499E-05 3.40883392E+01
1.30213391E+40 1.80452196E-04 1.30448381E-06 -3.73393163E-01 3.24928499E-05 3.40943404E+01
1.31116168E+40 1.81703283E-04 1.29550200E-06 -3.73393158E-01 3.24928499E-05 3.41003416E+01
1.32025204E+40 1.82963044E-04 1.28658205E-06 -3.73393154E-01 3.24928499E-05 3.41063428E+01
1.32940543E+40 1.84231539E-04 1.27772350E-06 -3.73393150E-01 3.24928499E-05 3.41123440E+01
1.33862228E+40 1.85508829E-04 1.26892596E-06 -3.73393146E-01 3.24928499E-05 3.41183452E+01
1.34790303E+40 1.86794973E-04 1.26018898E-06 -3.73393142E-01 3.24928499E-05 3.41243464E+01
1.35724812E+40 1.88090035E-04 1.25151217E-06 -3.73393137E-01 3.24928499E-05 3.41303476E+01
1.36665800E+40 1.89394076E-04 1.24289509E-06 -3.73393133E-01 3.24928499E-05 3.41363488E+01
1.37613312E+40 1.90707157E-04 1.23433735E-06 -3.73393129E-01 3.24928499E-05 3.41423500E+01
1.38567394E+40 1.92029343E-04 1.22583853E-06 -3.73393125E-01 3.24928499E-05 3.41483512E+01
1.39528090E+40 1.93360695E-04 1.21739823E-06 -3.73393121E-01 3.24928499E-05 3.41543524E+01
1.40495447E+40 1.94701277E-04 1.20901604E-06 -3.73393117E-01 3.24928499E-05 3.41603536E+01
1.41469510E+40 1.96051154E-04 1.20069157E-06 -3.73393113E-01 3.24928499E-05 3.41663549E+01
1.42450327E+40 1.97410389E-04 1.19242441E-06 -3.73393109E-01 3.24928499E-05 3.41723561E+01
1.43437943E+40 1.98779049E-04 1.18421418E-06 -3.73393105E-01 3.24928499E-05 3.41783573E+01
1.44432407E+40 2.00157197E-04 1.17606048E-06 -3.73393102E-01 3.24928499E-05 3.41843585E+01
1.45433766E+40 2.01544900E-04 1.16796291E-06 -3.73393098E-01 3.24928499E-05 3.41903597E+01
1.46442067E+40 2.02942224E-04 1.15992110E-06 -3.73393094E-01 3.24928499E-05 3.41963609E+01
1.47457359E+40 2.04349235E-04 1.15193466E-06 -3.73393090E-01 3.24928499E-05 3.42023621E+01
1.48479689E+40 2.05766002E-04 1.14400322E-06 -3.73393086E-01 3.24928499E-05 3.42083633E+01
1.49509108E+40 2.07192591E-04 1.13612638E-06 -3.73393083E-01 3.24928499E-05 3.42143645E+01
1.50545664E+40 2.08629071E-04 1.12830377E-06 -3.73393079E-01 3.24928499E-05 3.42203657E+01
1.51589406E+40 2.10075510E-04 1.12053503E-06 -3.73393075E-01 3.24928499E-05 3.42263669E+01
1.52640384E+40 2.11531977E-04 1.11281978E-06 -3.73393072E-01 3.24928499E-05 3.42323681E+01
1.53698649E+40 2.12998542E-04 1.10515765E-06 -3.73393068E-01 3.24928499E-05 3.42383693E+01
1.54764251E+40 2.14475275E-04 1.09754828E-06 -3.73393064E-01 3.24928499E-05 3.42443705E+01
1.55837241E+40 2.15962246E-04 1.08999130E-06 -3.73393061E-01 3.24928499E-05 3.42503717E+01
1.56917670E+40 2.17459526E-04 1.08248635E-06 -3.73393057E-01 3.24928499E-05 3.42563729E+01
1.58005590E+40 2.18967187E-04 1.07503307E-06 -3.73393054E-01 3.24928499E-05 3.42623741E+01
1.59101052E+40 2.20485301E-04 1.06763112E-06 -3.73393050E-01 3.24928499E-05 3.42683753E+01
1.60204109E+40 2.22013940E-04 1.06028013E-06 -3.73393047E-01 3.24928499E-05 3.42743765E+01
1.61314814E+40 2.23553177E-04 1.05297975E-06 -3.73393043E-01 3.24928499E-05 3.42803777E+01
1.62433219E+40 2.25103085E-04 1.04572964E-06 -3.73393040E-01 3.24928499E-05 3.42863789E+01
1.63559379E+40 2.26663740E-04 1.03852945E-06 -3.73393036E-01 3.24928499E-05 3.42923801E+01
1.64693346E+40 2.28235214E-04 1.03137883E-06 -3.73393033E-01 3.24928499E-05 3.42983814E+01
1.65835174E+40 2.29817584E-04 1.02427745E-06 -3.73393030E-01 3.24928499E-05 3.43043826E+01
1.66984920E+40 2.31410924E-04 1.01722496E-06 -3.73393026E-01 3.24928499E-05 3.43103838E+01
1.68142636E+40 2.33015311E-04 1.01022103E-06 -3.73393023E-01 3.24928499E-05 3.43163850E+01
1.69308379E+40 2.34630821E-04 1.00326533E-06 -3.73393020E-01 3.24928499E-05 3.43223862E+01
1.70482204E+40 2.36257532E-04 9.96357518E-07 -3.73393016E-01 3.24928499E-05 3.43283874E+01
1.71664168E+40 2.37895520E-04 9.89497270E-07 -3.73393013E-01 3.24928499E-05 3.43343886E+01
1.72854326E+40 2.39544865E-04 9.82684256E-07 -3.73393010E-01 3.24928499E-05 3.43403898E+01
1.74052735E+40 2.41205645E-04 9.75918153E-07 -3.73393007E-01 3.24928499E-05 3.43463910E+01
1.75259453E+40 2.42877940E-04 9.69198636E-07 -3.73393003E-01 3.24928499E-05 3.43523922E+01
1.76474538E+40 2.44561828E-04 9.62525385E-07 -3.73393000E-01 3.24928499E-05 3.43583934E+01
1.77698046E+40 2.46257391E-04 9.55898082E-07 -3.73392997E-01 3.24928499E-05 3.43643946E+01
1.78930038E+40 2.47964709E-04 9.49316410E-07 -3.73392994E-01 3.24928499E-05 3.43703958E+01
1.80170570E+40 2.49683865E-04 9.42780055E-07 -3.73392991E-01 3.24928499E-05 3.43763970E+01
1.81419704E+40 2.51414939E-04 9.36288706E-07 -3.73392988E-01 3.24928499E-05 3.43823982E+01
1.82677498E+40 2.53158015E-04 9.29842051E-07 -3.73392985E-01 3.24928499E-05 3.43883994E+01
1.83944012E+40 2.54913176E-04 9.23439783E-07 -3.73392982E-01 3.24928499E-05 3.43944006E+01
1.85219307E+40 2.56680505E-04 9.17081598E-07 -3.73392979E-01 3.24928499E-05 3.44004018E+01
1.86503443E+40 2.58460088E-04 9.10767190E-07 -3.73392976E-01 3.24928499E-05 3.44064030E+01
1.87796483E+40 2.60252008E-04 9.04496259E-07 -3.73392973E-01 3.24928499E-05 3.44124042E+01
1.89098487E+40 2.62056352E-04 8.98268506E-07 -3.73392970E-01 3.24928499E-05 3.44184054E+01
1.90409518E+40 2.63873206E-04 8.92083633E-07 -3.73392967E-01 3.24928499E-05 3.44244066E+01
1.91729639E+40 2.65702655E-04 8.85941345E-07 -3.73392964E-01 3.24928499E-05 3.44304078E+01
1.93058912E+40 2.67544789E-04 8.79841348E-07 -3.73392961E-01 3.24928499E-05 3.44364090E+01
1.94397401E+40 2.69399694E-04 8.73783352E-07 -3.73392958E-01 3.24928499E-05 3.44424102E+01
1.95745170E+40 2.71267460E-04 8.67767068E-07 -3.73392955E-01 3.24928499E-05 3.44484114E+01
1.97102283E+40 2.73148174E-04 8.61792207E-07 -3.73392952E-01 3.24928499E-05 3.44544127E+01
1.98468805E+40 2.75041928E-04 8.55858485E-07 -3.73392950E-01 3.24928499E-05 3.44604139E+01
1.99844801E+40 2.76948811E-04 8.49965619E-07 -3.73392947E-01 3.24928499E-05 3.44664151E+01
2.01230337E+40 2.78868915E-04 8.44113327E-07 -3.73392944E-01 3.24928499E-05 3.44724163E+01
2.02625479E+40 2.80802331E-04 8.38301331E-07 -3.73392941E-01 3.24928499E-05 3.44784175E+01
2.04030294E+40 2.82749152E-04 8.32529351E-07 -3.73392939E-01 3.24928499E-05 3.44844187E+01
2.05444848E+40 2.84709470E-04 8.26797114E-07 -3.73392936E-01 3.24928499E-05 3.44904199E+01
2.06869210E+40 2.86683379E-04 8.21104345E-07 -3.73392933E-01 3.24928499E-05 3.44964211E+01
2.08303447E+40 2.88670973E-04 8.15450773E-07 -3.73392930E-01 3.24928499E-05 3.45024223E+01
2.09747627E+40 2.90672347E-04 8.09836127E-07 -3.73392928E-01 3.24928499E-05 3.45084235E+01
2.11201820E+40 2.92687597E-04 8.04260141E-07 -3.73392925E-01 3.24928499E-05 3.45144247E+01
2.12666095E+40 2.94716819E-04 7.98722546E-07 -3.73392923E-01 3.24928499E-05 3.45204259E+01
2.14140522E+40 2.96760109E-04 7.93223080E-07 -3.73392920E-01 3.24928499E-05 3.45264271E+01
2.15625171E+40 2.98817566E-04 7.87761479E-07 -3.73392917E-01 3.24928499E-05 3.45324283E+01
2.17120113E+40 3.00889287E-04 7.82337484E-07 -3.73392915E-01 3.24928499E-05 3.45384295E+01
2.18625420E+40 3.02975372E-04 7.76950834E-07 -3.73392912E-01 3.24928499E-05 3.45444307E+01
2.20141163E+40 3.05075919E-04 7.71601273E-07 -3.73392910E-01 3.24928499E-05 3.45504319E+01
2.21667415E+40 3.07191030E-04 7.66288546E-07 -3.73392907E-01 3.24928499E-05 3.45564331E+01
2.23204249E+40 3.09320805E-04 7.61012399E-07 -3.73392905E-01 3.24928499E-05 3.45624343E+01
2.24751737E+40 3.11465346E-04 7.55772579E-07 -3.73392902E-01 3.24928499E-05 3.45684355E+01
2.26309955E+40 3.13624755E-04 7.50568838E-07 -3.73392900E-01 3.24928499E-05 3.45744367E+01
2.27878975E+40 3.15799135E-04 7.45400926E-07 -3.73392897E-01 3.24928499E-05 3.45804379E+01
2.29458874E+40 3.17988591E-04 7.40268597E-07 -3.73392895E-01 3.24928499E-05 3.45864391E+01
2.31049726E+40 3.20193226E-04 7.35171605E-07 -3.73392892E-01 3.24928499E-05 3.45924403E+01
2.32651608E+40 3.22413146E-04 7.30109708E-07 -3.73392890E-01 3.24928499E-05 3.45984415E+01
2.34264595E+40 3.24648457E-04 7.25082664E-07 -3.73392888E-01 3.24928499E-05 3.46044427E+01
2.35888766E+40 3.26899265E-04 7.20090233E-07 -3.73392885E-01 3.24928499E-05 3.46104439E+01
2.37524197E+40 3.29165678E-04 7.15132176E-07 -3.73392883E-01 3.24928499E-05 3.46164451E+01
2.39170966E+40 3.31447805E-04 7.10208257E-07 -3.73392881E-01 3.24928499E-05 3.46224463E+01
2.40829153E+40 3.33745754E-04 7.05318241E-07 -3.73392878E-01 3.24928499E-05 3.46284475E+01
2.42498836E+40 3.36059634E-04 7.00461894E-07 -3.73392876E-01 3.24928499E-05 3.46344487E+01
2.44180095E+40 3.38389557E-04 6.95638985E-07 -3.73392874E-01 3.24928499E-05 3.46404500E+01
2.45873011E+40 3.40735633E-04 6.90849283E-07 -3.73392871E-01 3.24928499E-05 3.46464512E+01
2.47577663E+40 3.43097975E-04 6.86092560E-07 -3.73392869E-01 3.24928499E-05 3.46524524E+01
2.49294134E+40 3.45476695E-04 6.81368589E-07 -3.73392867E-01 3.24928499E-05 3.46584536E+01
2.51022505E+40 3.47871906E-04 6.76677143E-07 -3.73392865E-01 3.24928499E-05 3.46644548E+01
2.52762859E+40 3.50283724E-04 6.72018000E-07 -3.73392862E-01 3.24928499E-05 3.46704560E+01
2.54515279E+40 3.52712264E-04 6.67390936E-07 -3.73392860E-01 3.24928499E-05 3.46764572E+01
2.56279849E+40 3.55157640E-04 6.62795732E-07 -3.73392858E-01 3.24928499E-05 3.46824584E+01
2.58056653E+40 3.57619970E-04 6.58232167E-07 -3.73392856E-01 3.24928499E-05 3.46884596E+01
2.59845775E+40 3.60099372E-04 6.53700023E-07 -3.73392854E-01 3.24928499E-05 3.46944608E+01
2.61647301E+40 3.62595964E-04 6.49199085E-07 -3.73392852E-01 3.24928499E-05 3.47004620E+01
2.63461318E+40 3.65109865E-04 6.44729137E-07 -3.73392849E-01 3.24928499E-05 3.47064632E+01
2.65287911E+40 3.67641194E-04 6.40289966E-07 -3.73392847E-01 3.24928499E-05 3.47124644E+01
2.67127168E+40 3.70190074E-04 6.35881361E-07 -3.73392845E-01 3.24928499E-05 3.47184656E+01
2.68979177E+40 3.72756625E-04 6.31503110E-07 -3.73392843E-01 3.24928499E-05 3.47244668E+01
2.70844026E+40 3.75340970E-04 6.27155005E-07 -3.73392841E-01 3.24928499E-05 3.47304680E+01
2.72721804E+40 3.77943233E-04 6.22836838E-07 -3.73392839E-01 3.24928499E-05 3.47364692E+01
2.74612601E+40 3.80563537E-04 6.18548403E-07 -3.73392837E-01 3.24928499E-05 3.47424704E+01
2.76516506E+40 3.83202008E-04 6.14289495E-07 -3.73392835E-01 3.24928499E-05 3.47484716E+01
2.78433612E+40 3.85858772E-04 6.10059911E-07 -3.73392833E-01 3.24928499E-05 3.47544728E+01
2.80364009E+40 3.88533955E-04 6.05859449E-07 -3.73392831E-01 3.24928499E-05 3.47604740E+01
2.82307789E+40 3.91227685E-04 6.01687909E-07 -3.73392829E-01 3.24928499E-05 3.47664752E+01
2.84265046E+40 3.93940091E-04 5.97545091E-07 -3.73392827E-01 3.24928499E-05 3.47724764E+01
2.86235873E+40 3.96671303E-04 5.93430798E-07 -3.73392825E-01 3.24928499E-05 3.47784776E+01
2.88220364E+40 3.99421450E-04 5.89344834E-07 -3.73392823E-01 3.24928499E-05 3.47844788E+01
2.90218613E+40 4.02190664E-04 5.85287002E-07 -3.73392821E-01 3.24928499E-05 3.47904800E+01
2.92230716E+40 4.04979077E-04 5.81257110E-07 -3.73392819E-01 3.24928499E-05 3.47964812E+01
2.94256769E+40 4.07786822E-04 5.77254965E-07 -3.73392817E-01 3.24928499E-05 3.48024824E+01
2.96296869E+40 4.10614034E-04 5.73280376E-07 -3.73392816E-01 3.24928499E-05 3.48084836E+01
2.98351113E+40 4.13460847E-04 5.69333154E-07 -3.73392814E-01 3.24928499E-05 3.48144848E+01
3.00419599E+40 4.16327397E-04 5.65413109E-07 -3.73392812E-01 3.24928499E-05 3.48204860E+01
3.02502426E+40 4.19213821E-04 5.61520055E-07 -3.73392810E-01 3.24928499E-05 3.48264872E+01
3.04599694E+40 4.22120257E-04 5.57653807E-07 -3.73392808E-01 3.24928499E-05 3.48324884E+01
3.06711502E+40 4.25046843E-04 5.53814178E-07 -3.73392806E-01 3.24928499E-05 3.48384896E+01
3.08837951E+40 4.27993719E-04 5.50000987E-07 -3.73392804E-01 3.24928499E-05 3.48444908E+01
3.10979143E+40 4.30961027E-04 5.46214051E-07 -3.73392803E-01 3.24928499E-05 3.48504920E+01
3.13135181E+40 4.33948906E-04 5.42453189E-07 -3.73392801E-01 3.24928499E-05 3.48564932E+01
3.15306166E+40 4.36957501E-04 5.38718221E-07 -3.73392799E-01 3.24928499E-05 3.48624944E+01
3.17492202E+40 4.39986955E-04 5.35008971E-07 -3.73392797E-01 3.24928499E-05 3.48684956E+01
3.19693395E+40 4.43037412E-04 5.31325259E-07 -3.73392796E-01 3.24928499E-05 3.48744969E+01
3.21909848E+40 4.46109018E-04 5.27666912E-07 -3.73392794E-01 3.24928499E-05 3.48804981E+01
3.24141669E+40 4.49201920E-04 5.24033753E-07 -3.73392792E-01 3.24928499E-05 3.48864993E+01
3.26388963E+40 4.52316265E-04 5.20425610E-07 -3.73392790E-01 3.24928499E-05 3.48925005E+01
3.28651837E+40 4.55452202E-04 5.16842309E-07 -3.73392789E-01 3.24928499E-05 3.48985017E+01
3.30930400E+40 4.58609881E-04 5.13283682E-07 -3.73392787E-01 3.24928499E-05 3.49045029E+01
3.33224760E+40 4.61789451E-04 5.09749556E-07 -3.73392785E-01 3.24928499E-05 3.49105041E+01
3.35535028E+40 4.64991067E-04 5.06239764E-07 -3.73392784E-01 3.24928499E-05 3.49165053E+01
3.37861312E+40 4.68214879E-04 5.02754138E-07 -3.73392782E-01 3.24928499E-05 3.49225065E+01
3.40203725E+40 4.71461042E-04 4.99292512E-07 -3.73392780E-01 3.24928499E-05 3.49285077E+01
3.42562378E+40 4.74729711E-04 4.95854720E-07 -3.73392779E-01 3.24928499E-05 3.49345089E+01
3.44937384E+40 4.78021041E-04 4.92440599E-07 -3.73392777E-01 3.24928499E-05 3.49405101E+01
3.47328855E+40 4.81335191E-04 4.89049985E-07 -3.73392776E-01 3.24928499E-05 3.49465113E+01
3.49736907E+40 4.84672318E-04 4.85682716E-07 -3.73392774E-01 3.24928499E-05 3.49525125E+01
3.52161654E+40 4.88032581E-04 4.82338632E-07 -3.73392772E-01 3.24928499E-05 3.49585137E+01
3.54603212E+40 4.91416142E-04 4.79017574E-07 -3.73392771E-01 3.24928499E-05 3.49645149E+01
3.57061698E+40 4.94823160E-04 4.75719382E-07 -3.73392769E-01 3.24928499E-05 3.49705161E+01
3.59537228E+40 4.98253800E-04 4.72443899E-07 -3.73392768E-01 3.24928499E-05 3.49765173E+01
3.62029921E+40 5.01708225E-04 4.69190968E-07 -3.73392766E-01 3.24928499E-05 3.49825185E+01
3.64539896E+40 5.05186599E-04 4.65960436E-07 -3.73392765E-01 3.24928499E-05 3.49885197E+01
3.67067273E+40 5.08689090E-04 4.62752146E-07 -3.73392763E-01 3.24928499E-05 3.49945209E+01
3.69612173E+40 5.12215863E-04 4.59565947E-07 -3.73392762E-01 3.24928499E-05 3.50005221E+01
3.72174716E+40 5.15767087E-04 4.56401685E-07 -3.73392760E-01 3.24928499E-05 3.50065233E+01
3.74755026E+40 5.19342932E-04 4.53259211E-07 -3.73392759E-01 3.24928499E-05 3.50125245E+01
3.77353225E+40 5.22943569E-04 4.50138374E-07 -3.73392757E-01 3.24928499E-05 3.50185257E+01
3.79969438E+40 5.26569170E-04 4.47039024E-07 -3.73392756E-01 3.24928499E-05 3.50245269E+01
3.82603789E+40 5.30219907E-04 4.43961015E-07 -3.73392754E-01 3.24928499E-05 3.50305281E+01
3.85256404E+40 5.33895954E-04 4.40904199E-07 -3.73392753E-01 3.24928499E-05 3.50365293E+01
3.87927410E+40 5.37597488E-04 4.37868430E-07 -3.73392751E-01 3.24928499E-05 3.50425305E+01
3.90616934E+40 5.41324685E-04 4.34853563E-07 -3.73392750E-01 3.24928499E-05 3.50485317E+01
3.93325105E+40 5.45077722E-04 4.31859455E-07 -3.73392748E-01 3.24928499E-05 3.50545329E+01
3.96052051E+40 5.48856780E-04 4.28885961E-07 -3.73392747E-01 3.24928499E-05 3.50605341E+01
3.98797904E+40 5.52662038E-04 4.25932942E-07 -3.73392746E-01 3.24928499E-05 3.50665353E+01
4.01562794E+40 5.56493679E-04 4.23000255E-07 -3.73392744E-01 3.24928499E-05 3.50725365E+01
4.04346853E+40 5.60351884E-04 4.20087760E-07 -3.73392743E-01 3.24928499E-05 3.50785377E+01
4.07150214E+40 5.64236838E-04 4.17195319E-07 -3.73392741E-01 3.24928499E-05 3.50845389E+01
4.09973011E+40 5.68148727E-04 4.14322794E-07 -3.73392740E-01 3.24928499E-05 3.50905401E+01
4.12815379E+40 5.72087738E-04 4.11470046E-07 -3.73392739E-01 3.24928499E-05 3.50965413E+01
4.15677453E+40 5.76054058E-04 4.08636941E-07 -3.73392737E-01 3.24928499E-05 3.51025425E+01
4.18559370E+40 5.80047876E-04 4.05823343E-07 -3.73392736E-01 3.24928499E-05 3.51085437E+01
4.21461267E+40 5.84069384E-04 4.03029117E-07 -3.73392735E-01 3.24928499E-05 3.51145449E+01
4.24383283E+40 5.88118773E-04 4.00254130E-07 -3.73392733E-01 3.24928499E-05 3.51205461E+01
4.27325558E+40 5.92196237E-04 3.97498250E-07 -3.73392732E-01 3.24928499E-05 3.51265473E+01
4.30288232E+40 5.96301970E-04 3.94761345E-07 -3.73392731E-01 3.24928499E-05 3.51325485E+01
4.33271446E+40 6.00436169E-04 3.92043285E-07 -3.73392730E-01 3.24928499E-05 3.51385497E+01
4.36275343E+40 6.04599030E-04 3.89343939E-07 -3.73392728E-01 3.24928499E-05 3.51445509E+01
4.39300066E+40 6.08790753E-04 3.86663179E-07 -3.73392727E-01 3.24928499E-05 3.51505521E+01
4.42345760E+40 6.13011537E-04 3.84000877E-07 -3.73392726E-01 3.24928499E-05 3.51565533E+01
4.45412570E+40 6.17261584E-04 3.81356906E-07 -3.73392724E-01 3.24928499E-05 3.51625545E+01
4.48500642E+40 6.21541096E-04 3.78731140E-07 -3.73392723E-01 3.24928499E-05 3.51685557E+01
4.51610124E+40 6.25850279E-04 3.76123453E-07 -3.73392722E-01 3.24928499E-05 3.51745569E+01
4.54741165E+40 6.30189338E-04 3.73533720E-07 -3.73392721E-01 3.24928499E-05 3.51805582E+01
4.57893912E+40 6.34558480E-04 3.70961819E-07 -3.73392720E-01 3.24928499E-05 3.51865594E+01
4.61068518E+40 6.38957913E-04 3.68407626E-07 -3.73392718E-01 3.24928499E-05 3.51925606E+01
4.64265134E+40 6.43387848E-04 3.65871020E-07 -3.73392717E-01 3.24928499E-05 3.51985618E+01
4.67483912E+40 6.47848495E-04 3.63351879E-07 -3.73392716E-01 3.24928499E-05 3.52045630E+01
4.70725007E+40 6.52340069E-04 3.60850083E-07 -3.73392715E-01 3.24928499E-05 3.52105642E+01
4.73988571E+40 6.56862783E-04 3.58365512E-07 -3.73392714E-01 3.24928499E-05 3.52165654E+01
4.77274763E+40 6.61416854E-04 3.55898049E-07 -3.73392712E-01 3.24928499E-05 3.52225666E+01
4.80583737E+40 6.66002497E-04 3.53447575E-07 -3.73392711E-01 3.24928499E-05 3.52285678E+01
4.83915653E+40 6.70619934E-04 3.51013974E-07 -3.73392710E-01 3.24928499E-05 3.52345690E+01
4.87270670E+40 6.75269383E-04 3.48597128E-07 -3.73392709E-01 3.24928499E-05 3.52405702E+01
4.90648947E+40 6.79951068E-04 3.46196924E-07 -3.73392708E-01 3.24928499E-05 3.52465714E+01
4.94050645E+40 6.84665211E-04 3.43813245E-07 -3.73392707E-01 3.24928499E-05 3.52525726E+01
4.97475928E+40 6.89412037E-04 3.41445979E-07 -3.73392706E-01 3.24928499E-05 3.52585738E+01
5.00924959E+40 6.94191773E-04 3.39095012E-07 -3.73392704E-01 3.24928499E-05 3.52645750E+01
5.04397902E+40 6.99004647E-04 3.36760233E-07 -3.73392703E-01 3.24928499E-05 3.52705762E+01
5.07894923E+40 7.03850890E-04 3.34441529E-07 -3.73392702E-01 3.24928499E-05 3.52765774E+01
5.11416189E+40 7.08730731E-04 3.32138790E-07 -3.73392701E-01 3.24928499E-05 3.52825786E+01
5.14961868E+40 7.13644405E-04 3.29851907E-07 -3.73392700E-01 3.24928499E-05 3.52885798E+01
5.18532130E+40 7.18592146E-04 3.27580769E-07 -3.73392699E-01 3.24928499E-05 3.52945810E+01
5.22127144E+40 7.23574190E-04 3.25325269E-07 -3.73392698E-01 3.24928499E-05 3.53005822E+01
5.25747083E+40 7.28590774E-04 3.23085299E-07 -3.73392697E-01 3.24928499E-05 3.53065834E+01
5.29392120E+40 7.33642139E-04 3.20860751E-07 -3.73392696E-01 3.24928499E-05 3.53125846E+01
5.33062427E+40 7.38728525E-04 3.18651521E-07 -3.73392695E-01 3.24928499E-05 3.53185858E+01
5.36758181E+40 7.43850176E-04 3.16457501E-07 -3.73392694E-01 3.24928499E-05 3.53245870E+01
5.40479558E+40 7.49007335E-04 3.14278588E-07 -3.73392693E-01 3.24928499E-05 3.53305882E+01
5.44226735E+40 7.54200249E-04 3.12114678E-07 -3.73392692E-01 3.24928499E-05 3.53365894E+01
5.47999892E+40 7.59429166E-04 3.09965667E-07 -3.73392691E-01 3.24928499E-05 3.53425906E+01
5.51799208E+40 7.64694335E-04 3.07831453E-07 -3.73392690E-01 3.24928499E-05 3.53485918E+01
5.55624865E+40 7.69996008E-04 3.05711933E-07 -3.73392689E-01 3.24928499E-05 3.53545930E+01
5.59477046E+40 7.75334437E-04 3.03607007E-07 -3.73392688E-01 3.24928499E-05 3.53605942E+01
5.63355934E+40 7.80709879E-04 3.01516574E-07 -3.73392687E-01 3.24928499E-05 3.53665954E+01
5.67261715E+40 7.86122589E-04 2.99440534E-07 -3.73392686E-01 3.24928499E-05 3.53725966E+01
5.71194574E+40 7.91572825E-04 2.97378789E-07 -3.73392685E-01 3.24928499E-05 3.53785978E+01
5.75154701E+40 7.97060848E-04 2.95331239E-07 -3.73392684E-01 3.24928499E-05 3.53845990E+01
5.79142283E+40 8.02586920E-04 2.93297788E-07 -3.73392683E-01 3.24928499E-05 3.53906002E+01
5.83157511E+40 8.08151304E-04 2.91278337E-07 -3.73392682E-01 3.24928499E-05 3.53966014E+01
5.87200578E+40 8.13754267E-04 2.89272791E-07 -3.73392681E-01 3.24928499E-05 3.54026026E+01
5.91271675E+40 8.19396076E-04 2.87281054E-07 -3.73392680E-01 3.24928499E-05 3.54086038E+01
5.95370997E+40 8.25076999E-04 2.85303030E-07 -3.73392679E-01 3.24928499E-05 3.54146050E+01
5.99498740E+40 8.30797309E-04 2.83338626E-07 -3.73392678E-01 3.24928499E-05 3.54206062E+01
6.03655101E+40 8.36557277E-04 2.81387747E-07 -3.73392677E-01 3.24928499E-05 3.54266074E+01
6.07840278E+40 8.42357180E-04 2.79450301E-07 -3.73392676E-01 3.24928499E-05 3.54326086E+01
6.12054471E+40 8.48197295E-04 2.77526195E-07 -3.73392675E-01 3.24928499E-05 3.54386098E+01
6.16297882E+40 8.54077899E-04 2.75615337E-07 -3.73392674E-01 3.24928499E-05 3.54446110E+01
6.20570712E+40 8.59999273E-04 2.73717636E-07 -3.73392673E-01 3.24928499E-05 3.54506122E+01
6.24873166E+40 8.65961701E-04 2.71833001E-07 -3.73392672E-01 3.24928499E-05 3.54566134E+01
6.29205449E+40 8.71965467E-04 2.69961342E-07 -3.73392672E-01 3.24928499E-05 3.54626146E+01
6.33567769E+40 8.78010857E-04 2.68102571E-07 -3.73392671E-01 3.24928499E-05 3.54686158E+01
6.37960332E+40 8.84098160E-04 2.66256597E-07 -3.73392670E-01 3.24928499E-05 3.54746170E+01
6.42383350E+40 8.90227667E-04 2.64423334E-07 -3.73392669E-01 3.24928499E-05 3.54806182E+01
6.46837032E+40 8.96399670E-04 2.62602694E-07 -3.73392668E-01 3.24928499E-05 3.54866194E+01
6.51321592E+40 9.02614464E-04 2.60794589E-07 -3.73392667E-01 3.24928499E-05 3.54926206E+01
6.55837244E+40 9.08872345E-04 2.58998933E-07 -3.73392666E-01 3.24928499E-05 3.54986218E+01
6.60384203E+40 9.15173613E-04 2.57215641E-07 -3.73392666E-01 3.24928499E-05 3.55046230E+01
6.64962687E+40 9.21518568E-04 2.55444628E-07 -3.73392665E-01 3.24928499E-05 3.55106242E+01
6.69572913E+40 9.27907513E-04 2.53685809E-07 -3.73392664E-01 3.24928499E-05 3.55166254E+01
6.74215102E+40 9.34340753E-04 2.51939100E-07 -3.73392663E-01 3.24928499E-05 3.55226266E+01
6.78889476E+40 9.40818594E-04 2.50204417E-07 -3.73392662E-01 3.24928499E-05 3.55286278E+01
6.83596258E+40 9.47341347E-04 2.48481678E-07 -3.73392661E-01 3.24928499E-05 3.55346290E+01
6.88335672E+40 9.53909323E-04 2.46770801E-07 -3.73392661E-01 3.24928499E-05 3.55406302E+01
6.93107945E+40 9.60522835E-04 2.45071704E-07 -3.73392660E-01 3.24928499E-05 3.55466314E+01
6.97913304E+40 9.67182199E-04 2.43384306E-07 -3.73392659E-01 3.24928499E-05 3.55526326E+01
7.02751979E+40 9.73887732E-04 2.41708526E-07 -3.73392658E-01 3.24928499E-05 3.55586338E+01
7.07624201E+40 9.80639756E-04 2.40044284E-07 -3.73392657E-01 3.24928499E-05 3.55646350E+01
7.12530202E+40 9.87438591E-04 2.38391501E-07 -3.73392657E-01 3.24928499E-05 3.55706362E+01
7.17470217E+40 9.94284563E-04 2.36750098E-07 -3.73392656E-01 3.24928499E-05 3.55766374E+01
7.22444481E+40 1.00117800E-03 2.35119997E-07 -3.73392655E-01 3.24928499E-05 3.55826386E+01
7.27453232E+40 1.00811923E-03 2.33501119E-07 -3.73392654E-01 3.24928499E-05 3.55886398E+01
7.32496709E+40 1.01510858E-03 2.31893388E-07 -3.73392654E-01 3.24928499E-05 3.55946410E+01
7.37575153E+40 1.02214639E-03 2.30296727E-07 -3.73392653E-01 3.24928499E-05 3.56006422E+01
7.42688806E+40 1.02923299E-03 2.28711059E-07 -3.73392652E-01 3.24928499E-05 3.56066434E+01
7.47837912E+40 1.03636873E-03 2.27136309E-07 -3.73392651E-01 3.24928499E-05 3.56126446E+01
7.53022717E+40 1.04355394E-03 2.25572402E-07 -3.73392651E-01 3.24928499E-05 3.56186458E+01
7.58243469E+40 1.05078896E-03 2.24019262E-07 -3.73392650E-01 3.24928499E-05 3.56246471E+01
7.63500417E+40 1.05807414E-03 2.22476817E-07 -3.73392649E-01 3.24928499E-05 3.56306483E+01
7.68793811E+40 1.06540984E-03 2.20944992E-07 -3.73392648E-01 3.24928499E-05 3.56366495E+01
7.74123905E+40 1.07279639E-03 2.19423714E-07 -3.73392648E-01 3.24928499E-05 3.56426507E+01
7.79490953E+40 1.08023415E-03 2.17912910E-07 -3.73392647E-01 3.24928499E-05 3.56486519E+01
7.84895211E+40 1.08772348E-03 2.16412509E-07 -3.73392646E-01 3.24928499E-05 3.56546531E+01
7.90336936E+40 1.09526474E-03 2.14922439E-07 -3.73392645E-01 3.24928499E-05 3.56606543E+01
7.95816390E+40 1.10285827E-03 2.13442628E-07 -3.73392645E-01 3.24928499E-05 3.56666555E+01
8.01333833E+40 1.11050446E-03 2.11973006E-07 -3.73392644E-01 3.24928499E-05 3.56726567E+01
8.06889529E+40 1.11820365E-03 2.10513503E-07 -3.73392643E-01 3.24928499E-05 3.56786579E+01
8.12483743E+40 1.12595623E-03 2.09064049E-07 -3.73392643E-01 3.24928499E-05 3.56846591E+01
8.18116741E+40 1.13376255E-03 2.07624575E-07 -3.73392642E-01 3.24928499E-05 3.56906603E+01
8.23788794E+40 1.14162299E-03 2.06195013E-07 -3.73392641E-01 3.24928499E-05 3.56966615E+01
8.29500171E+40 1.14953794E-03 2.04775293E-07 -3.73392641E-01 3.24928499E-05 3.57026627E+01
8.35251146E+40 1.15750775E-03 2.03365349E-07 -3.73392640E-01 3.24928499E-05 3.57086639E+01
8.41041992E+40 1.16553283E-03 2.01965112E-07 -3.73392639E-01 3.24928499E-05 3.57146651E+01
8.46872987E+40 1.17361354E-03 2.00574517E-07 -3.73392639E-01 3.24928499E-05 3.57206663E+01
8.52744409E+40 1.18175027E-03 1.99193496E-07 -3.73392638E-01 3.24928499E-05 3.57266675E+01
8.58656537E+40 1.18994342E-03 1.97821984E-07 -3.73392637E-01 3.24928499E-05 3.57326687E+01
8.64609655E+40 1.19819337E-03 1.96459916E-07 -3.73392637E-01 3.24928499E-05 3.57386699E+01
8.70604045E+40 1.20650052E-03 1.95107225E-07 -3.73392636E-01 3.24928499E-05 3.57446711E+01
8.76639996E+40 1.21486526E-03 1.93763849E-07 -3.73392635E-01 3.24928499E-05 3.57506723E+01
8.82717794E+40 1.22328799E-03 1.92429722E-07 -3.73392635E-01 3.24928499E-05 3.57566735E+01
8.88837729E+40 1.23176912E-03 1.91104781E-07 -3.73392634E-01 3.24928499E-05 3.57626747E+01
8.95000095E+40 1.24030905E-03 1.89788962E-07 -3.73392634E-01 3.24928499E-05 3.57686759E+01
9.01205184E+40 1.24890819E-03 1.88482203E-07 -3.73392633E-01 3.24928499E-05 3.57746771E+01
9.07453294E+40 1.25756695E-03 1.87184442E-07 -3.73392632E-01 3.24928499E-05 3.57806783E+01
9.13744723E+40 1.26628574E-03 1.85895617E-07 -3.73392632E-01 3.24928499E-05 3.57866795E+01
9.20079770E+40 1.27506497E-03 1.84615665E-07 -3.73392631E-01 3.24928499E-05 3.57926807E+01
9.26458738E+40 1.28390508E-03 1.83344526E-07 -3.73392630E-01 3.24928499E-05 3.57986819E+01
9.32881933E+40 1.29280647E-03 1.82082140E-07 -3.73392630E-01 3.24928499E-05 3.58046831E+01
9.39349659E+40 1.30176958E-03 1.80828445E-07 -3.73392629E-01 3.24928499E-05 3.58106843E+01
9.45862227E+40 1.31079482E-03 1.79583382E-07 -3.73392629E-01 3.24928499E-05 3.58166855E+01
9.52419947E+40 1.31988264E-03 1.78346892E-07 -3.73392628E-01 3.24928499E-05 3.58226867E+01
9.59023132E+40 1.32903347E-03 1.77118916E-07 -3.73392628E-01 3.24928499E-05 3.58286879E+01
9.65672097E+40 1.33824774E-03 1.75899395E-07 -3.73392627E-01 3.24928499E-05 3.58346891E+01
9.72367160E+40 1.34752589E-03 1.74688271E-07 -3.73392626E-01 3.24928499E-05 3.58406903E+01
9.79108640E+40 1.35686837E-03 1.73485485E-07 -3.73392626E-01 3.24928499E-05 3.58466915E+01
9.85896859E+40 1.36627562E-03 1.72290981E-07 -3.73392625E-01 3.24928499E-05 3.58526927E+01
9.92732141E+40 1.37574810E-03 1.71104702E-07 -3.73392625E-01 3.24928499E-05 3.58586939E+01
9.99614813E+40 1.38528624E-03 1.69926590E-07 -3.73392624E-01 3.24928499E-05 3.58646951E+01
1.00654520E+41 1.39489052E-03 1.68756591E-07 -3.73392624E-01 3.24928499E-05 3.58706963E+01
1.01352364E+41 1.40456138E-03 1.67594647E-07 -3.73392623E-01 3.24928499E-05 3.58766975E+01
1.02055046E+41 1.41429929E-03 1.66440703E-07 -3.73392622E-01 3.24928499E-05 3.58826987E+01
1.02762600E+41 1.42410471E-03 1.65294705E-07 -3.73392622E-01 3.24928499E-05 3.58886999E+01
1.03475059E+41 1.43397812E-03 1.64156597E-07 -3.73392621E-01 3.24928499E-05 3.58947011E+01
1.04192458E+41 1.44391997E-03 1.63026326E-07 -3.73392621E-01 3.24928499E-05 3.59007023E+01
1.04914831E+41 1.45393076E-03 1.61903837E-07 -3.73392620E-01 3.24928499E-05 3.59067035E+01
1.05642212E+41 1.46401095E-03 1.60789076E-07 -3.73392620E-01 3.24928499E-05 3.59127047E+01
1.06374635E+41 1.47416103E-03 1.59681991E-07 -3.73392619E-01 3.24928499E-05 3.59187059E+01
1.07112137E+41 1.48438147E-03 1.58582529E-07 -3.73392619E-01 3.24928499E-05 3.59247071E+01
1.07854752E+41 1.49467278E-03 1.57490637E-07 -3.73392618E-01 3.24928499E-05 3.59307083E+01
1.08602516E+41 1.50503544E-03 1.56406262E-07 -3.73392618E-01 3.24928499E-05 3.59367095E+01
1.09355463E+41 1.51546994E-03 1.55329355E-07 -3.73392617E-01 3.24928499E-05 3.59427107E+01
1.10113631E+41 1.52597679E-03 1.54259862E-07 -3.73392617E-01 3.24928499E-05 3.59487119E+01
1.10877056E+41 1.53655648E-03 1.53197732E-07 -3.73392616E-01 3.24928499E-05 3.59547131E+01
1.11645773E+41 1.54720952E-03 1.52142916E-07 -3.73392616E-01 3.24928499E-05 3.59607143E+01
1.12419820E+41 1.55793641E-03 1.51095363E-07 -3.73392615E-01 3.24928499E-05 3.59667155E+01
1.13199233E+41 1.56873768E-03 1.50055022E-07 -3.73392615E-01 3.24928499E-05 3.59727167E+01
1.13984050E+41 1.57961384E-03 1.49021845E-07 -3.73392614E-01 3.24928499E-05 3.59787179E+01
1.14774309E+41 1.59056540E-03 1.47995781E-07 -3.73392614E-01 3.24928499E-05 3.59847191E+01
1.15570046E+41 1.60159288E-03 1.46976782E-07 -3.73392613E-01 3.24928499E-05 3.59907203E+01
1.16371300E+41 1.61269682E-03 1.45964799E-07 -3.73392613E-01 3.24928499E-05 3.59967215E+01
1.17178109E+41 1.62387775E-03 1.44959784E-07 -3.73392612E-01 3.24928499E-05 3.60027227E+01
1.17990512E+41 1.63513619E-03 1.43961689E-07 -3.73392612E-01 3.24928499E-05 3.60087239E+01
1.18808547E+41 1.64647269E-03 1.42970466E-07 -3.73392611E-01 3.24928499E-05 3.60147251E+01
1.19632254E+41 1.65788779E-03 1.41986068E-07 -3.73392611E-01 3.24928499E-05 3.60207263E+01
1.20461672E+41 1.66938202E-03 1.41008448E-07 -3.73392610E-01 3.24928499E-05 3.60267275E+01
1.21296840E+41 1.68095595E-03 1.40037559E-07 -3.73392610E-01 3.24928499E-05 3.60327287E+01
1.22137798E+41 1.69261012E-03 1.39073355E-07 -3.73392609E-01 3.24928499E-05 3.60387299E+01
1.22984587E+41 1.70434509E-03 1.38115790E-07 -3.73392609E-01 3.24928499E-05 3.60447311E+01
1.23837247E+41 1.71616142E-03 1.37164818E-07 -3.73392609E-01 3.24928499E-05 3.60507323E+01
1.24695818E+41 1.72805967E-03 1.36220393E-07 -3.73392608E-01 3.24928499E-05 3.60567335E+01
1.25560341E+41 1.74004041E-03 1.35282472E-07 -3.73392608E-01 3.24928499E-05 3.60627347E+01
1.26430859E+41 1.75210422E-03 1.34351008E-07 -3.73392607E-01 3.24928499E-05 3.60687359E+01
1.27307411E+41 1.76425166E-03 1.33425958E-07 -3.73392607E-01 3.24928499E-05 3.60747371E+01
1.28190041E+41 1.77648333E-03 1.32507277E-07 -3.73392606E-01 3.24928499E-05 3.60807383E+01
1.29078791E+41 1.78879979E-03 1.31594921E-07 -3.73392606E-01 3.24928499E-05 3.60867395E+01
1.29973702E+41 1.80120165E-03 1.30688847E-07 -3.73392605E-01 3.24928499E-05 3.60927407E+01
1.30874817E+41 1.81368949E-03 1.29789012E-07 -3.73392605E-01 3.24928499E-05 3.60987419E+01
1.31782180E+41 1.82626391E-03 1.28895373E-07 -3.73392605E-01 3.24928499E-05 3.61047431E+01
1.32695834E+41 1.83892551E-03 1.28007886E-07 -3.73392604E-01 3.24928499E-05 3.61107443E+01
1.33615822E+41 1.85167489E-03 1.27126511E-07 -3.73392604E-01 3.24928499E-05 3.61167455E+01
1.34542189E+41 1.86451267E-03 1.26251203E-07 -3.73392603E-01 3.24928499E-05 3.61227467E+01
1.35474978E+41 1.87743945E-03 1.25381923E-07 -3.73392603E-01 3.24928499E-05 3.61287479E+01
1.36414234E+41 1.89045585E-03 1.24518628E-07 -3.73392603E-01 3.24928499E-05 3.61347491E+01
1.37360002E+41 1.90356249E-03 1.23661276E-07 -3.73392602E-01 3.24928499E-05 3.61407503E+01
1.38312327E+41 1.91676001E-03 1.22809828E-07 -3.73392602E-01 3.24928499E-05 3.61467515E+01
1.39271255E+41 1.93004902E-03 1.21964243E-07 -3.73392601E-01 3.24928499E-05 3.61527527E+01
1.40236831E+41 1.94343017E-03 1.21124480E-07 -3.73392601E-01 3.24928499E-05 3.61587539E+01
1.41209101E+41 1.95690409E-03 1.20290498E-07 -3.73392601E-01 3.24928499E-05 3.61647551E+01
1.42188113E+41 1.97047142E-03 1.19462259E-07 -3.73392600E-01 3.24928499E-05 3.61707563E+01
1.43173911E+41 1.98413282E-03 1.18639723E-07 -3.73392600E-01 3.24928499E-05 3.61767575E+01
1.44166545E+41 1.99788894E-03 1.17822850E-07 -3.73392599E-01 3.24928499E-05 3.61827587E+01
1.45166060E+41 2.01174042E-03 1.17011601E-07 -3.73392599E-01 3.24928499E-05 3.61887599E+01
1.46172505E+41 2.02568794E-03 1.16205938E-07 -3.73392599E-01 3.24928499E-05 3.61947611E+01
1.47185928E+41 2.03973216E-03 1.15405823E-07 -3.73392598E-01 3.24928499E-05 3.62007623E+01
1.48206377E+41 2.05387374E-03 1.14611216E-07 -3.73392598E-01 3.24928499E-05 3.62067635E+01
1.49233901E+41 2.06811338E-03 1.13822081E-07 -3.73392597E-01 3.24928499E-05 3.62127647E+01
1.50268548E+41 2.08245173E-03 1.13038379E-07 -3.73392597E-01 3.24928499E-05 3.62187659E+01
1.51310369E+41 2.09688950E-03 1.12260073E-07 -3.73392597E-01 3.24928499E-05 3.62247671E+01
1.52359413E+41 2.11142736E-03 1.11487126E-07 -3.73392596E-01 3.24928499E-05 3.62307683E+01
1.53415730E+41 2.12606601E-03 1.10719501E-07 -3.73392596E-01 3.24928499E-05 3.62367695E+01
1.54479370E+41 2.14080616E-03 1.09957161E-07 -3.73392596E-01 3.24928499E-05 3.62427707E+01
1.55550385E+41 2.15564850E-03 1.09200071E-07 -3.73392595E-01 3.24928499E-05 3.62487719E+01
1.56628825E+41 2.17059374E-03 1.08448193E-07 -3.73392595E-01 3.24928499E-05 3.62547731E+01
1.57714742E+41 2.18564260E-03 1.07701492E-07 -3.73392595E-01 3.24928499E-05 3.62607743E+01
1.58808188E+41 2.20079579E-03 1.06959932E-07 -3.73392594E-01 3.24928499E-05 3.62667755E+01
1.59909215E+41 2.21605404E-03 1.06223478E-07 -3.73392594E-01 3.24928499E-05 3.62727767E+01
1.61017875E+41 2.23141808E-03 1.05492095E-07 -3.73392594E-01 3.24928499E-05 3.62787779E+01
1.62134222E+41 2.24688863E-03 1.04765748E-07 -3.73392593E-01 3.24928499E-05 3.62847791E+01
1.63258308E+41 2.26246645E-03 1.04044402E-07 -3.73392593E-01 3.24928499E-05 3.62907803E+01
1.64390188E+41 2.27815227E-03 1.03328022E-07 -3.73392593E-01 3.24928499E-05 3.62967815E+01
1.65529915E+41 2.29394684E-03 1.02616575E-07 -3.73392592E-01 3.24928499E-05 3.63027827E+01
1.66677544E+41 2.30985091E-03 1.01910027E-07 -3.73392592E-01 3.24928499E-05 3.63087839E+01
1.67833129E+41 2.32586524E-03 1.01208343E-07 -3.73392592E-01 3.24928499E-05 3.63147851E+01
1.68996727E+41 2.34199061E-03 1.00511491E-07 -3.73392591E-01 3.24928499E-05 3.63207863E+01
1.70168391E+41 2.35822777E-03 9.98194367E-08 -3.73392591E-01 3.24928499E-05 3.63267875E+01
1.71348179E+41 2.37457751E-03 9.91321475E-08 -3.73392591E-01 3.24928499E-05 3.63327887E+01
1.72536146E+41 2.39104060E-03 9.84495905E-08 -3.73392590E-01 3.24928499E-05 3.63387899E+01
1.73732349E+41 2.40761783E-03 9.77717332E-08 -3.73392590E-01 3.24928499E-05 3.63447911E+01
1.74936846E+41 2.42430999E-03 9.70985431E-08 -3.73392590E-01 3.24928499E-05 3.63507923E+01
1.76149694E+41 2.44111788E-03 9.64299881E-08 -3.73392589E-01 3.24928499E-05 3.63567936E+01
1.77370950E+41 2.45804230E-03 9.57660364E-08 -3.73392589E-01 3.24928499E-05 3.63627948E+01
1.78600674E+41 2.47508405E-03 9.51066562E-08 -3.73392589E-01 3.24928499E-05 3.63687960E+01
1.79838923E+41 2.49224396E-03 9.44518160E-08 -3.73392588E-01 3.24928499E-05 3.63747972E+01
1.81085757E+41 2.50952284E-03 9.38014846E-08 -3.73392588E-01 3.24928499E-05 3.63807984E+01
1.82341236E+41 2.52692151E-03 9.31556310E-08 -3.73392588E-01 3.24928499E-05 3.63867996E+01
1.83605419E+41 2.54444081E-03 9.25142242E-08 -3.73392587E-01 3.24928499E-05 3.63928008E+01
1.84878366E+41 2.56208158E-03 9.18772338E-08 -3.73392587E-01 3.24928499E-05 3.63988020E+01
1.86160139E+41 2.57984464E-03 9.12446292E-08 -3.73392587E-01 3.24928499E-05 3.64048032E+01
1.87450798E+41 2.59773086E-03 9.06163804E-08 -3.73392586E-01 3.24928499E-05 3.64108044E+01
1.88750406E+41 2.61574109E-03 8.99924572E-08 -3.73392586E-01 3.24928499E-05 3.64168056E+01
1.90059024E+41 2.63387618E-03 8.93728300E-08 -3.73392586E-01 3.24928499E-05 3.64228068E+01
1.91376715E+41 2.65213700E-03 8.87574691E-08 -3.73392586E-01 3.24928499E-05 3.64288080E+01
1.92703541E+41 2.67052443E-03 8.81463451E-08 -3.73392585E-01 3.24928499E-05 3.64348092E+01
1.94039566E+41 2.68903934E-03 8.75394289E-08 -3.73392585E-01 3.24928499E-05 3.64408104E+01
1.95384854E+41 2.70768261E-03 8.69366916E-08 -3.73392585E-01 3.24928499E-05 3.64468116E+01
1.96739469E+41 2.72645514E-03 8.63381043E-08 -3.73392584E-01 3.24928499E-05 3.64528128E+01
1.98103476E+41 2.74535782E-03 8.57436384E-08 -3.73392584E-01 3.24928499E-05 3.64588140E+01
1.99476939E+41 2.76439155E-03 8.51532657E-08 -3.73392584E-01 3.24928499E-05 3.64648152E+01
2.00859925E+41 2.78355724E-03 8.45669578E-08 -3.73392584E-01 3.24928499E-05 3.64708164E+01
2.02252499E+41 2.80285581E-03 8.39846869E-08 -3.73392583E-01 3.24928499E-05 3.64768176E+01
2.03654727E+41 2.82228818E-03 8.34064251E-08 -3.73392583E-01 3.24928499E-05 3.64828188E+01
2.05066678E+41 2.84185528E-03 8.28321448E-08 -3.73392583E-01 3.24928499E-05 3.64888200E+01
2.06488417E+41 2.86155803E-03 8.22618186E-08 -3.73392583E-01 3.24928499E-05 3.64948212E+01
2.07920014E+41 2.88139739E-03 8.16954193E-08 -3.73392582E-01 3.24928499E-05 3.65008224E+01
2.09361536E+41 2.90137429E-03 8.11329199E-08 -3.73392582E-01 3.24928499E-05 3.65068236E+01
2.10813052E+41 2.92148969E-03 8.05742934E-08 -3.73392582E-01 3.24928499E-05 3.65128248E+01
2.12274632E+41 2.94174456E-03 8.00195133E-08 -3.73392581E-01 3.24928499E-05 3.65188260E+01
2.13746345E+41 2.96213985E-03 7.94685530E-08 -3.73392581E-01 3.24928499E-05 3.65248272E+01
2.15228261E+41 2.98267655E-03 7.89213862E-08 -3.73392581E-01 3.24928499E-05 3.65308284E+01
2.16720451E+41 3.00335563E-03 7.83779869E-08 -3.73392581E-01 3.24928499E-05 3.65368296E+01
2.18222987E+41 3.02417807E-03 7.78383290E-08 -3.73392580E-01 3.24928499E-05 3.65428308E+01
2.19735941E+41 3.04514488E-03 7.73023869E-08 -3.73392580E-01 3.24928499E-05 3.65488320E+01
2.21259383E+41 3.06625706E-03 7.67701349E-08 -3.73392580E-01 3.24928499E-05 3.65548332E+01
2.22793388E+41 3.08751560E-03 7.62415476E-08 -3.73392580E-01 3.24928499E-05 3.65608344E+01
2.24338028E+41 3.10892153E-03 7.57165999E-08 -3.73392579E-01 3.24928499E-05 3.65668356E+01
2.25893377E+41 3.13047588E-03 7.51952665E-08 -3.73392579E-01 3.24928499E-05 3.65728368E+01
2.27459509E+41 3.15217966E-03 7.46775227E-08 -3.73392579E-01 3.24928499E-05 3.65788380E+01
2.29036500E+41 3.17403391E-03 7.41633438E-08 -3.73392579E-01 3.24928499E-05 3.65848392E+01
2.30624423E+41 3.19603968E-03 7.36527051E-08 -3.73392578E-01 3.24928499E-05 3.65908404E+01
2.32223356E+41 3.21819801E-03 7.31455824E-08 -3.73392578E-01 3.24928499E-05 3.65968416E+01
2.33833375E+41 3.24050998E-03 7.26419513E-08 -3.73392578E-01 3.24928499E-05 3.66028428E+01
2.35454556E+41 3.26297663E-03 7.21417879E-08 -3.73392578E-01 3.24928499E-05 3.66088440E+01
2.37086977E+41 3.28559904E-03 7.16450683E-08 -3.73392577E-01 3.24928499E-05 3.66148452E+01
2.38730715E+41 3.30837830E-03 7.11517688E-08 -3.73392577E-01 3.24928499E-05 3.66208464E+01
2.40385849E+41 3.33131549E-03 7.06618658E-08 -3.73392577E-01 3.24928499E-05 3.66268476E+01
2.42052459E+41 3.35441170E-03 7.01753360E-08 -3.73392577E-01 3.24928499E-05 3.66328488E+01
2.43730623E+41 3.37766804E-03 6.96921560E-08 -3.73392577E-01 3.24928499E-05 3.66388500E+01
2.45420422E+41 3.40108562E-03 6.92123029E-08 -3.73392576E-01 3.24928499E-05 3.66448512E+01
2.47121937E+41 3.42466555E-03 6.87357538E-08 -3.73392576E-01 3.24928499E-05 3.66508524E+01
2.48835248E+41 3.44840896E-03 6.82624858E-08 -3.73392576E-01 3.24928499E-05 3.66568536E+01
2.50560438E+41 3.47231699E-03 6.77924765E-08 -3.73392576E-01 3.24928499E-05 3.66628548E+01
2.52297588E+41 3.49639077E-03 6.73257033E-08 -3.73392575E-01 3.24928499E-05 3.66688560E+01
2.54046783E+41 3.52063146E-03 6.68621440E-08 -3.73392575E-01 3.24928499E-05 3.66748572E+01
2.55808104E+41 3.54504021E-03 6.64017765E-08 -3.73392575E-01 3.24928499E-05 3.66808584E+01
2.57581637E+41 3.56961819E-03 6.59445787E-08 -3.73392575E-01 3.24928499E-05 3.66868596E+01
2.59367466E+41 3.59436657E-03 6.54905289E-08 -3.73392575E-01 3.24928499E-05 3.66928608E+01
2.61165677E+41 3.61928653E-03 6.50396054E-08 -3.73392574E-01 3.24928499E-05 3.66988620E+01
2.62976354E+41 3.64437926E-03 6.45917866E-08 -3.73392574E-01 3.24928499E-05 3.67048632E+01
2.64799585E+41 3.66964597E-03 6.41470512E-08 -3.73392574E-01 3.24928499E-05 3.67108644E+01
2.66635457E+41 3.69508784E-03 6.37053780E-08 -3.73392574E-01 3.24928499E-05 3.67168656E+01
2.68484056E+41 3.72070611E-03 6.32667458E-08 -3.73392573E-01 3.24928499E-05 3.67228668E+01
2.70345472E+41 3.74650199E-03 6.28311338E-08 -3.73392573E-01 3.24928499E-05 3.67288680E+01
2.72219794E+41 3.77247672E-03 6.23985210E-08 -3.73392573E-01 3.24928499E-05 3.67348692E+01
2.74107110E+41 3.79863153E-03 6.19688870E-08 -3.73392573E-01 3.24928499E-05 3.67408704E+01
2.76007511E+41 3.82496767E-03 6.15422111E-08 -3.73392573E-01 3.24928499E-05 3.67468716E+01
2.77921088E+41 3.85148640E-03 6.11184731E-08 -3.73392572E-01 3.24928499E-05 3.67528728E+01
2.79847932E+41 3.87818899E-03 6.06976526E-08 -3.73392572E-01 3.24928499E-05 3.67588740E+01
2.81788134E+41 3.90507671E-03 6.02797295E-08 -3.73392572E-01 3.24928499E-05 3.67648752E+01
2.83741788E+41 3.93215084E-03 5.98646841E-08 -3.73392572E-01 3.24928499E-05 3.67708764E+01
2.85708987E+41 3.95941268E-03 5.94524963E-08 -3.73392572E-01 3.24928499E-05 3.67768776E+01
2.87689825E+41 3.98686353E-03 5.90431466E-08 -3.73392571E-01 3.24928499E-05 3.67828788E+01
2.89684396E+41 4.01450470E-03 5.86366154E-08 -3.73392571E-01 3.24928499E-05 3.67888800E+01
2.91692795E+41 4.04233750E-03 5.82328833E-08 -3.73392571E-01 3.24928499E-05 3.67948812E+01
2.93715119E+41 4.07036327E-03 5.78319310E-08 -3.73392571E-01 3.24928499E-05 3.68008824E+01
2.95751463E+41 4.09858335E-03 5.74337394E-08 -3.73392571E-01 3.24928499E-05 3.68068836E+01
2.97801926E+41 4.12699907E-03 5.70382895E-08 -3.73392571E-01 3.24928499E-05 3.68128848E+01
2.99866605E+41 4.15561181E-03 5.66455624E-08 -3.73392570E-01 3.24928499E-05 3.68188860E+01
3.01945598E+41 4.18442291E-03 5.62555393E-08 -3.73392570E-01 3.24928499E-05 3.68248872E+01
3.04039005E+41 4.21343377E-03 5.58682017E-08 -3.73392570E-01 3.24928499E-05 3.68308884E+01
3.06146926E+41 4.24264576E-03 5.54835310E-08 -3.73392570E-01 3.24928499E-05 3.68368896E+01
3.08269461E+41 4.27206028E-03 5.51015089E-08 -3.73392570E-01 3.24928499E-05 3.68428908E+01
3.10406712E+41 4.30167874E-03 5.47221172E-08 -3.73392569E-01 3.24928499E-05 3.68488920E+01
3.12558780E+41 4.33150253E-03 5.43453377E-08 -3.73392569E-01 3.24928499E-05 3.68548932E+01
3.14725769E+41 4.36153310E-03 5.39711524E-08 -3.73392569E-01 3.24928499E-05 3.68608944E+01
3.16907782E+41 4.39177188E-03 5.35995435E-08 -3.73392569E-01 3.24928499E-05 3.68668956E+01
3.19104922E+41 4.42222030E-03 5.32304933E-08 -3.73392569E-01 3.24928499E-05 3.68728968E+01
3.21317296E+41 4.45287982E-03 5.28639841E-08 -3.73392569E-01 3.24928499E-05 3.68788980E+01
3.23545008E+41 4.48375190E-03 5.24999984E-08 -3.73392568E-01 3.24928499E-05 3.68848992E+01
3.25788165E+41 4.51483803E-03 5.21385189E-08 -3.73392568E-01 3.24928499E-05 3.68909004E+01
3.28046874E+41 4.54613967E-03 5.17795283E-08 -3.73392568E-01 3.24928499E-05 3.68969016E+01
3.30321243E+41 4.57765833E-03 5.14230095E-08 -3.73392568E-01 3.24928499E-05 3.69029028E+01
3.32611380E+41 4.60939551E-03 5.10689454E-08 -3.73392568E-01 3.24928499E-05 3.69089040E+01
3.34917395E+41 4.64135273E-03 5.07173192E-08 -3.73392568E-01 3.24928499E-05 3.69149052E+01
3.37239397E+41 4.67353151E-03 5.03681140E-08 -3.73392567E-01 3.24928499E-05 3.69209064E+01
3.39577498E+41 4.70593339E-03 5.00213132E-08 -3.73392567E-01 3.24928499E-05 3.69269076E+01
3.41931810E+41 4.73855991E-03 4.96769003E-08 -3.73392567E-01 3.24928499E-05 3.69329088E+01
3.44302443E+41 4.77141263E-03 4.93348587E-08 -3.73392567E-01 3.24928499E-05 3.69389100E+01
3.46689513E+41 4.80449312E-03 4.89951722E-08 -3.73392567E-01 3.24928499E-05 3.69449112E+01
3.49093132E+41 4.83780296E-03 4.86578246E-08 -3.73392567E-01 3.24928499E-05 3.69509124E+01
3.51513416E+41 4.87134374E-03 4.83227997E-08 -3.73392566E-01 3.24928499E-05 3.69569136E+01
3.53950480E+41 4.90511707E-03 4.79900815E-08 -3.73392566E-01 3.24928499E-05 3.69629148E+01
3.56404440E+41 4.93912454E-03 4.76596543E-08 -3.73392566E-01 3.24928499E-05 3.69689160E+01
3.58875413E+41 4.97336779E-03 4.73315021E-08 -3.73392566E-01 3.24928499E-05 3.69749172E+01
3.61363518E+41 5.00784845E-03 4.70056094E-08 -3.73392566E-01 3.24928499E-05 3.69809184E+01
3.63868873E+41 5.04256816E-03 4.66819605E-08 -3.73392566E-01 3.24928499E-05 3.69869196E+01
3.66391598E+41 5.07752859E-03 4.63605401E-08 -3.73392565E-01 3.24928499E-05 3.69929208E+01
3.68931813E+41 5.11273141E-03 4.60413327E-08 -3.73392565E-01 3.24928499E-05 3.69989220E+01
3.71489639E+41 5.14817828E-03 4.57243232E-08 -3.73392565E-01 3.24928499E-05 3.70049232E+01
3.74065199E+41 5.18387091E-03 4.54094965E-08 -3.73392565E-01 3.24928499E-05 3.70109244E+01
3.76658616E+41 5.21981100E-03 4.50968374E-08 -3.73392565E-01 3.24928499E-05 3.70169256E+01
3.79270013E+41 5.25600027E-03 4.47863310E-08 -3.73392565E-01 3.24928499E-05 3.70229268E+01
3.81899515E+41 5.29244044E-03 4.44779626E-08 -3.73392565E-01 3.24928499E-05 3.70289280E+01
3.84547247E+41 5.32913325E-03 4.41717174E-08 -3.73392564E-01 3.24928499E-05 3.70349292E+01
3.87213336E+41 5.36608045E-03 4.38675808E-08 -3.73392564E-01 3.24928499E-05 3.70409304E+01
3.89897910E+41 5.40328381E-03 4.35655383E-08 -3.73392564E-01 3.24928499E-05 3.70469316E+01
3.92601095E+41 5.44074510E-03 4.32655755E-08 -3.73392564E-01 3.24928499E-05 3.70529328E+01
3.95323023E+41 5.47846612E-03 4.29676780E-08 -3.73392564E-01 3.24928499E-05 3.70589340E+01
3.98063821E+41 5.51644865E-03 4.26718316E-08 -3.73392564E-01 3.24928499E-05 3.70649352E+01
4.00823621E+41 5.55469453E-03 4.23780222E-08 -3.73392564E-01 3.24928499E-05 3.70709364E+01
4.03602556E+41 5.59320556E-03 4.20862358E-08 -3.73392563E-01 3.24928499E-05 3.70769376E+01
4.06400756E+41 5.63198359E-03 4.17964584E-08 -3.73392563E-01 3.24928499E-05 3.70829388E+01
4.09218357E+41 5.67103047E-03 4.15086762E-08 -3.73392563E-01 3.24928499E-05 3.70889400E+01
4.12055493E+41 5.71034807E-03 4.12228756E-08 -3.73392563E-01 3.24928499E-05 3.70949412E+01
4.14912298E+41 5.74993826E-03 4.09390427E-08 -3.73392563E-01 3.24928499E-05 3.71009424E+01
4.17788910E+41 5.78980293E-03 4.06571641E-08 -3.73392563E-01 3.24928499E-05 3.71069436E+01
4.20685466E+41 5.82994398E-03 4.03772264E-08 -3.73392563E-01 3.24928499E-05 3.71129448E+01
4.23602104E+41 5.87036334E-03 4.00992161E-08 -3.73392563E-01 3.24928499E-05 3.71189460E+01
4.26538963E+41 5.91106292E-03 3.98231200E-08 -3.73392562E-01 3.24928499E-05 3.71249472E+01
4.29496183E+41 5.95204468E-03 3.95489249E-08 -3.73392562E-01 3.24928499E-05 3.71309484E+01
4.32473906E+41 5.99331056E-03 3.92766177E-08 -3.73392562E-01 3.24928499E-05 3.71369496E+01
4.35472274E+41 6.03486255E-03 3.90061855E-08 -3.73392562E-01 3.24928499E-05 3.71429508E+01
4.38491429E+41 6.07670261E-03 3.87376153E-08 -3.73392562E-01 3.24928499E-05 3.71489520E+01
4.41531517E+41 6.11883276E-03 3.84708942E-08 -3.73392562E-01 3.24928499E-05 3.71549532E+01
4.44592681E+41 6.16125500E-03 3.82060097E-08 -3.73392562E-01 3.24928499E-05 3.71609544E+01
4.47675069E+41 6.20397135E-03 3.79429489E-08 -3.73392561E-01 3.24928499E-05 3.71669556E+01
4.50778827E+41 6.24698386E-03 3.76816994E-08 -3.73392561E-01 3.24928499E-05 3.71729568E+01
4.53904104E+41 6.29029457E-03 3.74222487E-08 -3.73392561E-01 3.24928499E-05 3.71789580E+01
4.57051049E+41 6.33390557E-03 3.71645844E-08 -3.73392561E-01 3.24928499E-05 3.71849592E+01
4.60219811E+41 6.37781892E-03 3.69086942E-08 -3.73392561E-01 3.24928499E-05 3.71909604E+01
4.63410543E+41 6.42203672E-03 3.66545659E-08 -3.73392561E-01 3.24928499E-05 3.71969616E+01
4.66623396E+41 6.46656109E-03 3.64021873E-08 -3.73392561E-01 3.24928499E-05 3.72029628E+01
4.69858524E+41 6.51139415E-03 3.61515464E-08 -3.73392561E-01 3.24928499E-05 3.72089640E+01
4.73116082E+41 6.55653804E-03 3.59026313E-08 -3.73392561E-01 3.24928499E-05 3.72149652E+01
4.76396224E+41 6.60199491E-03 3.56554301E-08 -3.73392560E-01 3.24928499E-05 3.72209664E+01
4.79699108E+41 6.64776694E-03 3.54099309E-08 -3.73392560E-01 3.24928499E-05 3.72269676E+01
4.83024890E+41 6.69385631E-03 3.51661220E-08 -3.73392560E-01 3.24928499E-05 3.72329688E+01
4.86373731E+41 6.74026522E-03 3.49239919E-08 -3.73392560E-01 3.24928499E-05 3.72389700E+01
4.89745789E+41 6.78699589E-03 3.46835289E-08 -3.73392560E-01 3.24928499E-05 3.72449712E+01
4.93141227E+41 6.83405054E-03 3.44447215E-08 -3.73392560E-01 3.24928499E-05 3.72509724E+01
4.96560204E+41 6.88143143E-03 3.42075585E-08 -3.73392560E-01 3.24928499E-05 3.72569736E+01
5.00002886E+41 6.92914081E-03 3.39720284E-08 -3.73392560E-01 3.24928499E-05 3.72629748E+01
5.03469436E+41 6.97718096E-03 3.37381199E-08 -3.73392559E-01 3.24928499E-05 3.72689760E+01
5.06960020E+41 7.02555417E-03 3.35058220E-08 -3.73392559E-01 3.24928499E-05 3.72749772E+01
5.10474805E+41 7.07426277E-03 3.32751236E-08 -3.73392559E-01 3.24928499E-05 3.72809784E+01
5.14013957E+41 7.12330906E-03 3.30460136E-08 -3.73392559E-01 3.24928499E-05 3.72869796E+01
5.17577647E+41 7.17269539E-03 3.28184811E-08 -3.73392559E-01 3.24928499E-05 3.72929808E+01
5.21166044E+41 7.22242412E-03 3.25925152E-08 -3.73392559E-01 3.24928499E-05 3.72989820E+01
5.24779320E+41 7.27249762E-03 3.23681052E-08 -3.73392559E-01 3.24928499E-05 3.73049832E+01
5.28417646E+41 7.32291829E-03 3.21452403E-08 -3.73392559E-01 3.24928499E-05 3.73109844E+01
5.32081198E+41 7.37368852E-03 3.19239099E-08 -3.73392559E-01 3.24928499E-05 3.73169856E+01
5.35770149E+41 7.42481075E-03 3.17041034E-08 -3.73392559E-01 3.24928499E-05 3.73229868E+01
5.39484675E+41 7.47628741E-03 3.14858104E-08 -3.73392558E-01 3.24928499E-05 3.73289880E+01
5.43224955E+41 7.52812096E-03 3.12690204E-08 -3.73392558E-01 3.24928499E-05 3.73349892E+01
5.46991166E+41 7.58031388E-03 3.10537231E-08 -3.73392558E-01 3.24928499E-05 3.73409904E+01
5.50783489E+41 7.63286865E-03 3.08399081E-08 -3.73392558E-01 3.24928499E-05 3.73469916E+01
5.54602104E+41 7.68578779E-03 3.06275653E-08 -3.73392558E-01 3.24928499E-05 3.73529928E+01
5.58447194E+41 7.73907382E-03 3.04166846E-08 -3.73392558E-01 3.24928499E-05 3.73589940E+01
5.62318942E+41 7.79272929E-03 3.02072559E-08 -3.73392558E-01 3.24928499E-05 3.73649952E+01
5.66217533E+41 7.84675675E-03 2.99992692E-08 -3.73392558E-01 3.24928499E-05 3.73709964E+01
5.70143154E+41 7.90115879E-03 2.97927145E-08 -3.73392558E-01 3.24928499E-05 3.73769976E+01
5.74095990E+41 7.95593800E-03 2.95875820E-08 -3.73392558E-01 3.24928499E-05 3.73829988E+01
5.78076232E+41 8.01109700E-03 2.93838619E-08 -3.73392557E-01 3.24928499E-05 3.73890000E+01
5.82084070E+41 8.06663842E-03 2.91815445E-08 -3.73392557E-01 3.24928499E-05 3.73950012E+01
5.86119694E+41 8.12256491E-03 2.89806201E-08 -3.73392557E-01 3.24928499E-05 3.74010024E+01
5.90183297E+41 8.17887915E-03 2.87810791E-08 -3.73392557E-01 3.24928499E-05 3.74070036E+01
5.94275073E+41 8.23558381E-03 2.85829121E-08 -3.73392557E-01 3.24928499E-05 3.74130048E+01
5.98395218E+41 8.29268161E-03 2.83861095E-08 -3.73392557E-01 3.24928499E-05 3.74190060E+01
6.02543928E+41 8.35017527E-03 2.81906619E-08 -3.73392557E-01 3.24928499E-05 3.74250072E+01
6.06721402E+41 8.40806754E-03 2.79965601E-08 -3.73392557E-01 3.24928499E-05 3.74310084E+01
6.10927838E+41 8.46636118E-03 2.78037947E-08 -3.73392557E-01 3.24928499E-05 3.74370096E+01
6.15163437E+41 8.52505897E-03 2.76123565E-08 -3.73392557E-01 3.24928499E-05 3.74430108E+01
6.19428402E+41 8.58416372E-03 2.74222365E-08 -3.73392556E-01 3.24928499E-05 3.74490120E+01
6.23722937E+41 8.64367825E-03 2.72334255E-08 -3.73392556E-01 3.24928499E-05 3.74550132E+01
6.28047245E+41 8.70360539E-03 2.70459146E-08 -3.73392556E-01 3.24928499E-05 3.74610144E+01
6.32401535E+41 8.76394801E-03 2.68596947E-08 -3.73392556E-01 3.24928499E-05 3.74670156E+01
6.36786013E+41 8.82470899E-03 2.66747570E-08 -3.73392556E-01 3.24928499E-05 3.74730168E+01
6.41200889E+41 8.88589123E-03 2.64910926E-08 -3.73392556E-01 3.24928499E-05 3.74790180E+01
6.45646373E+41 8.94749765E-03 2.63086929E-08 -3.73392556E-01 3.24928499E-05 3.74850192E+01
6.50122678E+41 9.00953119E-03 2.61275490E-08 -3.73392556E-01 3.24928499E-05 3.74910204E+01
6.54630018E+41 9.07199482E-03 2.59476524E-08 -3.73392556E-01 3.24928499E-05 3.74970216E+01
6.59168607E+41 9.13489151E-03 2.57689944E-08 -3.73392556E-01 3.24928499E-05 3.75030228E+01
6.63738663E+41 9.19822426E-03 2.55915665E-08 -3.73392556E-01 3.24928499E-05 3.75090240E+01
6.68340403E+41 9.26199610E-03 2.54153603E-08 -3.73392556E-01 3.24928499E-05 3.75150252E+01
6.72974047E+41 9.32621008E-03 2.52403673E-08 -3.73392555E-01 3.24928499E-05 3.75210264E+01
6.77639817E+41 9.39086926E-03 2.50665792E-08 -3.73392555E-01 3.24928499E-05 3.75270276E+01
6.82337935E+41 9.45597672E-03 2.48939877E-08 -3.73392555E-01 3.24928499E-05 3.75330288E+01
6.87068625E+41 9.52153558E-03 2.47225845E-08 -3.73392555E-01 3.24928499E-05 3.75390300E+01
6.91832113E+41 9.58754896E-03 2.45523615E-08 -3.73392555E-01 3.24928499E-05 3.75450312E+01
6.96628627E+41 9.65402002E-03 2.43833105E-08 -3.73392555E-01 3.24928499E-05 3.75510324E+01
7.01458395E+41 9.72095192E-03 2.42154235E-08 -3.73392555E-01 3.24928499E-05 3.75570336E+01
7.06321648E+41 9.78834787E-03 2.40486925E-08 -3.73392555E-01 3.24928499E-05 3.75630348E+01
7.11218619E+41 9.85621107E-03 2.38831095E-08 -3.73392555E-01 3.24928499E-05 3.75690360E+01
7.16149540E+41 9.92454478E-03 2.37186665E-08 -3.73392555E-01 3.24928499E-05 3.75750372E+01
7.21114648E+41 9.99335225E-03 2.35553558E-08 -3.73392555E-01 3.24928499E-05 3.75810384E+01
7.26114180E+41 1.00626368E-02 2.33931695E-08 -3.73392555E-01 3.24928499E-05 3.75870396E+01
7.31148373E+41 1.01324016E-02 2.32321000E-08 -3.73392554E-01 3.24928499E-05 3.75930408E+01
7.36217469E+41 1.02026502E-02 2.30721395E-08 -3.73392554E-01 3.24928499E-05 3.75990420E+01
7.41321709E+41 1.02733858E-02 2.29132803E-08 -3.73392554E-01 3.24928499E-05 3.76050432E+01
7.46461337E+41 1.03446118E-02 2.27555149E-08 -3.73392554E-01 3.24928499E-05 3.76110444E+01
7.51636598E+41 1.04163316E-02 2.25988359E-08 -3.73392554E-01 3.24928499E-05 3.76170456E+01
7.56847740E+41 1.04885487E-02 2.24432355E-08 -3.73392554E-01 3.24928499E-05 3.76230468E+01
7.62095011E+41 1.05612664E-02 2.22887066E-08 -3.73392554E-01 3.24928499E-05 3.76290480E+01
7.67378662E+41 1.06344883E-02 2.21352416E-08 -3.73392554E-01 3.24928499E-05 3.76350492E+01
7.72698944E+41 1.07082178E-02 2.19828333E-08 -3.73392554E-01 3.24928499E-05 3.76410504E+01
7.78056113E+41 1.07824586E-02 2.18314744E-08 -3.73392554E-01 3.24928499E-05 3.76470516E+01
7.83450422E+41 1.08572140E-02 2.16811576E-08 -3.73392554E-01 3.24928499E-05 3.76530528E+01
7.88882131E+41 1.09324877E-02 2.15318758E-08 -3.73392554E-01 3.24928499E-05 3.76590540E+01
7.94351499E+41 1.10082833E-02 2.13836219E-08 -3.73392554E-01 3.24928499E-05 3.76650552E+01
7.99858786E+41 1.10846044E-02 2.12363887E-08 -3.73392554E-01 3.24928499E-05 3.76710564E+01
8.05404255E+41 1.11614546E-02 2.10901693E-08 -3.73392553E-01 3.24928499E-05 3.76770576E+01
8.10988171E+41 1.12388377E-02 2.09449567E-08 -3.73392553E-01 3.24928499E-05 3.76830588E+01
8.16610801E+41 1.13167572E-02 2.08007438E-08 -3.73392553E-01 3.24928499E-05 3.76890600E+01
8.22272413E+41 1.13952170E-02 2.06575240E-08 -3.73392553E-01 3.24928499E-05 3.76950612E+01
8.27973277E+41 1.14742207E-02 2.05152902E-08 -3.73392553E-01 3.24928499E-05 3.77010624E+01
8.33713666E+41 1.15537722E-02 2.03740358E-08 -3.73392553E-01 3.24928499E-05 3.77070636E+01
8.39493853E+41 1.16338752E-02 2.02337540E-08 -3.73392553E-01 3.24928499E-05 3.77130648E+01
8.45314114E+41 1.17145335E-02 2.00944380E-08 -3.73392553E-01 3.24928499E-05 3.77190660E+01
8.51174728E+41 1.17957511E-02 1.99560813E-08 -3.73392553E-01 3.24928499E-05 3.77250672E+01
8.57075973E+41 1.18775317E-02 1.98186772E-08 -3.73392553E-01 3.24928499E-05 3.77310684E+01
8.63018133E+41 1.19598794E-02 1.96822192E-08 -3.73392553E-01 3.24928499E-05 3.77370696E+01
8.69001490E+41 1.20427980E-02 1.95467008E-08 -3.73392553E-01 3.24928499E-05 3.77430708E+01
8.75026329E+41 1.21262914E-02 1.94121154E-08 -3.73392553E-01 3.24928499E-05 3.77490720E+01
8.81092939E+41 1.22103637E-02 1.92784567E-08 -3.73392553E-01 3.24928499E-05 3.77550732E+01
8.87201610E+41 1.22950189E-02 1.91457183E-08 -3.73392553E-01 3.24928499E-05 3.77610744E+01
8.93352632E+41 1.23802610E-02 1.90138938E-08 -3.73392552E-01 3.24928499E-05 3.77670756E+01
8.99546300E+41 1.24660941E-02 1.88829770E-08 -3.73392552E-01 3.24928499E-05 3.77730768E+01
9.05782908E+41 1.25525223E-02 1.87529616E-08 -3.73392552E-01 3.24928499E-05 3.77790781E+01
9.12062756E+41 1.26395497E-02 1.86238413E-08 -3.73392552E-01 3.24928499E-05 3.77850793E+01
